timestamp,tilt X,tilt Y,alpha,beta,xC_det7,yC_det7,Centroid_det7,xC_det8,yC_det8,Centroid_det8,xC_det17,yC_det17,Centroid_det17
2024-099-00:08:21.200000000,0,90.142888,0.142888,0,0.000382576349548435,0.349272537863082,0.349272747390892,0.00104167310004901,-0.293000948379216,0.293002800044585,-0.00274534738340684,0.0711500252827056,0.0712029706542165
2024-099-00:08:21.300000000,0.00759680917582802,90.133955760744,0.134171,3.245846,0.000473435029851268,0.345368382295458,0.345368706790452,0.00012188690675533,-0.247990813610093,0.247990843563656,-0.00289567030265952,0.0756430355115566,0.07569843940204
2024-099-00:08:21.400000000,0.014287514142843,90.1268599760255,0.127662,6.425824,0.00122850832794332,0.3448562055457,0.344858393744578,0.000302222640327704,-0.203511635189722,0.203511859595746,-0.0028487869659481,0.0846570766214464,0.0847049951848579
2024-099-00:08:21.500000000,0.0234279217456701,90.1207777634196,0.123029,10.977655,0.00107384935268863,0.337606118236268,0.337607826068936,0.000339183542900433,-0.174247430335198,0.174247760455897,-0.00293290882464111,0.0939697037410698,0.0940154624269758
2024-099-00:08:21.600000000,0.0387208294316816,90.1146794705702,0.12104,18.656957,0.000226963168085738,0.334149988763773,0.334150065843341,-0.000218195999372771,-0.144156016522855,0.144156181654592,-0.00304348249984537,0.106261436708346,0.106305012661909
2024-099-00:08:21.700000000,0.0551617295814975,90.1095230760877,0.12263,26.732312,-2.33387676346027e-05,0.330874809772475,0.330874810595593,-0.000150258554614556,-0.116553816032102,0.116553912887034,-0.00310584623944791,0.111865466300983,0.111908573539294
2024-099-00:08:21.800000000,0.0678123421428751,90.1059700315964,0.12581,32.616018,-0.000152549252730833,0.327987971678663,0.327988007154466,-8.2329789430809e-05,-0.0962820648640444,0.0962821000637101,-0.00308905716803385,0.110616086688561,0.110659210680714
2024-099-00:08:21.900000000,0.0776318347463257,90.1035861453292,0.129448,36.849472,-0.00035730200390326,0.325176378266832,0.325176574567505,-0.000254995163358701,-0.0768530194538918,0.0768534424844692,-0.00305114187811262,0.106255437794463,0.106299235781135
2024-099-00:08:22.000000000,0.0856271599369616,90.1020044588606,0.13318,40.011655,-0.000197110678681553,0.322803730814653,0.32280379099459,-9.05725118413202e-05,-0.061416567326152,0.0614166341108634,-0.0029780943401056,0.101368286750564,0.10141202396483
2024-099-00:08:22.100000000,0.0792126704384135,90.0927221910905,0.121951,40.507332,-4.17633264562111e-08,0.31902598908382,0.319025989083822,-3.13725374761245e-05,-0.0406835840691884,0.0406835961654182,-0.00294922315313518,0.0962305572855404,0.0962757397930167
2024-099-00:08:22.200000000,0.0455748047457032,90.0670674264456,0.081087,34.197574,2.02769047048712e-05,0.308565116931748,0.308565117597981,2.0733269954543e-05,-0.00275668540175818,0.00275676336901622,-0.00287424070563758,0.0933551321314364,0.0933993680648424
2024-099-00:08:22.300000000,0.00378124225038124,90.0371983105672,0.03739,5.804232,0.000485859664819444,0.299795882571903,0.299796276272205,0.0003967482334345,0.0199227923169396,0.0199267424047344,-0.00279020939127509,0.0883758590172948,0.088419894398783
2024-099-00:08:22.400000000,0.0274612772249733,90.015408938716,0.031489,60.702559,0.000389860417594887,0.277521564663119,0.277521838499623,0.000325352135104952,0.0265215455469792,0.0265235410948899,-0.00258916267891722,0.0816940236748131,0.0817350430816478
2024-099-00:08:22.500000000,0.0511799348044382,89.9992799315648,0.051185,90.806061,0.000164571701859692,0.248966881391471,0.248966935783931,0.000141740258069745,0.0235316962668179,0.0235321231403911,-0.00236655738808205,0.0759463571164082,0.0759832202076491
2024-099-00:08:22.600000000,0.0706032993908098,89.9864276374802,0.071896,100.881456,9.42907750441323e-05,0.218513201447253,0.218513221790989,8.37191613376831e-05,0.015172736329391,0.01517296729777,-0.00216229847342755,0.0702388807673873,0.0702721559804695
2024-099-00:08:22.700000000,0.0900208595003938,89.9781654537922,0.092631,103.633781,0.000222541720420899,0.190223614281456,0.190223744456673,0.000188442382121266,0.00449381962987542,0.00449776893550938,-0.00199594506482854,0.0641676166300332,0.0641986512372396
2024-099-00:08:22.800000000,0.113846336314408,89.975737459088,0.116403,102.03068,9.12183916374006e-05,0.164905613178897,0.164905638407857,8.53615032050138e-05,-0.00598258430363981,0.00598319325581138,-0.0018005104837635,0.0587578475606938,0.0587854275136949
2024-099-00:08:22.900000000,0.136939227161693,89.9767735039973,0.138895,99.626403,0.000150549556535714,0.142406656802937,0.142406736381951,0.00013594937166318,-0.015229339777807,0.0152299465625966,-0.00165968066930994,0.0541855706484793,0.0542109823414538
2024-099-00:08:23.000000000,0.154029696136949,89.9787984407452,0.155482,97.837263,0.00028476386009792,0.124264098875901,0.124264425158192,0.000254639198674215,-0.0222220547048169,0.0222235135931602,-0.00155227526056682,0.0502999591679694,0.0503239053610107
2024-099-00:08:23.100000000,0.166521156851981,89.9815966986855,0.167535,96.306507,-4.15146406255229e-05,0.108268867313309,0.1082688752725,-3.06068224564313e-05,-0.0277610026794502,0.0277610195516307,-0.00136985183586998,0.0466675756732794,0.0466876762462376
2024-099-00:08:23.200000000,0.175825764836015,89.984923031658,0.176471,94.901079,-5.26527153537765e-06,0.0956318343570133,0.0956318345019602,4.47721492902474e-07,-0.031283425051105,0.0312834250543088,-0.00128548369764951,0.044095011348353,0.0441137449571934
2024-099-00:08:23.300000000,0.182922892754204,89.9867381632875,0.183403,94.146652,-7.10944008796418e-05,0.0846664297004703,0.0846664595494491,-5.94161239055482e-05,-0.0342425727970801,0.0342426243450923,-0.00119393346584988,0.0419330282221741,0.0419500218474618
2024-099-00:08:23.400000000,0.188778369524875,89.9846180862147,0.189404,94.658229,-1.69703251385916e-06,0.0741137692857389,0.0741137693051679,2.17558264453409e-06,-0.0375124738206941,0.0375124738837819,-0.00112314234246056,0.0396550075407723,0.0396709096414506
2024-099-00:08:23.600000000,0.195703512848385,89.9782356943384,0.19691,96.345798,-5.95544226329214e-06,0.0535071547815853,0.053507155113011,-1.0176861809906e-05,-0.0460257626454292,0.0460257637705438,-0.000951134786767902,0.0348968115066168,0.0349097709919579
2024-099-00:08:23.700000000,0.196925517721992,89.9759967204817,0.198383,96.949482,0.000196163616313326,0.0439131072372614,0.0439135453749249,0.000171919082383579,-0.0507667878299156,0.0507670789265894,-0.000911382919687909,0.032570246928098,0.0325829956232323
2024-099-00:08:23.800000000,0.197184986600747,89.9738986058994,0.198905,97.540381,0.000195365967628808,0.0351826834503697,0.0351832258701534,0.0001633527062392,-0.0555137754818368,0.0555140158190202,-0.000830281109813525,0.0302886626955029,0.0303000405049773
2024-099-00:08:23.900000000,0.196083353016241,89.9738830408002,0.197815,97.586722,4.69657250567566e-05,0.0270195410035765,0.0270195818217692,1.95725243817296e-05,-0.0599661245901527,0.0599661277843202,-0.000725460352595691,0.0284017129986672,0.0284109766460404
2024-099-00:08:24.000000000,0.192763441466975,89.9775962224486,0.194061,96.629388,2.51386204387809e-05,0.0199082163495015,0.0199082322210887,-1.64903880917674e-06,-0.0632936507802697,0.0632936508017516,-0.000662332026096505,0.0268006946593097,0.0268088775955716
2024-099-00:08:24.100000000,0.18862688230374,89.9829376457329,0.189397,95.168638,0.000149877546856257,0.0141965092681517,0.0141973004011245,0.000113519765687346,-0.0650854635327086,0.0650855625312153,-0.000639141383163183,0.0254298938261811,0.025437924477412
2024-099-00:08:24.200000000,0.184850245122854,89.9880206836624,0.185238,93.707885,0.000178570705583251,0.00992469628723141,0.00992630262941229,0.000141026192351129,-0.0657991318892503,0.0657992830186308,-0.000611024395255914,0.0246494204897898,0.0246569925435781
2024-099-00:08:24.300000000,0.181509610067433,89.9927837657763,0.181653,92.276688,0.000197340661870591,0.00710409579090762,0.00710683616971849,0.000159420981778988,-0.0654531541434526,0.0654533482900301,-0.000592285889916563,0.0243114286179063,0.0243186423144662
2024-099-00:08:24.400000000,0.178594972641288,89.9971319522497,0.178618,90.920028,0.000326326216919486,0.00554662181547834,0.00555621295162354,0.000280050331521009,-0.0641696111019299,0.0641702221997175,-0.000601056583337436,0.0236918989261355,0.0236995220150659
2024-099-00:08:24.500000000,0.171743006042782,89.9943779723363,0.171835,91.874909,0.000396933730455409,0.00354895645077842,0.00357108502781647,0.000346849266299427,-0.0634496863238194,0.0634506343467471,-0.000597684970112845,0.0231947017769995,0.023202401122458
2024-099-00:08:24.600000000,0.156633642607529,89.9776794735588,0.158216,98.110111,0.000408467831956132,-0.00146405001760445,0.00151996329685639,0.000359479816436239,-0.0659814951900129,0.0659824744401733,-0.000557266053786001,0.0219019774155173,0.0219090657072485
2024-099-00:08:24.700000000,0.139658468710063,89.9567603952218,0.146199,107.202994,0.00052345736547253,-0.00759163174699405,0.00760965703533578,0.000482535795506753,-0.0724130160824978,0.0724146237921459,-0.000527856458697769,0.0204647910302331,0.0204715975036658
2024-099-00:08:24.800000000,0.127341727544471,89.9410634925848,0.140319,114.835681,0.000516550059047379,-0.0186767730938536,0.0186839149313734,0.000549484238821518,-0.0793815453417726,0.0793834471018777,-0.000459553745271164,0.0180513777801644,0.0180572265148058
2024-099-00:08:24.900000000,0.118314553563136,89.9290195639251,0.137973,120.96076,0.00060201974264515,-0.0338761023965264,0.0338814512875478,0.000623022358591538,-0.0863873739118064,0.0863896204890237,-0.000405066382937652,0.0160368955606246,0.0160420104100754
2024-099-00:08:25.000000000,0.111167999163687,89.9190059500344,0.137544,126.076043,0.000681233892335673,-0.049727120190539,0.049731786234363,0.000645588014832241,-0.0928714632229991,0.0928737070707624,-0.00033714436015674,0.0142007365153399,0.0142047380791655
2024-099-00:08:25.100000000,0.0995746610142839,89.9124802908171,0.13257,131.313348,0.000692430724833571,-0.0650768205234162,0.0650805042216609,0.000744640543068898,-0.099086499643515,0.0990892976115114,-0.000285528337947785,0.0127125500115359,0.0127157561406144
2024-099-00:08:25.200000000,0.0769871196464938,89.9107708209095,0.117851,139.212279,0.000622888029702825,-0.0798690794789775,0.0798715083513312,0.000839486514364062,-0.104895409222455,0.104898768408185,-0.000235878045426662,0.0113803956250555,0.0113828398493125
2024-099-00:08:25.300000000,0.051745244230383,89.9116719524631,0.102369,149.63692,0.00059778867723049,-0.0938318422045339,0.0938337463964814,0.000833867849106714,-0.110710956188711,0.110714096463858,-0.00017446246742277,0.00979369782593677,0.0097952516179166
2024-099-00:08:25.400000000,0.032424928138632,89.9132956483286,0.092569,159.495643,0.000565665986475812,-0.1072946943704,0.107296185477611,0.000792288367578766,-0.116321483087017,0.116324181271224,-0.0001105078200151,0.00835447143400695,0.00835520226684684
2024-099-00:08:25.500000000,0.0173265793397934,89.9153837353067,0.086372,168.427707,0.000589609585040883,-0.119567277214178,0.119568730945323,0.000789956179244618,-0.121534895738824,0.121537463002204,-6.30371390613682e-05,0.00691697865228774,0.00691726588740851
2024-099-00:08:25.600000000,0.00488533553222721,89.9178661619423,0.082279,176.596046,0.000562464529252637,-0.131327115272354,0.131328319764264,0.000771246582757998,-0.126747632384131,0.126749978841317,-1.68390112844936e-05,0.00558020716113884,0.00558023256805003
2024-099-00:08:25.700000000,0.00354088992722646,89.9258394840193,0.074245,177.266414,0.000575943312309656,-0.14204241418056,0.142043581822414,0.000716730835777165,-0.131950139192672,0.131952085758643,2.9371400094077e-05,0.00390784293812212,0.00390795331448245
2024-099-00:08:25.800000000,0.0054634539402321,89.9441948043236,0.056072,174.408433,0.000529855850109058,-0.147144490487017,0.14714544446875,0.00067587455288952,-0.136488279218218,0.136489952635208,6.93330871686719e-05,0.00241025444652142,0.00241125145390368
2024-099-00:08:25.900000000,0.00404867776336025,89.9652973768373,0.034938,173.345512,0.000563572470482415,-0.148362585793874,0.148363656187673,0.000708725821313007,-0.13867701462242,0.138678825625532,7.67501058246804e-05,0.00170961962379503,0.00171134153131663
2024-099-00:08:26.000000000,0.00207449715284523,89.9816639788746,0.018453,173.545129,0.00049233218863051,-0.148222277101036,0.148223094759218,0.000635959263455297,-0.138418953346133,0.138420414280639,9.84171953937201e-05,0.00126250340859807,0.00126633360575754
2024-099-00:08:26.100000000,0.000556162049533904,89.994417636363,0.00561,174.310487,0.000537245711519198,-0.146211260545789,0.146212247583242,0.000676881280800343,-0.136352100088375,0.136353780170477,8.64181479343027e-05,0.00134127692452043,0.00134405799151055
2024-099-00:08:26.200000000,0.00361346479253497,90.0047848603139,0.005996,37.059632,0.000548703309847434,-0.142755118020835,0.142756172533676,0.000685155010435285,-0.132907749354268,0.132909515369688,8.11042717191123e-05,0.0010591897805384,0.00106229040007339
2024-099-00:08:26.300000000,0.000584053857353753,90.0194812469084,0.01949,1.717231,0.000568756560577707,-0.137240239156619,0.137241417683552,0.000701884134145985,-0.127494408439202,0.127496340436107,6.18113517654549e-05,0.00144191825212147,0.00144324249140888
2024-099-00:08:26.400000000,0.0156201012532753,90.0454465798934,0.048056,18.967974,0.000499543543099115,-0.128236661634482,0.128237634612106,0.000631180675839316,-0.118745127310584,0.118746804795129,4.96187716547148e-05,0.00217305875240842,0.00217362516637975
2024-099-00:08:26.500000000,0.0358392962367502,90.0732760096248,0.081571,26.063266,0.000538166044043481,-0.120217689688961,0.12021889425894,0.000653094501518563,-0.110725980410758,0.110727906466037,8.85299743454226e-06,0.00325761576335047,0.00325762779291819
2024-099-00:08:26.600000000,0.051509702940582,90.093904311374,0.107104,28.746281,0.000556703853316649,-0.113003375360525,0.113004746635051,0.00065098360214155,-0.106676224034825,0.106678210305472,-2.90824042883785e-05,0.00401586208434531,0.00401596738865264
2024-099-00:08:26.700000000,0.0639114548037466,90.1093402949712,0.126649,30.307113,0.000546729940363744,-0.106923037830851,0.106924435619765,0.000629274248235165,-0.104614150226878,0.104616042812617,-0.000101432987320732,0.00649422607507782,0.0064950181651122
2024-099-00:08:26.800000000,0.0745088531863646,90.1212729235084,0.142333,31.566177,0.000559593216845576,-0.10168758171511,0.101689121441949,0.000625468406850709,-0.104072365313822,0.104074244809854,-0.0001621763041581,0.00838747155134505,0.00838903928815767
2024-099-00:08:26.900000000,0.071660707783145,90.1264259689435,0.145323,29.545444,0.000538601879191781,-0.0969065404127381,0.096908037162817,0.000604636314373664,-0.10432279330263,0.104324545470066,-0.000217586137350389,0.0100038710616925,0.0100062370522657
2024-099-00:08:27.000000000,0.0440784708603775,90.1208376562304,0.128626,20.040687,0.000493062901923358,-0.0919643913713533,0.0919657131290172,0.000536087734826776,-0.10397354056835,0.103974922593757,-0.000268010475582887,0.0120295959552636,0.012032581122183
2024-099-00:08:27.100000000,0.00872373284354674,90.1108392245742,0.111182,4.500258,0.000484386142389051,-0.0863415897214406,0.0863429484414363,0.000499078553557017,-0.102196740452468,0.102197959072145,-0.000320715055246968,0.0143587553279246,0.0143623366035567
2024-099-00:08:27.200000000,0.0186584317765834,90.1027039021727,0.104385,10.296749,0.000491798628853942,-0.0804222194831643,0.0804237231946495,0.000506286663392654,-0.0995657081632624,0.099566995376166,-0.000352868226997791,0.0153395339958111,0.0153435921216079
2024-099-00:08:27.300000000,0.0392087683634091,90.0959295189653,0.103633,22.231062,0.000486289917644765,-0.0744677814254106,0.074469369195037,0.000512939110421579,-0.0960215292447189,0.0960228992742118,-0.000396794070918593,0.0160983220268168,0.0161032114068533
2024-099-00:08:27.400000000,0.0562945143614629,90.0896626295608,0.10587,32.122599,0.000492977414792956,-0.0686626892962985,0.0686644589881223,0.000512497291983217,-0.0917288700257891,0.0917303016984159,-0.00042381411121183,0.0165640680515855,0.0165694890934639
2024-099-00:08:27.500000000,0.0630963748083557,90.0776688776063,0.100068,39.089618,0.000557596488095015,-0.0628039204516402,0.0628063956770287,0.000572816254885861,-0.0859937681332745,0.0859956759158345,-0.00046618545864041,0.0172315821289233,0.0172378870963838
2024-099-00:08:27.600000000,0.0530130124956376,90.0536254245928,0.075406,44.670973,0.0005426813293889,-0.0562317352009029,0.0562343537948977,0.00055635492472935,-0.0789610914152801,0.0789630514120021,-0.000484277457550593,0.0180065788420918,0.0180130898585545
2024-099-00:08:27.700000000,0.0361528019027969,90.0273837474261,0.045353,52.85809,0.000560808598846103,-0.0524493905669107,0.0524523886693912,0.00057367308339877,-0.0748042254507968,0.0748064251658923,-0.000494960715241128,0.0182267034918472,0.0182334227804147
2024-099-00:08:27.800000000,0.0230170317260461,90.0088449544222,0.024658,68.979298,0.000518260647267308,-0.0508749256050613,0.0508775652858805,0.000532517433268649,-0.0727336038200258,0.0727355532010667,-0.000480723840367682,0.0178280554203533,0.0178345354714354
2024-099-00:08:27.900000000,0.0122630552139816,89.9959708634837,0.012908,108.1884,0.000472850208323371,-0.0507614651087767,0.050763667394201,0.00048845650873699,-0.0720441104959317,0.0720457663357879,-0.000466773522749305,0.0176952775280677,0.0177014328323127
2024-099-00:08:28.000000000,0.00277105407991787,89.9867435257922,0.013543,168.19324,0.000474118623622121,-0.051690232113481,0.051692406448286,0.000489390667765201,-0.0723587961701866,0.0723604511209287,-0.000459057214659864,0.0174660168886618,0.0174720485198888
2024-099-00:08:28.100000000,0.00500389363907162,89.9903457302355,0.010874,152.601892,0.00041181571756835,-0.0522049712197426,0.0522065954860053,0.0004290201780066,-0.0723050726745953,0.0723063454531596,-0.000439102864544785,0.0173505170804073,0.0173560725477614
2024-099-00:08:28.200000000,0.0290702315848991,90.0163465855618,0.033351,60.650364,0.000417664497674013,-0.0499982425112905,0.0499999869785027,0.000434453893568774,-0.069709404660502,0.0697107584832302,-0.000441737204954344,0.0173841864897572,0.0173897979191507
2024-099-00:08:28.300000000,0.0600267555654698,90.0490682218669,0.07753,50.736104,0.000378380000327244,-0.0442925766865594,0.0442941928581998,0.00039648550150182,-0.0638189038227953,0.0638201354268079,-0.000448913458891373,0.0177019745585094,0.0177076657570581
2024-099-00:08:28.400000000,0.0826362894000727,90.073023863604,0.110278,48.533706,0.000336047850862804,-0.0395145250302154,0.0395159539492796,0.000364483173213736,-0.0585839458669227,0.0585850796817934,-0.000471620295850243,0.0184443525604311,0.0184503812176589
2024-099-00:08:28.500000000,0.0996440933567062,90.0908320512707,0.134831,47.64884,0.000357024342922297,-0.035092843542611,0.0350946596263251,0.000383544242051048,-0.0557951233537132,0.0557964416091356,-0.000504807273749572,0.018857857974662,0.01886461337468
2024-099-00:08:28.600000000,0.113425444056733,90.1052634250404,0.154744,47.137484,0.00035304259640629,-0.0310883020705704,0.0310903066036008,0.000381212529418074,-0.0546016328828372,0.0546029636234583,-0.00054507954700386,0.0199579385694125,0.0199653806288035
2024-099-00:08:28.700000000,0.118448267647439,90.1122890718182,0.163214,46.529123,0.000322406571278621,-0.027468413068673,0.0274703051040291,0.000351600341211128,-0.0539698477760969,0.0539709930590035,-0.000586491737756406,0.0216681591215644,0.0216760949498725
2024-099-00:08:28.800000000,0.109094652499178,90.1079132678089,0.15345,45.311965,0.000306327102486293,-0.0237107083893716,0.0237126870813818,0.000345096837092735,-0.0528528314171616,0.0528539580413603,-0.000636762810069408,0.0231160682633493,0.0231248368390376
2024-099-00:08:28.900000000,0.0943198871930337,90.0988468756964,0.136627,43.657522,0.000272869962179012,-0.0198152838874294,0.0198171626010304,0.000324030239062643,-0.0511100119371667,0.0511110390797639,-0.000655708830921232,0.0235031668899506,0.0235123118371592
2024-099-00:08:29.000000000,0.0829396372933494,90.0916418552447,0.123601,42.146419,0.000286263169783081,-0.0159194627525567,0.0159220363312113,0.000324567711531725,-0.0485005989364711,0.0485016849335752,-0.000684160017882677,0.0238084636766058,0.0238182916593597
2024-099-00:08:29.100000000,0.0739221688387471,90.0855246335781,0.113044,40.83812,0.000218294351291255,-0.0119858094123776,0.0119877971159695,0.000257895403596701,-0.0451477250124801,0.0451484615888705,-0.000696889064186332,0.0241824437579714,0.0241924831399183
2024-099-00:08:29.200000000,0.0659837177839545,90.0799873446044,0.103691,39.520163,0.000219175954913758,-0.00823647370080448,0.00823938936592125,0.000253329433687984,-0.0414227317187615,0.0414235063562521,-0.000715598289684056,0.0245315048215096,0.0245419398116764
2024-099-00:08:29.300000000,0.0598631882023445,90.0746780076563,0.09571,38.716287,0.000172965529049596,-0.00434716368780015,0.00435060331480217,0.000205996530573207,-0.0371793051541565,0.0371798758243824,-0.000724658931144492,0.0249281945715129,0.0249387252112391
2024-099-00:08:29.400000000,0.0561206736057982,90.0697317119327,0.08951,38.827422,0.00014579906937207,-0.000691434966040127,0.000706639710809316,0.00018624097510028,-0.0325568289593076,0.0325573616496549,-0.000736130485278581,0.0251901443385627,0.0252008979976702
2024-099-00:08:29.500000000,0.0539319683915095,90.0652194828382,0.08463,39.588392,8.93027354825943e-05,0.00286488345487932,0.00286627496737594,0.000131198939983312,-0.0277642030022924,0.0277645129889641,-0.000738687701731967,0.0256512804030979,0.025661914305816
2024-099-00:08:29.600000000,0.0530997929291536,90.0617736332458,0.081459,40.681929,5.98532433024235e-05,0.00651890731557643,0.00651918208058417,0.000102198374046738,-0.0229954053755228,0.0229956324742826,-0.000746304907280405,0.0260786120817385,0.026089288589849
2024-099-00:08:29.700000000,0.0531184832403299,90.0590689540951,0.07944,41.963865,7.54097888008824e-05,0.0102832327521028,0.0102835092488006,0.000120320897544984,-0.0183875739965651,0.0183879676581601,-0.000765867064680474,0.0266751833996603,0.026686175480317
2024-099-00:08:29.800000000,0.0536242873070326,90.0568673133184,0.078163,43.318814,8.58903380454194e-05,0.0140156677466029,0.0140159309192552,0.000128505098158632,-0.0139629579563552,0.0139635492784319,-0.000779116713257758,0.0271435216994008,0.0271547011233547
2024-099-00:08:29.900000000,0.0500473706480704,90.0550105295453,0.07437,42.295248,9.61465145443947e-05,0.0176935721846033,0.0176938334117858,0.000139034551053458,-0.00969198918624869,0.00969298638154146,-0.000794888395115166,0.0276461998538614,0.0276576248785093
2024-099-00:08:30.000000000,0.0374856698508556,90.0533258703686,0.065183,35.105488,0.000121003651567535,0.0213930082668008,0.0213933504759563,0.000162246609659018,-0.00550091065996038,0.005503302831138,-0.000810812588821566,0.0280631433948949,0.0280748541270765
2024-099-00:08:30.100000000,0.0224875577706981,90.051840755661,0.056508,23.450309,0.000142476177493214,0.0250428813594993,0.0250432866502604,0.00018292420195824,-0.00146987790209552,0.0014812164969142,-0.000824556153794219,0.0284396193449744,0.0284515701032087
2024-099-00:08:30.200000000,0.0115263734102307,90.0510099438062,0.052296,12.732906,0.000126495490758332,0.0285632656969488,0.0285635457950107,0.000167026090827995,0.00237904378670034,0.00238489979958378,-0.000828576313061713,0.0287499913014175,0.028761928630364
2024-099-00:08:30.300000000,0.0036822487436924,90.050604206265,0.050738,4.161831,0.000158225303270087,0.0319984887214795,0.0319988799132914,0.000198104877448984,0.00614004633892486,0.00614324137460133,-0.000841209385541106,0.0290480965872133,0.0290602744063162
2024-099-00:08:30.400000000,0.00380011229971468,90.050447073753,0.05059,4.307881,0.000120251673183488,0.0353111604102418,0.0353113651673612,0.000160562073092676,0.00975315025302208,0.00975447179694218,-0.000839959017047885,0.029320331551512,0.0293323605160054
2024-099-00:08:30.500000000,0.00600999585570727,90.0456339428655,0.046028,7.502683,0.000145273060883249,0.0383791096266009,0.0383793845702725,0.000184495737279894,0.0131102751893593,0.0131115732930036,-0.000848443104664357,0.0294092673609116,0.0294215034015502
2024-099-00:08:30.600000000,0.00203484907851156,90.0312808855156,0.031347,3.721897,0.000124553812490953,0.0401567779833637,0.0401569711464568,0.000163847337988701,0.0152189166105392,0.015219798577797,-0.000842989903841484,0.029328174558401,0.0293402872328479
2024-099-00:08:30.700000000,0.00509200059219502,90.0141422237111,0.015031,19.801746,0.000162708252223198,0.0405963596120102,0.0405966856741162,0.00020067482308178,0.0160452146214739,0.0160464694756753,-0.000844137636982341,0.0289962971976329,0.0290085818254465
2024-099-00:08:30.800000000,0.010604119618597,90.0009545973627,0.010647,84.856021,0.000211381759427097,0.0400333857732865,0.040033943831716,0.000247760899788942,0.0159158326785359,0.0159177610019316,-0.000847137713274151,0.028734384782546,0.0287468695884728
2024-099-00:08:30.900000000,0.0153079589544636,89.9907705894189,0.017875,121.086439,0.000227122452537769,0.0386906817433669,0.0386913483659455,0.000262777773859354,0.0150291375282622,0.0150314346288654,-0.000841189783326794,0.0285688495419628,0.028581230981238
2024-099-00:08:31.000000000,0.0195212394895743,89.9822730323532,0.026369,132.242153,0.00021108177443684,0.0367408310139395,0.0367414373577077,0.000246841466445709,0.0135487948397518,0.0135510432188538,-0.000823973306159794,0.0281233332902799,0.02813540131872
2024-099-00:08:31.100000000,0.0146836938898573,89.973579162049,0.030227,150.936363,0.000209063225780223,0.0345175213211591,0.0345181544348629,0.000245047117155218,0.0115026501943692,0.0115052600832683,-0.000808170890388352,0.0275645532001806,0.0275763981207419
2024-099-00:08:31.200000000,0.00844209518630746,89.9628624413316,0.038085,167.193179,0.000236306761980567,0.0321748316597517,0.0321756994208225,0.000270923272733918,0.00881966518821091,0.00882382532985826,-0.00079652990487038,0.0269618290685999,0.0269735923935569
2024-099-00:08:31.300000000,0.0365566336629875,89.9526762930433,0.059799,142.314612,0.000250212115581303,0.0294455542037311,0.029446617266974,0.000270943016119709,0.00556523730172006,0.00557182881489018,-0.000775445824731181,0.0262785769227113,0.0262900156201921
2024-099-00:08:31.400000000,0.0573734237368928,89.9457566486273,0.078956,133.39366,0.000263825825928783,0.0258873340042918,0.0258886783346735,0.000287375451012701,0.00230638181591847,0.00232421636915415,-0.000753891797406038,0.0253512433737175,0.0253624504619655
2024-099-00:08:31.500000000,0.0729917291605675,89.9414051492661,0.093601,128.756088,0.000244925439838219,0.0217695563748953,0.0217709341377633,0.000283788371080848,-0.000969171003886994,0.00100986547338546,-0.000725711992615162,0.0243932564937721,0.024404049259645
2024-099-00:08:31.600000000,0.0855141391789633,89.9385640835664,0.105295,125.694572,0.000264059599358178,0.017167189202476,0.0171692199177954,0.000277386340877299,-0.00420884410973311,0.00421797486030208,-0.000700584367773392,0.0235433814029774,0.0235538028000242
2024-099-00:08:31.700000000,0.0893856363963838,89.9390930060537,0.108164,124.270325,0.000257140226756057,0.0127598873314369,0.0127624780433574,0.00027523943319301,-0.0073231651067974,0.00732833568602035,-0.000674244045316515,0.0226776940295632,0.022687714991403
2024-099-00:08:31.800000000,0.0788300649880914,89.9448614221046,0.0962,124.971278,0.000233393562923324,0.0092892949131459,0.00929222645756184,0.000234391048093126,-0.0103926696078747,0.0103953124408008,-0.000640974085682341,0.02175850273698,0.0217679417753191
2024-099-00:08:31.900000000,0.0626145585891398,89.9524385150231,0.07863,127.21998,0.000238806665522091,0.00685935780726483,0.00686351354275511,0.000227021551422,-0.0132607100922455,0.0132626532389033,-0.000620727869602636,0.0211969977694003,0.0212060844458392
2024-099-00:08:32.000000000,0.0492750147883591,89.9585056521548,0.064419,130.100625,0.000251936797599397,0.00492737494085702,0.0049338115040778,0.00024377848963249,-0.0157477199244216,0.0157496066862011,-0.000608451019208245,0.0207842782098556,0.0207931823766218
2024-099-00:08:32.100000000,0.038036294273436,89.9634542476046,0.052748,133.855075,0.000273346698252454,0.00303855488566395,0.00305082516880888,0.000267390427924228,-0.0179520356694893,0.0179540269109624,-0.000598232241175487,0.0202759071644952,0.0202847305419029
2024-099-00:08:32.200000000,0.0282775281040603,89.9674811696677,0.043094,138.990624,0.000273057229164158,0.00120811154049541,0.00123858538045506,0.000266552419612518,-0.0198739936824668,0.0198757811188172,-0.000585174653039443,0.0198864780539373,0.0198950857943435
2024-099-00:08:32.300000000,0.0173751049225508,89.9722225730388,0.032764,147.973538,0.000268660965692796,-0.000453611480645076,0.000527202133777931,0.000261397295086345,-0.0214295456939683,0.0214311398949228,-0.000573599561990025,0.0195780195670002,0.0195864204647852
2024-099-00:08:32.400000000,0.00286142625518387,89.9789051858468,0.021288,172.275207,0.000244660516642779,-0.00192403905323065,0.00193953217213858,0.000238521689131306,-0.0225793302185528,0.022580590021402,-0.000559570515478774,0.0193061506076089,0.0193142582162886
2024-099-00:08:32.500000000,0.0117626793971561,89.9857132434658,0.018506,140.534434,0.000236153655174093,-0.00303542226784832,0.00304459470094158,0.000230337777609852,-0.0233103142030572,0.0233114522013761,-0.000550351028961801,0.0191024902203745,0.0191104165018606
2024-099-00:08:32.600000000,0.0218301222869826,89.9905795997309,0.023776,113.341751,0.000215265415936409,-0.00379572425840245,0.0038018234894749,0.000210163806844431,-0.0237246247973353,0.0237255556436524,-0.00053946730247163,0.0189719268165447,0.0189795951511818
2024-099-00:08:32.700000000,0.0287858472770387,89.9940418278365,0.029396,101.694101,0.000227493225092961,-0.00432905094270347,0.00433502424814268,0.000222047421493426,-0.0239276923438817,0.0239287226144825,-0.000538269693010015,0.018948313113114,0.0189559569554011
2024-099-00:08:32.800000000,0.0336796019974856,89.9965582801312,0.033855,95.834803,0.000233341367156657,-0.00467921157414243,0.00468502605640727,0.000227783176306961,-0.0239632197213515,0.0239643022971497,-0.00053369284548179,0.018757108573923,0.0187646995741273
2024-099-00:08:32.900000000,0.0370579319904495,89.9984341271019,0.037091,92.419578,0.000221869142584982,-0.00492485392100916,0.00492984909096725,0.000216720441978252,-0.0239022879388573,0.0239032704135232,-0.000526773355005903,0.0186314152512628,0.018638860599096
2024-099-00:08:33.000000000,0.0392653116401527,89.9996358697727,0.039267,90.531322,0.000235294428036513,-0.00505256300930217,0.00505803879293483,0.000229755749621878,-0.0237396270312244,0.0237407388108737,-0.000526477029533407,0.0185150695573261,0.0185225532466572
2024-099-00:08:33.100000000,0.0392298183036978,89.9998806020893,0.03923,90.174382,0.000228279517500947,-0.00517183239655391,0.00517686796008504,0.000222996442938728,-0.0235697447468552,0.0235707996225302,-0.000520493116166248,0.0183198316355239,0.0183272241279992
2024-099-00:08:33.200000000,0.0358980690073348,89.9986618778909,0.035923,92.134746,0.000230104356549642,-0.0053831282391435,0.00538804395434626,0.000224801428615105,-0.0234913170561721,0.0234923926562602,-0.00051688686613644,0.0181703389874595,0.0181776893732833
2024-099-00:08:33.300000000,0.0314088532624656,89.9968043813181,0.031571,95.809431,0.000193168580025163,-0.00567999112554704,0.00568327487339844,0.000188970671113234,-0.0235026512049756,0.0235034108924062,-0.000503979193947461,0.0179731989604054,0.0179802635102562
2024-099-00:08:33.400000000,0.0273614350869694,89.9952481253491,0.027771,99.852318,0.000209055886856433,-0.00603863189892912,0.00604224954587227,0.000204420285708502,-0.0235761626862915,0.0235770488964097,-0.000504571005729293,0.0179660127144663,0.0179730966935636
2024-099-00:08:33.500000000,0.0186886254017321,89.9887819567635,0.021797,120.974728,0.00019442004719332,-0.00679914128355388,0.00680192041621169,0.000190287773854627,-0.0240351862246607,0.0240359394717784,-0.000494973706703269,0.0178403892074578,0.0178472542998609
2024-099-00:08:33.600000000,0.00143247674245844,89.972256957439,0.02778,177.04423,0.00020323066176261,-0.00824670287377418,0.00824920668853653,0.000197734866769447,-0.0253992355577781,0.0254000052361616,-0.000487100212149636,0.0175254088459105,0.0175321767568375
2024-099-00:08:33.700000000,0.0215919472154144,89.953176632295,0.051562,155.243862,0.000215369842562469,-0.010144000281142,0.0101462863094284,0.000197985979181197,-0.0277160545282041,0.0277167616625452,-0.000474231452930724,0.0171337851050405,0.0171403467729407
2024-099-00:08:33.800000000,0.0374843212028788,89.9388481784942,0.071726,148.492883,0.000206700333931302,-0.0136197972806971,0.0136213656802587,0.000195267206321922,-0.0301287234140602,0.0301293561803568,-0.000454751280410212,0.0164745331688521,0.0164808082889961
2024-099-00:08:33.900000000,0.0495693160903443,89.9278197530747,0.087562,145.520906,0.000219657454935414,-0.01815559752095,0.0181569262470341,0.000205141905642922,-0.0324885403627123,0.0324891880184937,-0.000437103850875145,0.0158507062766627,0.015856731985043
2024-099-00:08:34.000000000,0.0593095036376105,89.9190276465694,0.10037,143.778469,0.000227041855009385,-0.0229843910998971,0.0229855124423398,0.000205300584592069,-0.0348052423302126,0.0348058478131888,-0.000416922791212157,0.0152965545578664,0.0153022353254554
2024-099-00:08:34.100000000,0.0574405790500586,89.9207418178423,0.097884,144.068108,0.000206034592882267,-0.0276398613436312,0.0276406292502292,0.00019716582294497,-0.0370887605892133,0.0370892846575089,-0.000393897728608529,0.0147460109955996,0.0147512709860184
2024-099-00:08:34.200000000,0.0347766970440175,89.9419557584127,0.067665,149.07243,0.000187269468697172,-0.030541545595375,0.0305421197235601,0.000183295766387536,-0.0393410956545533,0.0393415226527735,-0.000372339656180951,0.0139729080963689,0.013977868131054
2024-099-00:08:34.300000000,0.00548322696878541,89.9693689022581,0.031118,169.851061,0.000185101542797926,-0.0317689588258197,0.031769498067451,0.000178009352253691,-0.0406647674295773,0.0406651570442203,-0.000363292372026664,0.0136924775157396,0.013697296151672
2024-099-00:08:34.400000000,0.0165295555378734,89.9899249833481,0.019358,121.362945,0.000167623353586237,-0.0322009132277523,0.0322013495103839,0.00016098391703284,-0.04089569659581,0.0408960134472553,-0.000356939192426282,0.0136896961384663,0.0136943486866162
2024-099-00:08:34.500000000,0.033091383610637,90.0056067194712,0.033563,80.383622,0.00015356808715913,-0.0317646526333909,0.0317650238482105,0.000147322236044072,-0.0403000149565981,0.0403002842340257,-0.000350997063178642,0.013503594826833,0.0135081557655229
2024-099-00:08:34.600000000,0.0466708384910578,90.0185033763207,0.050205,68.373388,0.000163734575287567,-0.0306388276042293,0.0306392651017094,0.00015731774165644,-0.039052448729071,0.0390527655948789,-0.000355532965961616,0.0135533746244033,0.0135580370039067
2024-099-00:08:34.700000000,0.0596861175596981,90.0305560553309,0.067053,62.890025,0.000135013032054785,-0.0289213754015017,0.0289216905389953,0.000129387193062019,-0.0372472704831924,0.0372474952110048,-0.000353611816786423,0.0136314572944157,0.0136360430215825
2024-099-00:08:34.800000000,0.0743076989992412,90.0434130225406,0.08606,59.705127,0.000119413956094725,-0.0264666920097161,0.0264669613977517,0.000114281241091988,-0.0347388463499866,0.0347390343263892,-0.00035793364162375,0.0137905413486015,0.0137951856522228
2024-099-00:08:34.900000000,0.0881875463009372,90.0552925929548,0.104088,57.912778,0.000109236673080729,-0.0237752749765904,0.0237755259219062,0.00010495943117043,-0.0318160192340787,0.0318161923615233,-0.000368507419658994,0.0141819310559054,0.0141867179499981
2024-099-00:08:35.000000000,0.0989368596677451,90.0642509677994,0.117969,56.999779,8.8893902874659e-05,-0.0214186522960907,0.0214188367636247,8.34646850684682e-05,-0.028959883902096,0.0289600041777714,-0.000376803033685281,0.0144993325896909,0.0145042278688893
2024-099-00:08:35.100000000,0.107014346790972,90.0709650355666,0.128406,56.450258,6.31996220006808e-05,-0.0190984876387106,0.0190985922067099,5.82263908248649e-05,-0.0263408716609014,0.0263409360154241,-0.00038632376652216,0.014775575506012,0.0147806250742803
2024-099-00:08:35.200000000,0.113072009911606,90.0759125584916,0.136191,56.124024,4.83996271282515e-05,-0.0168791849942644,0.0168792543850286,4.25882925995701e-05,-0.024064543528103,0.024064581213448,-0.000397960793102237,0.0150146850995265,0.0150199581034965
2024-099-00:08:35.300000000,0.103663585350405,90.0785161738945,0.130042,52.859268,3.67431704930119e-05,-0.0146856937224932,0.0146857396875831,3.30090900315844e-05,-0.0219128453530953,0.0219128702152113,-0.000409643868450069,0.0152775115789099,0.0152830025892389
2024-099-00:08:35.400000000,0.0651503171469689,90.0782922482336,0.101854,39.765306,2.44935524300738e-05,-0.0125474468554742,0.0125474707620723,2.51258422112139e-05,-0.0198367345809718,0.019836750493563,-0.000421336218165373,0.0155271559391083,0.0155328714591386
2024-099-00:08:35.500000000,0.0188552158896315,90.0767498408493,0.079032,13.802572,3.52353036514351e-05,-0.0104360795491361,0.0104361390313909,4.00499538139741e-05,-0.017702542650353,0.0177025879544876,-0.000434697108800911,0.0157984610001674,0.0158044402479243
2024-099-00:08:35.600000000,0.0168135405333554,90.075364249527,0.077217,12.576567,5.83142827472262e-05,-0.00835753480142208,0.00835773824144748,6.70448208140513e-05,-0.0155868825517381,0.015587026743086,-0.000453406318233418,0.0161486257293468,0.0161549896389919
2024-099-00:08:35.700000000,0.0421939280485435,90.0741679333017,0.08533,29.635437,2.33084523391032e-05,-0.00635437711602563,0.00635441986467849,3.38732596393559e-05,-0.0134611801170588,0.0134612227357554,-0.000457609567841198,0.0164350558737122,0.0164414253666956
2024-099-00:08:35.800000000,0.0629975083605271,90.0728909942683,0.096342,40.835895,1.52370231214688e-05,-0.00437045369954289,0.00437048026042009,2.72301358035216e-05,-0.0112346048846167,0.0112346378844069,-0.000469293058603846,0.0167639433140297,0.0167705107677392
2024-099-00:08:35.900000000,0.0811359007632288,90.0707601484114,0.107657,48.90773,1.10127683537715e-05,-0.0023139099026311,0.002313936109438,2.25840974326624e-05,-0.00888699199935891,0.00888702069526825,-0.00048030016337843,0.0170911371151736,0.0170978845515054
2024-099-00:08:36.000000000,0.0989199978192915,90.0667240650361,0.11932,55.999362,-1.12291414553013e-05,-0.000288153344613358,0.000288372057643745,2.65289808881128e-06,-0.00641168960705006,0.00641169015588105,-0.000487506256035578,0.017376254685943,0.0173830920511982
2024-099-00:08:36.100000000,0.114968818398659,90.0620128138878,0.130627,61.658141,-8.98071201052863e-06,0.00179637443607513,0.00179639688481484,6.37978791974186e-06,-0.00384314566701391,0.00384315096237212,-0.000500824426296122,0.017756887211484,0.0177639485629558
2024-099-00:08:36.200000000,0.127710571953746,90.0575073822143,0.140061,65.758258,3.6407882543032e-06,0.00392494106717448,0.0039249427557777,1.81945164683785e-05,-0.00142024034906341,0.00142035688808738,-0.000514861137447232,0.0181147602525472,0.0181220755157382
2024-099-00:08:36.300000000,0.137616934930633,90.0533190107954,0.147585,68.821424,1.01960746513919e-06,0.00613674299820209,0.00613674308290495,1.56889017793579e-05,0.000929068814493336,0.000929201271901354,-0.000524137573170821,0.0183482268590618,0.018355711619744
2024-099-00:08:36.400000000,0.14502591785989,90.0497660262338,0.153327,71.060247,-5.33180029998421e-06,0.00828175985934984,0.00828176157565724,9.53592812999665e-06,0.00312610751584846,0.00312612206008811,-0.00053145165770078,0.0185301275598326,0.018537747119004
2024-099-00:08:36.500000000,0.135827703566565,90.0433840548328,0.142588,72.286288,-1.60201533500734e-05,0.0101270587224369,0.0101270713936952,-9.64815456049419e-07,0.00502555853229069,0.00502555862490417,-0.000535313458733881,0.0186062467533343,0.0186139458134234
2024-099-00:08:36.600000000,0.0955218776638864,90.0308889209192,0.100392,72.080359,-3.49880665354581e-05,0.0113860962096899,0.0113861499665652,-1.97076337466867e-05,0.00636052923938641,0.00636055977064262,-0.000533439810213743,0.0185897932202618,0.0185974452547443
2024-099-00:08:36.700000000,0.0459869792613023,90.0171334009017,0.049075,69.566085,-3.06642754590692e-05,0.0119431874601097,0.0119432268254903,-1.55347962006686e-05,0.00701527141795909,0.00701528861826274,-0.000534519070151416,0.0185790730861299,0.0185867605401295
2024-099-00:08:36.800000000,0.00866974408883859,90.0071409636481,0.011232,50.522916,-3.29915744839454e-05,0.0120478239165305,0.0120478690882542,-1.79332245494897e-05,0.00723299074864285,0.00723301298011388,-0.000530536413838288,0.0184015622148721,0.0184092085879381
2024-099-00:08:36.900000000,0.01992731895141,89.9998352474283,0.019928,90.473692,-7.78859378006125e-06,0.0118346009077535,0.0118346034706699,6.87426744570688e-06,0.00714325526669803,0.00714325857440161,-0.000532067710983831,0.0182624972021828,0.0182702463067362
2024-099-00:08:37.000000000,0.0435150962029123,89.9940795722122,0.043916,97.747779,5.33038939253799e-06,0.0113720773166206,0.0113720785658669,1.9753061627229e-05,0.0068113343632303,0.00681136300538781,-0.000530835992678092,0.0182033954773473,0.0182111337855672
2024-099-00:08:37.100000000,0.0652113836634584,89.9934151455278,0.065543,95.766013,1.41239024900726e-05,0.0108708626446334,0.010870871819827,2.83323282255421e-05,0.006441679069787,0.00644174137628596,-0.000529164502883259,0.0181769019418417,0.0181846028077173
2024-099-00:08:37.200000000,0.0882090581125915,90.0014515197395,0.088221,89.057258,4.72279182037687e-07,0.0107386356835628,0.0107386356939481,1.47498246709737e-05,0.00642780070754373,0.00642781763067586,-0.000522386356713954,0.0180390533361284,0.018046615548888
2024-099-00:08:37.300000000,0.109171386993993,90.0132457260327,0.109972,83.082145,-1.05331495161542e-06,0.0111206561237568,0.0111206561736402,1.31955298764804e-05,0.00690516568422861,0.00690517829231491,-0.000520718232051221,0.0179213110806743,0.0179288744300218
2024-099-00:08:37.400000000,0.124964949173092,90.024291373568,0.127304,78.999731,8.1912293740517e-06,0.0120151942325177,0.0120151970246586,2.22940428734155e-05,0.0078767947286627,0.00787682627851066,-0.000525490132000081,0.0179541810141679,0.0179618694953597
2024-099-00:08:37.500000000,0.136673571874757,90.034529900615,0.140968,75.821237,2.35291790007766e-06,0.0133382917690277,0.0133382919765588,1.65556394949329e-05,0.00925941221151915,0.00925942701207958,-0.000528511936533965,0.0180391907773715,0.0180469312840013
2024-099-00:08:37.600000000,0.145520911653525,90.0441193869063,0.152062,73.133653,1.43611101617622e-05,0.0150283357552406,0.015028342616993,2.85087509952604e-05,0.0109934336120936,0.0109934705772287,-0.000537501230105345,0.0181312493564054,0.0181392147238109
2024-099-00:08:37.700000000,0.136173064950278,90.0529432551763,0.146103,68.754262,-1.52876871188647e-05,0.0169550152267223,0.0169550221188816,-6.39701884720716e-07,0.0130528386978933,0.0130528387135688,-0.00053986205624213,0.0183649979094064,0.0183729311557049
2024-099-00:08:37.800000000,0.0931769316024341,90.0603595973306,0.111019,57.065043,-1.11061734731879e-05,0.0187134368923755,0.0187134401880576,3.5145971519054e-06,0.01520182858673,0.0152018289930098,-0.000550956720745515,0.0187138147227533,0.0187219233730317
2024-099-00:08:37.900000000,0.0403695806159276,90.0662058497055,0.077543,31.373116,-1.15115340813023e-05,0.0203274571521486,0.0203274604116661,1.66354275724629e-06,0.0172381765678827,0.0172381766481515,-0.000557719340369362,0.0189826868431638,0.0189908780905004
2024-099-00:08:38.000000000,0.0050961652181626,90.0698272817882,0.070013,4.174186,-2.37672778894895e-05,0.0218752404904853,0.0218752534019624,-9.72586677790504e-06,0.0191205720908074,0.019120574564386,-0.00056307557555393,0.0192527111227431,0.0192609433746009
2024-099-00:08:38.100000000,0.0293940482342382,90.0719028332055,0.077679,22.234867,-6.65116554467435e-06,0.0233754061440218,0.0233754070902728,5.49193932561989e-06,0.0208553699923627,0.0208553707154714,-0.000573951330242208,0.0195277248014296,0.0195361576582975
2024-099-00:08:38.200000000,0.0533632294262444,90.072899969944,0.090344,36.204374,-3.42243286474103e-06,0.0248555404597526,0.024855540695375,4.14666237726175e-06,0.0225498448364236,0.0225498452176859,-0.000581927378058184,0.0197316726992667,0.0197402519483496
2024-099-00:08:38.300000000,0.0600620073494754,90.0744629585309,0.095667,38.889752,-1.37217576154093e-05,0.0263532495989628,0.0263532531713233,-7.51592092086412e-06,0.0241670593594738,0.0241670605281941,-0.000588325587649649,0.0199443514167179,0.0199530268488423
2024-099-00:08:38.400000000,0.0372850197848452,90.0779364932047,0.086396,25.566583,-8.49527314147881e-06,0.0278626281495813,0.0278626294446793,-1.1208513595589e-05,0.0256030872682424,0.0256030897216726,-0.000593912766015233,0.0201442535971284,0.0201530068565229
2024-099-00:08:38.500000000,0.00671202788090734,90.0819897213587,0.082264,4.680042,1.24578643437073e-05,0.0292934105943608,0.029293413243393,1.03204013210895e-05,0.0268327039015573,0.0268327058862749,-0.00060551719668038,0.0203437251138789,0.0203527345235116
2024-099-00:08:38.600000000,0.0249830478709189,90.0850349776171,0.088629,16.372653,2.24829678822303e-05,0.0307234441696174,0.0307234523959701,1.96610684662082e-05,0.0278981020034283,0.0278981089314546,-0.000616747403444295,0.0205712053568904,0.0205804486635985
2024-099-00:08:38.700000000,0.0461601610518291,90.0872745901143,0.09873,27.874701,5.8168149156881e-06,0.0321490065615555,0.0321490070877823,2.63848587257565e-07,0.0288311977831977,0.028831197784405,-0.000622232353639656,0.0206970342669298,0.0207063855017814
2024-099-00:08:38.800000000,0.0643301061967859,90.0889788827058,0.109798,35.866264,1.6480654691157e-05,0.0335312475030862,0.0335312515532182,5.23927906498865e-06,0.0296316195829749,0.0296316200461633,-0.000631038570461267,0.0208677665067418,0.0208773055890195
2024-099-00:08:38.900000000,0.064586988837063,90.0923777385334,0.112717,34.9598,1.01760326226008e-05,0.0349501105194255,0.0349501120008463,6.11387737298344e-06,0.0302451705876324,0.030245171205574,-0.000641558158996478,0.0210536360366607,0.0210634087278283
2024-099-00:08:39.000000000,0.032696344269116,90.0996542739196,0.104881,18.164558,6.13719669336749e-06,0.036232919791105,0.0362329203108697,9.30764109208345e-06,0.030406530884626,0.0304065323091914,-0.000651585820618203,0.0212610434306393,0.0212710256414955
2024-099-00:08:39.100000000,0.0141738218072773,90.1076105692374,0.10854,7.50347,-9.63665647350759e-06,0.0374581638152175,0.0374581650548023,-4.43006694805473e-06,0.0303734177655753,0.0303734180886456,-0.000661143262595304,0.0218626250085339,0.0218726194745268
2024-099-00:08:39.200000000,0.0444209868908845,90.1133442505893,0.121738,21.400832,-1.07383022005999e-05,0.0386431961348135,0.0386431976268114,-1.0400327455062e-05,0.0301534169617703,0.0301534187553781,-0.00067474561003574,0.0226019613317329,0.0226120308172312
2024-099-00:08:39.300000000,0.0683925265206031,90.1174929762738,0.135949,30.203665,-1.39458664736271e-05,0.0397610576782176,0.0397610601239169,-1.12273336370211e-05,0.0297682112353807,0.0297682133526227,-0.000692503855077256,0.0232605533839666,0.0232708595741038
2024-099-00:08:39.400000000,0.0880978928020607,90.1205795019807,0.149334,36.152683,-8.62181876135097e-06,0.0407634682173649,0.0407634691291587,-7.64718778081424e-06,0.0291999176801577,0.0291999186815215,-0.000711192259292789,0.0237854542332684,0.0237960842894915
2024-099-00:08:39.500000000,0.0860244443827837,90.116096171911,0.144494,36.537587,-2.34825376018811e-06,0.0418858516640826,0.0418858517299078,-2.51526860005902e-06,0.0288576289935741,0.0288576291031911,-0.000729359252676302,0.0244288593832816,0.0244397450004621
2024-099-00:08:39.600000000,0.0441888545697279,90.0973942991789,0.10695,24.404328,-1.54713206560371e-06,0.0431377183790672,0.0431377184068111,2.94545061564575e-07,0.0292035597855629,0.0292035597870483,-0.000736593235054961,0.0245688370415073,0.0245798763863057
2024-099-00:08:39.700000000,0.01281845345276,90.0746829161799,0.075775,9.739258,1.98477878833006e-06,0.0443816943252521,0.0443816943696324,3.61753793527622e-06,0.0306054252802133,0.0306054254940085,-0.000743491323161027,0.0247557051200156,0.0247668672895218
2024-099-00:08:39.800000000,0.0518855768651512,90.0583751149538,0.078101,41.63168,-5.73349540672493e-06,0.0458042789324208,0.0458042792912625,-3.9626463793567e-06,0.0323962780430355,0.0323962782853869,-0.000747509756072371,0.0249861268972284,0.0249973060180457
2024-099-00:08:39.900000000,0.0820592549016848,90.0465132861582,0.094325,60.454345,-1.3832230657956e-05,0.0472151408902609,0.0472151429164181,-1.18727984626724e-05,0.0338952779030789,0.0338952799824738,-0.000749131328462345,0.0250188725254214,0.0250300855010639
2024-099-00:08:40.000000000,0.106834982917657,90.0372690788152,0.113149,70.768842,1.57565768917559e-05,0.0482447804345596,0.048244783007581,1.74141147718732e-05,0.035025383351508,0.0350253876805309,-0.000757785107191439,0.0250360760133194,0.0250475416041852
2024-099-00:08:40.100000000,0.126193848176957,90.0271813469308,0.129088,77.844586,1.41299201328742e-05,0.0489195193557108,0.0489195213963547,1.58678616953461e-05,0.0358155959792208,0.0358155994942959,-0.000758353674127751,0.0249945803769081,0.0250060822303851
2024-099-00:08:40.200000000,0.140614518449546,90.0131170946341,0.141225,84.67065,2.17665019012651e-05,0.0490339259937022,0.049033930824853,2.34305170433612e-05,0.0360628575861006,0.0360628651976587,-0.000758106082877343,0.0248777101637322,0.0248892584827986
2024-099-00:08:40.300000000,0.150355391916407,89.9979770585631,0.150369,90.770832,3.87018551647061e-05,0.0485704838752041,0.0485704992943767,4.01366500518465e-05,0.0357522823706453,0.0357523048999786,-0.000757264289948299,0.0247475101541614,0.0247590934413026
2024-099-00:08:40.400000000,0.156045445086511,89.9846051806527,0.156803,95.634326,4.35748324565676e-05,0.0476459624747247,0.0476459824005014,4.48937898510249e-05,0.034995899093253,0.0349959278887918,-0.000750925996275405,0.0245441477892988,0.0245556323590907
2024-099-00:08:40.500000000,0.158579529984573,89.9732672114497,0.160817,99.568735,4.49341174001377e-05,0.0464520930724433,0.0464521148053115,4.43812520612617e-05,0.0338095451483789,0.0338095742776481,-0.000741900742172776,0.0243082730050724,0.0243195919620451
2024-099-00:08:40.600000000,0.158976023849165,89.9640187663846,0.162997,102.752927,5.35795289029231e-05,0.0451841950054639,0.0451842267728209,4.94234121787956e-05,0.0322990444014428,0.0322990822148253,-0.000732801015323612,0.0240650227801217,0.0240761774112054
2024-099-00:08:40.700000000,0.142430614792223,89.951579809012,0.150436,108.775753,5.62301721250026e-05,0.0436985544023422,0.0436985905800945,5.39979856674483e-05,0.0305320849740955,0.0305321327235397,-0.000719693137778899,0.0236889913776497,0.023699921322716
2024-099-00:08:40.800000000,0.0942009345044187,89.9307704292015,0.116904,126.31265,7.05032867881564e-05,0.0405944764687184,0.0405945376926845,5.30613480651315e-05,0.028683424130965,0.0286834732099075,-0.000705510512156275,0.0232512757633793,0.0232619769088415
2024-099-00:08:40.900000000,0.0374770838599331,89.9088843929211,0.098522,157.641959,7.91737211791319e-05,0.0371903354107681,0.0371904196863058,5.17070138066939e-05,0.0270840662428469,0.0270841156005176,-0.000691357499266483,0.0229076468111834,0.0229180770924986
2024-099-00:08:41.000000000,0.0112286058960969,89.893083006117,0.107505,174.004673,7.17315413912981e-05,0.0340639271436162,0.0340640026693814,6.02468603412985e-05,0.0257491800045919,0.0257492504860444,-0.000673767567540044,0.0222184054607245,0.0222286190293554
2024-099-00:08:41.100000000,0.0404828426856899,89.8816703936155,0.125063,161.113177,1.3144280390418e-05,0.0310247853792538,0.0310247881636744,0.000119229972264599,0.022743137880261,0.0227434504072458,-0.000609893381567704,0.0212731574733664,0.0212818983839207
2024-099-00:08:41.200000000,0.0669320902850487,89.8730802545438,0.143487,152.194707,0.000356434237656201,0.0281285080434638,0.0281307662554183,0.000391808520012242,0.0207498480885865,0.0207535469165098,-0.000559566081155364,0.0207968938551377,0.020804420400988
2024-099-00:08:41.300000000,0.0863667475886271,89.8668150402074,0.158737,147.037668,0.000247144729891159,0.0245971664698685,0.0245984080554806,-0.000170883917915766,0.0179583924233364,0.0179592054318655,-0.000539401675946891,0.020371290816214,0.0203784308445665
2024-099-00:08:41.400000000,0.0974298455401055,89.8625079108164,0.168513,144.677743,0.000251631576759859,0.0205926423941093,0.0205941797414242,-7.37885564126529e-05,0.0167679014647488,0.0167680638203277,-0.000584167954875442,0.0199639920587414,0.0199725369225092
2024-099-00:08:41.500000000,0.103990475274756,89.861055389631,0.17355,143.187617,0.00175199431375022,0.0167824527677103,0.0168736541678393,0.000299573364371811,0.0150791305299912,0.0150821060114678,-0.000644903341561791,0.0194425210173001,0.0194532137146569
2024-099-00:08:41.600000000,0.110020080389603,89.8633262608041,0.175454,141.166454,0.00191251175512156,0.0137637404935269,0.013895979763465,0.000370306612769384,0.012432506739081,0.0124380203732248,-0.000637339845920475,0.0190516806368426,0.0190623381873116
2024-099-00:08:41.700000000,0.115068997135021,89.867372913338,0.175587,139.054601,0.000582006676167024,0.00900562421756909,0.0090244113004212,0.00110202809038377,0.0105249447466197,0.0105824821205326,-0.000621400950238374,0.0185860436040472,0.0185964285816524
2024-099-00:08:41.800000000,0.118502283902991,89.8712809887553,0.174961,137.366408,0.000673064885244101,0.0065618142846518,0.00659624310088773,0.000718879110631363,0.00809082738464539,0.00812270120980884,-0.000614017817892995,0.0181479359793759,0.0181583203571315
2024-099-00:08:41.900000000,0.104126181929811,89.8800967803213,0.158805,139.028293,-1.88349984077258e-05,0.00199051418228094,0.00199060329222741,0.00104661364889603,0.00635068674698136,0.00643635162870551,-0.000591720796539886,0.01739287172349,0.0174029342437084
2024-099-00:08:42.000000000,0.0557742499868277,89.8986729757151,0.115663,151.16992,-2.11206300879256e-06,-0.00108254554198038,0.00108254760231213,0.00106186131067434,0.00502588268805655,0.00513683231546578,-0.000579388121108456,0.0170463656547249,0.0170562092104157
2024-099-00:08:42.100000000,0.00816333109070194,89.9193400393409,0.081072,174.220957,-1.35914932741034e-05,-0.00405732972813468,0.00405735249288188,0.00107175881455206,0.00344479327965692,0.00360766790269552,-0.000568604586913269,0.0166916450947532,0.0167013271073126
2024-099-00:08:42.200000000,0.0468839268373161,89.9344893074134,0.080559,144.40989,1.04875613855535e-05,-0.00644257013471829,0.00644257867082024,0.00108321869175122,0.00183359817273038,0.00212965842171917,-0.000560036845778204,0.0162524217688554,0.0162620679687854
2024-099-00:08:42.300000000,0.0796687598904319,89.9457651705801,0.096377,124.245213,1.44420013810632e-05,-0.00801971352636321,0.00801972653002189,0.00108839183425976,0.000261793751862664,0.00111943412195522,-0.000549842208027453,0.0158604185053314,0.0158699464907097
2024-099-00:08:42.400000000,0.106508367044495,89.9546224052494,0.115772,113.076269,8.8324949155193e-06,-0.00906054171809955,0.00906054602319246,0.00108004209961024,-0.00121297706596661,0.0016241318602538,-0.000539224318268504,0.0156146350663551,0.0156239428801073
2024-099-00:08:42.500000000,0.111708229653046,89.9705304661017,0.11553,104.778379,9.30949666978493e-06,-0.00991116140110612,0.00991116577328338,0.00107369207715065,-0.00222263236173337,0.00246838191776729,-0.000531650227625505,0.0153985552968917,0.0154077304362442
2024-099-00:08:42.600000000,0.0798368984903924,90.0028288537633,0.079887,87.970694,-8.26773407237689e-06,-0.00984626032178156,0.00984626379291742,0.00105086505698571,-0.00213207849953018,0.00237698887169302,-0.000525112365575779,0.0152845739612487,0.0152935916047658
2024-099-00:08:42.700000000,0.0349692664915832,90.0384343599981,0.051962,42.297306,-2.55002752025508e-06,-0.00862322007534997,0.00862322045239243,0.00105143148302643,-0.00091899703567535,0.00139644681784851,-0.000528751489052595,0.0153766538915275,0.0153857421997447
2024-099-00:08:42.800000000,0.0062045552694433,90.0639758367347,0.064276,5.539382,5.16437500249759e-06,-0.00720450866068768,0.0072045105116651,0.00105402137525759,0.000821174615490561,0.00133614700112898,-0.000535582695070199,0.0156314702946157,0.0156406429661542
2024-099-00:08:42.900000000,0.0280756352205743,90.0822227991743,0.086884,18.85289,1.15662529947597e-06,-0.00587522128441902,0.00587522139826853,0.00104661133132783,0.00193204529977083,0.00219731525258219,-0.000541714418501997,0.0158268202347049,0.0158360883191802
2024-099-00:08:43.000000000,0.0510429840134469,90.0960314986798,0.108754,27.991705,-9.81700320465397e-06,-0.00465150870590323,0.00465151906527808,0.00103254668777079,0.00232069857839935,0.00254003829778435,-0.000548337012754475,0.0159528348387087,0.0159622558828843
2024-099-00:08:43.100000000,0.0705336172058135,90.0937596548022,0.117328,36.953479,-1.27096748252949e-05,-0.0033779347132027,0.00337795862356157,0.00102342867748501,0.00285136275444489,0.00302946790960629,-0.000554852233835812,0.0160937990298356,0.0161033607738922
2024-099-00:08:43.200000000,0.0869097376444707,90.0635369621774,0.107658,53.830669,1.2358135575748e-06,-0.00198990980569855,0.00198991018944333,0.00103184577501704,0.00455334255297315,0.00466879364591503,-0.000564418641738376,0.0163578164966342,0.0163675510978491
2024-099-00:08:43.300000000,0.099433384766958,90.0242257620514,0.102342,76.307348,-8.98665160604157e-06,-0.00126996385693358,0.00126999565267945,0.00101665686303733,0.00528372329577688,0.00538064336706088,-0.000563557586273738,0.0164060801929173,0.0164157565908331
2024-099-00:08:43.400000000,0.107287206240009,89.9947414388343,0.107416,92.806039,-8.64584538615725e-06,-0.0015089040725067,0.00150892884214921,0.00101215183209064,0.00508182322926352,0.00518163860807435,-0.00056095743881624,0.0163754576229962,0.0163850628808896
2024-099-00:08:43.500000000,0.111261075347716,89.9722354360664,0.114673,104.011648,-6.17744128023086e-06,-0.00233352493662078,0.00233353311324519,0.00100999054946688,0.0041656045600822,0.00428629703368654,-0.000554328102459468,0.0161947746197684,0.0162042588423621
2024-099-00:08:43.600000000,0.112735634833781,89.9538579762559,0.121813,112.258965,-2.52663361947983e-06,-0.00336403986488045,0.00336404081372125,0.00101309787540159,0.00272990614242232,0.00291183015500189,-0.000546625807602734,0.0159577183883102,0.0159670778771242
2024-099-00:08:43.700000000,0.0995933794476872,89.9424267989637,0.115037,120.031431,4.76343441351072e-06,-0.00504616147703709,0.0050461637253106,0.0010157252091543,0.00122140634770621,0.00158856261026394,-0.000536132172560793,0.0155830419901613,0.0155922620351758
2024-099-00:08:43.800000000,0.060078464489764,89.9406290001648,0.084465,134.660642,2.22342022209982e-05,-0.00685830195106065,0.00685833799193877,0.00101852442153289,-0.000271980848351506,0.00105421325125845,-0.000526878455023541,0.015189318789814,0.0151984540728643
2024-099-00:08:43.900000000,0.014179456473166,89.9436568275748,0.0581,165.874145,2.88459221304261e-05,-0.0084721262675789,0.00847217537477972,0.00101438723149878,-0.00175467572950121,0.00202678769759646,-0.000517344396351707,0.0148015035344983,0.0148105419247981
2024-099-00:08:44.000000000,0.0222660000224272,89.947119516712,0.057377,157.165851,3.22643484192177e-05,-0.00980994395391385,0.00980999701157497,0.0010191028953984,-0.00319392815187011,0.00335257330281052,-0.000509875886860881,0.0144766303692715,0.0144856066586289
2024-099-00:08:44.100000000,0.0476280840913553,89.9509571345068,0.068364,135.838455,3.88720770766303e-05,-0.010921675915061,0.0109217450909641,0.00102386830163898,-0.0046096818645465,0.004722020032934,-0.000502517544422055,0.0142221809979385,0.0142310560472712
2024-099-00:08:44.200000000,0.0680882337272844,89.9552580387194,0.081473,123.309596,4.09806906217934e-05,-0.0118428693381947,0.0118429402421255,0.00102406624477006,-0.00593780625968052,0.00602546718945333,-0.000495378713688838,0.0140075178994834,0.0140162747466766
2024-099-00:08:44.300000000,0.0675039918044871,89.9549355247884,0.081164,123.72636,2.86510851538095e-05,-0.0127709917847974,0.0127710239233995,0.00100471674766037,-0.00724796888954829,0.00731727468166183,-0.000484067523292013,0.0137830887644896,0.013791586466281
2024-099-00:08:44.400000000,0.0302248190313424,89.944850322597,0.062889,151.275019,3.14881580834976e-05,-0.014264286592093,0.0142643213468242,0.00100605820558637,-0.00866075980988718,0.00871899728165944,-0.000474913891508451,0.0133713061533969,0.0133797373461595
2024-099-00:08:44.500000000,0.0213757648900394,89.9317239366422,0.071544,162.615781,2.07314030403491e-05,-0.016614276071317,0.0166142890057025,0.0009946035384549,-0.0100505065804251,0.0100995999288029,-0.000462791813899365,0.0130367149832434,0.0130449267463384
2024-099-00:08:44.600000000,0.0574315674092765,89.9221959248027,0.096705,143.56686,2.55472923885624e-05,-0.0191867972241053,0.0191868142322556,0.000996123898932302,-0.0114121410539481,0.011455532561048,-0.000452646306601157,0.012728398784659,0.0127364447276385
2024-099-00:08:44.700000000,0.0850359337635879,89.9150219864018,0.120218,134.980449,2.86655154792907e-05,-0.0218606783998373,0.0218606971941173,0.000999976929834567,-0.0127282235352001,0.0127674440755471,-0.000442175215636353,0.0124662917837473,0.0124741312226081
2024-099-00:08:44.800000000,0.107786029006163,89.9091258781782,0.140982,130.134106,2.53813837824259e-05,-0.0245246899045359,0.0245247030385342,0.000997488523679993,-0.0139949861506057,0.0140304889690459,-0.000428188633034351,0.0122061682408134,0.0122136762945684
2024-099-00:08:44.900000000,0.126240444958068,89.9108043380263,0.154572,125.243206,3.13588434730093e-05,-0.0270937582338667,0.0270937763815287,0.000987776900982427,-0.0152737521751138,0.015305659368773,-0.000414062461142772,0.0119454319173303,0.0119526060511213
2024-099-00:08:45.000000000,0.141341474331829,89.9261385606073,0.159477,117.590363,3.973819165262e-05,-0.0295140035629611,0.0295140303150612,0.000990204410489715,-0.016651254468696,0.0166806708544897,-0.000403155814272753,0.0116613896123754,0.0116683564524829
2024-099-00:08:45.100000000,0.152727406548443,89.9461975885857,0.161927,109.406163,3.7863895244378e-05,-0.0308001873736486,0.0308002106474359,0.000979627470028961,-0.0180199008675641,0.0180465092817662,-0.000390335272693216,0.0113205955795093,0.0113273229802948
2024-099-00:08:45.200000000,0.159784488238842,89.9618271293086,0.164281,103.436212,5.2338640296507e-05,-0.0315279439933607,0.0315279874362725,0.000993048037673376,-0.0190784198787728,0.0191042468963285,-0.000386050091044644,0.0111571588519837,0.0111638357351402
2024-099-00:08:45.300000000,0.163522461800836,89.9744790623409,0.165502,98.870563,6.00614625234172e-05,-0.0321366367957345,0.0321366929213359,0.00099590563980178,-0.0197571342232967,0.0197822188027721,-0.000381763601299109,0.011006639356624,0.0110132580726169
2024-099-00:08:45.400000000,0.165121361259011,89.9853158527003,0.165773,95.081898,5.92390340565171e-05,-0.0325158968921312,0.0325159508543555,0.000990919385861221,-0.0201197281631463,0.0201441153339673,-0.000377987365902192,0.0109487681613217,0.010955290899796
2024-099-00:08:45.500000000,0.160186848248544,89.9918115545494,0.160396,92.926296,7.72306127261042e-05,-0.03268178041537,0.0326818716674245,0.0010047488693758,-0.0202747597920456,0.0202996405119811,-0.000379261178350722,0.0109430394928019,0.0109496096908715
2024-099-00:08:45.600000000,0.145085432041586,89.9918350274466,0.145315,93.22103,7.70341084481713e-05,-0.0328574145992624,0.0328575049022546,0.00100048643638528,-0.0204395649088325,0.0204640364242192,-0.000376678681873964,0.0109173029255546,0.0109237992474094
2024-099-00:08:45.700000000,0.126573179219681,89.9883520737069,0.127108,95.25784,7.71672879701954e-05,-0.0331403553328415,0.0331404451747005,0.000996521551683086,-0.0207086533784046,0.0207326163315168,-0.000373938366735721,0.0108940583984957,0.0109004742232598
2024-099-00:08:45.800000000,0.112162467943977,89.9847013894523,0.113201,97.767026,7.83382447347426e-05,-0.0335284029339734,0.0335284944514881,0.000993682212693969,-0.0210800811034797,0.0211034884241707,-0.00037064810439326,0.0108050632960055,0.0108114186325374
2024-099-00:08:45.900000000,0.100838178624023,89.980959871164,0.10262,100.692614,7.51514325768593e-05,-0.0340200368997391,0.0340201199056886,0.000986889806319985,-0.0215622886288058,0.0215848614172468,-0.000366277847120891,0.0107095217578484,0.0107157834871334
2024-099-00:08:46.000000000,0.0918290264453612,89.9771054602383,0.09464,103.999396,6.97766419172988e-05,-0.0345555843366862,0.0345556547851374,0.000977865804529937,-0.022139285983278,0.0221608710429225,-0.000360576509420457,0.0105939298245579,0.0106000643652198
2024-099-00:08:46.100000000,0.0847686762060388,89.9774257528344,0.087723,104.912011,8.5039033502526e-05,-0.0350892120779936,0.0350893151242886,0.000989187818217453,-0.0227011669925174,0.0227227083632623,-0.000358772151554643,0.0104279238046243,0.0104340937475078
2024-099-00:08:46.200000000,0.0792364174055306,89.9861660018888,0.080435,99.903523,9.89336451072933e-05,-0.0354112728159516,0.0354114110183693,0.000999061529173936,-0.0230075397766889,0.023029220796957,-0.00035917884633139,0.0104071500400599,0.0104133463113435
2024-099-00:08:46.300000000,0.07539102799011,89.9978739373943,0.075421,91.615339,0.000110984597969159,-0.0354005699183206,0.0354007438922248,0.00100719031108056,-0.0229913106510471,0.0230133612880798,-0.000359638337554746,0.0103499874545464,0.010356233873523
2024-099-00:08:46.400000000,0.0732104604793245,90.0070382389391,0.073548,84.508631,0.000116149935909291,-0.0351256935561305,0.0351258855917797,0.00100852992683677,-0.0227187009244997,0.0227410752672382,-0.000359551783707728,0.0102657973931861,0.0102720919779329
2024-099-00:08:46.500000000,0.072239589158876,90.0144059748759,0.073662,78.722064,0.00011276611648556,-0.0346606718929279,0.0346608553308517,0.0010013982056937,-0.0222619797968295,0.0222844910832806,-0.000359266948596764,0.0102439052319301,0.0102502032731609
2024-099-00:08:46.600000000,0.0720914974363146,90.0206038031784,0.074978,74.050033,0.000118839623605249,-0.0339881688977923,0.0339883766585136,0.00100368019482443,-0.0216031942299208,0.0216264970549825,-0.000361369125241814,0.0102466385318828,0.0102530087704899
2024-099-00:08:46.700000000,0.0698811940135174,90.0268781596369,0.074872,68.961944,0.000129718705616003,-0.0331950971047398,0.0331953505590119,0.00101092094717829,-0.0208282684763436,0.0208527870771294,-0.000365461111409934,0.0103054607072072,0.0103119388192398
2024-099-00:08:46.800000000,0.0629213842425658,90.0342706737334,0.071649,61.42471,0.000139998453012347,-0.0321615904249952,0.0321618951281169,0.00101751718502736,-0.0198193665909391,0.0198454688351739,-0.000370437432163728,0.0103836919211272,0.0103902974839044
2024-099-00:08:46.900000000,0.0541363075973844,90.0413307731366,0.06811,52.639813,0.000140912937224907,-0.0309573785832284,0.0309576992879187,0.00101483512941814,-0.0186450639179418,0.0186726618039324,-0.000374350111563653,0.0104669972500046,0.0104736893899729
2024-099-00:08:47.000000000,0.0467473642729707,90.0465891877603,0.065999,45.097108,0.000154074016277211,-0.0295909161756097,0.0295913172892734,0.0010243804451592,-0.0173128101545043,0.0173430894232351,-0.000380975256052507,0.0105840841700453,0.0105909385733432
2024-099-00:08:47.100000000,0.0405709117690008,90.0502220408166,0.064562,38.932354,0.000172381393990014,-0.0281271181400681,0.0281276463681259,0.00103895288150417,-0.0158770259610079,0.0159109828878201,-0.00038927303476281,0.0107539322201556,0.0107609754061282
2024-099-00:08:47.200000000,0.0358124210179751,90.0527076046848,0.063723,34.194333,0.000160684967381652,-0.026712233523003,0.0267127168114025,0.00102379532026478,-0.0144464819151447,0.0144827137160962,-0.000392147747537786,0.0109885962296296,0.0109955912507572
2024-099-00:08:47.300000000,0.030391097487641,90.0484584503851,0.0572,32.094209,0.00016667639453882,-0.0253499278873263,0.0253504758320852,0.00102628756286572,-0.0131187982940288,0.0131588804554607,-0.000397152991782608,0.0111112934689979,0.0111183889594256
2024-099-00:08:47.400000000,0.022537533773636,90.0321393238989,0.039254,35.039862,0.000164385354081391,-0.0244254210384509,0.0244259741965441,0.00102047447980308,-0.0122159460502721,0.0122584952611276,-0.000398139554077485,0.0111529683803266,0.0111600725265155
2024-099-00:08:47.500000000,0.0148238446210322,90.0123651951082,0.019304,50.167088,0.000153771545399267,-0.0240680584393381,0.0240685496598273,0.00100650274008176,-0.011863793006589,0.0119064113934041,-0.000394949835044845,0.0110850683794782,0.0110921019806847
2024-099-00:08:47.600000000,0.00969225662661542,89.9975301486802,0.010002,104.296259,0.000155010931412033,-0.0241058534963623,0.0241063518844503,0.00100429316461299,-0.0118951656385295,0.0119374859299829,-0.000394155484965507,0.0110739516436714,0.0110809640173002
2024-099-00:08:47.700000000,0.0066623236068414,89.9864113502882,0.015134,153.881937,0.000158863268368461,-0.0244518680130526,0.024452384073251,0.00100466889800194,-0.0122259671645873,0.0122671770470707,-0.00039276181717637,0.0110263694043273,0.0110333623200599
2024-099-00:08:47.800000000,0.00497807516853741,89.9773188710618,0.023221,167.620952,0.000155594058978004,-0.0249779399156787,0.0249784245288297,0.000997836273415278,-0.0127806413459109,0.0128195347201586,-0.000387853378228539,0.0108804097105748,0.0108873204101364
2024-099-00:08:47.900000000,0.00682349676821094,89.9723567074236,0.028473,166.134235,0.000163941366822442,-0.0255601210675091,0.0255606468180576,0.00100194279804807,-0.0134774514920235,0.0135146434688602,-0.000385709804947525,0.0107604536785287,0.0107673643674483
2024-099-00:08:48.000000000,0.0320900414614708,89.9736125138028,0.041546,129.430292,0.000169822330734402,-0.0261392134518061,0.026139765100381,0.0010039529124361,-0.0141378546235976,0.0141734559938065,-0.000382785809762049,0.0106201031619623,0.010626999395261
2024-099-00:08:48.100000000,0.062183367513753,89.977640940048,0.066081,109.776881,0.0001695447968626,-0.0266611244238485,0.0266616635074046,0.00100101058612351,-0.0146833527809924,0.0147174342561674,-0.000379216267969459,0.010531694458919,0.0105385194953522
2024-099-00:08:48.200000000,0.0843179578917128,89.9813171201912,0.086363,102.493539,0.000168664437600207,-0.0271459470259354,0.0271464709976711,0.000996673668939139,-0.0151561710201207,0.0151889064252007,-0.000375429434448862,0.0104404741901098,0.0104472220506027
2024-099-00:08:48.300000000,0.100557731020693,89.9847734906818,0.101704,98.610342,0.000149476260153592,-0.0275204473870044,0.0275208533213131,0.000974287259268417,-0.0155136246589615,0.0155441881654434,-0.00036811362558327,0.0103739805996944,0.0103805096755495
2024-099-00:08:48.400000000,0.113520036806224,89.988196828824,0.114132,95.935954,0.000147150050206147,-0.0278084644398532,0.0278088537635022,0.00096871715956925,-0.0157873168199325,0.0158170093667598,-0.000364768927509155,0.0103202660906857,0.0103267104420059
2024-099-00:08:48.500000000,0.123913943867597,89.9918298036589,0.124183,93.772299,0.000142569677354527,-0.0279800468996265,0.0279804101224088,0.000960930817871053,-0.015947602449928,0.0159765269047339,-0.000361971468869638,0.0103252003756467,0.0103315432604006
2024-099-00:08:48.600000000,0.132882191661204,89.9961483756786,0.132938,91.660265,0.000142350874832021,-0.0280548941413906,0.0280552552841032,0.00095744015907971,-0.0160143062475519,0.0160429017402899,-0.000360417920386089,0.0103102786124981,0.010316576280175
2024-099-00:08:48.700000000,0.139880765897708,90.0002559160033,0.139881,89.895176,0.000128504720548088,-0.0280088453109001,0.0280091400994949,0.000940481652684224,-0.015963551136208,0.0159912310538421,-0.000355861344775567,0.0102662295450189,0.0102723953568642
2024-099-00:08:48.800000000,0.144773271813746,90.0035176200302,0.144816,88.608136,0.000133953125375066,-0.0278868937250407,0.0278872154413365,0.000942791330103256,-0.0158394194418711,0.015867452969763,-0.000355419822577784,0.0101796547394742,0.0101858575419638
2024-099-00:08:48.900000000,0.147796756510122,90.0060614426979,0.147921,87.651506,0.000133290562655681,-0.0276897259905872,0.0276900468003919,0.000939032074966159,-0.0156420556722399,0.0156702165553405,-0.000354468911545846,0.010107112179236,0.0101133261003942
2024-099-00:08:49.000000000,0.149740226092652,90.0080787748029,0.149958,86.911783,0.000144803345352621,-0.0274571366922522,0.0274575185212694,0.000947428717305934,-0.015410727156975,0.0154398229485025,-0.000356456065767811,0.0100410116708838,0.0100473367765616
2024-099-00:08:49.100000000,0.138794888927062,90.0127578809408,0.13938,84.7482,0.000153586829786657,-0.0270818397153709,0.0270822752235355,0.000953124540595131,-0.0150403411018928,0.0150705111675474,-0.00035834297765435,0.00999996769874411,0.0100063861441361
2024-099-00:08:49.200000000,0.102847148421568,90.023002068903,0.105388,77.393112,0.000153815939349571,-0.0264513610661411,0.0264518082859105,0.000950350632773615,-0.0144224630318144,0.0144537402159187,-0.000359848004484855,0.0100424331219941,0.0100488782257551
2024-099-00:08:49.300000000,0.0604036277375746,90.0345043807829,0.069564,60.263695,0.00015159396708381,-0.0255383250947839,0.025538775017172,0.000945156103863443,-0.013530546738155,0.0135635177993788,-0.000361934160565775,0.0101118039746958,0.0101182792983421
2024-099-00:08:49.400000000,0.0294720227176404,90.0428852577833,0.052036,34.49801,0.000158521318695565,-0.024433378222607,0.0244338924524409,0.000949105007961479,-0.0124525362732527,0.0124886532481614,-0.000366712562403566,0.0102105306698592,0.0102171138127927
2024-099-00:08:49.500000000,0.0086236702546463,90.049008054955,0.049761,9.979849,0.000153657261008413,-0.0231716682912452,0.0231721777559503,0.000941297901274178,-0.0112217019640587,0.0112611116995216,-0.000369052462210456,0.010333677167029,0.0103402651567666
2024-099-00:08:49.600000000,0.0150756341534009,90.0537591779194,0.055833,15.665041,0.000143527043554668,-0.0219308392495189,0.0219313089030379,0.000928611596219918,-0.00994072797421156,0.00998400681860275,-0.000370892856790301,0.0104940804355074,0.010500632633233
2024-099-00:08:49.700000000,0.0212964897085791,90.0514701122215,0.055702,22.478024,0.000120963730252991,-0.0206605443512473,0.020660898458535,0.000903165088750438,-0.00867947499009359,0.00872633905376119,-0.000369549782481715,0.010626956540327,0.0106333801000308
2024-099-00:08:49.800000000,0.00929883708815029,90.0362771848462,0.03745,14.376942,0.000125176522407929,-0.0197268483240297,0.0197272454732291,0.000904392275852882,-0.00776776270354845,0.00782023419133089,-0.000372629855438707,0.0107079670051212,0.0107144486741936
2024-099-00:08:49.900000000,0.012048777805921,90.0170883948541,0.020909,35.187106,0.000119742527803816,-0.0192864267316821,0.0192867984473708,0.000896068640730694,-0.00733470178768753,0.00738923469130651,-0.000371941524680569,0.0107402459474203,0.0107466843030238
2024-099-00:08:50.000000000,0.0276653878917834,90.0024875775924,0.027777,84.861976,0.000126568410486084,-0.019229035714069,0.0192294522557319,0.000899997748061297,-0.00727393922132572,0.00732940568818891,-0.000371886213279632,0.0106581844106263,0.0106646703787104
2024-099-00:08:50.100000000,0.0407490755576591,89.9914470693601,0.041637,101.853885,0.000131757272633591,-0.019440357440196,0.0194408039283738,0.000902349801677279,-0.00747409889080589,0.00752837229380514,-0.000370933428555401,0.0106339776228915,0.010640445089026
2024-099-00:08:50.200000000,0.0522659265593551,89.9823739405689,0.055158,108.636059,0.00013318589088436,-0.0198765766283043,0.0198770228390065,0.000900919993331108,-0.00789403663041796,0.00794527980355407,-0.00036787586571089,0.0105279172877214,0.010534342650098
2024-099-00:08:50.300000000,0.0666168642807373,89.9781843356311,0.070098,108.132558,0.000118417458431781,-0.0203657100730186,0.0203660543422803,0.000883743996284341,-0.00839711005611131,0.00844348629094726,-0.000360859902033997,0.0103983751907706,0.0104046348555309
2024-099-00:08:50.400000000,0.0880814531966241,89.9812836920647,0.090048,101.996267,0.000105876117985282,-0.0208116763841329,0.020811945696408,0.000868523957367074,-0.0088341725252043,0.00887676394130176,-0.000354718546906145,0.0102973664197424,0.0103034741922304
2024-099-00:08:50.500000000,0.110121500478257,89.9877658789561,0.110799,96.339361,0.000119376254518155,-0.0210910937002713,0.0210914315342456,0.000879224073598419,-0.00910022734649166,0.00914260207651135,-0.000355620943053673,0.0102924243698816,0.0102985661946152
2024-099-00:08:50.600000000,0.126160850921126,89.9934648134012,0.12633,92.965291,0.000113718850573065,-0.0212371746495939,0.0212374791129816,0.000870857798636819,-0.00923694454156926,0.00927790589354477,-0.000353094117405757,0.0103009666575035,0.0103070165195727
2024-099-00:08:50.700000000,0.137911306275542,89.998641203128,0.137918,90.564498,0.000109147516236357,-0.0212494985681296,0.02124977888302,0.000863518972647547,-0.00924346370392557,0.00928371080236302,-0.000350979880520426,0.0102705689864069,0.0102765643179554
2024-099-00:08:50.800000000,0.146648447348186,90.0035743226302,0.146692,88.603786,0.000115272266793809,-0.0211473295945698,0.0211476437618203,0.000866998686596457,-0.0091391275517742,0.00918016008194619,-0.000350743051118785,0.0101867712473999,0.0101928077159712
2024-099-00:08:50.900000000,0.140191999217489,90.0107950005539,0.140607,85.596834,0.00010667690740711,-0.0208887315605105,0.0208890039535072,0.000855767794774916,-0.00888328009668195,0.0089244049546555,-0.000348015937166137,0.0101079902225657,0.0101139795052197
2024-099-00:08:51.000000000,0.106032013171728,90.0223842113049,0.108369,78.079443,0.000118504396398656,-0.0203363280095198,0.0203366732825884,0.000864911738154135,-0.00834175527762994,0.00838647443367377,-0.000352376446828154,0.0101523421931469,0.0101584556487209
2024-099-00:08:51.100000000,0.0633497856415309,90.0346087866915,0.072187,61.351675,0.000114677898112691,-0.0194955633621156,0.0194959006415857,0.000858503890580573,-0.00752028315354283,0.00756912727067012,-0.000353828266000738,0.0102286056906308,0.0102347236805019
2024-099-00:08:51.200000000,0.0316164045585203,90.0435124918956,0.053786,36.002357,0.000108582119760147,-0.0184712329730877,0.0184715521173185,0.000849835917633382,-0.0065211277378576,0.00657627007203593,-0.000355377796889393,0.010312365283558,0.0103184868619413
2024-099-00:08:51.300000000,0.00959582390594826,90.0498070568872,0.050723,10.904989,0.00010386842549109,-0.0172650904009066,0.0172654028392416,0.000842428865769057,-0.00534086622204454,0.00540689729841961,-0.000357721347500704,0.0104446025900935,0.0104507266650432
2024-099-00:08:51.400000000,0.0162794404360944,90.0546091215397,0.056984,16.599766,0.000104874578902132,-0.0161173694365473,0.0161177106386561,0.000840760922863079,-0.00414396565597112,0.00422839571082009,-0.000362453852146426,0.0106411194447541,0.0106472905394969
2024-099-00:08:51.500000000,0.0380091468758323,90.0553330109691,0.06713,34.485815,0.000107579994817697,-0.0149945225679627,0.0149949084857637,0.000840998332252496,-0.00296329850519996,0.00308032729198892,-0.000368064607618677,0.0108316672510436,0.01083791894197
2024-099-00:08:51.600000000,0.0697666786163531,90.0498909278831,0.08577,54.431036,0.000113145611568703,-0.0138721062873252,0.0138725677066744,0.000844139131409997,-0.00186210518128982,0.00204450643906152,-0.000373197895940654,0.0109463667213812,0.0109527266499487
2024-099-00:08:51.700000000,0.101982306262841,90.0418703965792,0.110243,67.678671,9.6220589833703e-05,-0.012898368781022,0.0128987276741991,0.000824801086223857,-0.000911763068071485,0.00122947497906024,-0.00037292716182174,0.0110247540059556,0.0110310595846391
2024-099-00:08:51.800000000,0.125592855998684,90.0356114095374,0.130544,74.169528,9.10424931078963e-05,-0.0120699258612575,0.0120702692195247,0.000817144194313143,-0.000102647543567654,0.00082356611908222,-0.000374688375935778,0.0110906674122596,0.0110969948647559
2024-099-00:08:51.900000000,0.142636603022061,90.0302693300242,0.145813,78.018864,8.72305008204735e-05,-0.0114002940003406,0.0114006277219492,0.000810920886501194,0.000551768581643252,0.000980837015947343,-0.000375945642508845,0.0111146562214184,0.0111210124559968
2024-099-00:08:52.000000000,0.155538395976252,90.0256057886371,0.157632,80.651455,8.43849444094383e-05,-0.010847726572251,0.0108480547843917,0.000805682985628724,0.00109247101277093,0.00135743065645224,-0.000377294474421856,0.0111656246244213,0.0111719973314494
2024-099-00:08:52.100000000,0.151525906806465,90.0150755156571,0.152274,84.318277,8.47949103721539e-05,-0.010529325722148,0.0105296671523801,0.000803685880900599,0.00140594832016227,0.00161944486603468,-0.000377783043519036,0.0111516716103626,0.0111580688173777
2024-099-00:08:52.200000000,0.117773789736289,89.9923497047389,0.118022,93.716566,7.92533262065646e-05,-0.0107321730030213,0.0107324656280136,0.000795672259315213,0.00121312957482468,0.00145078520448689,-0.000374769491455588,0.0111377369122859,0.0111440403668966
2024-099-00:08:52.300000000,0.0750773998477843,89.9671764662213,0.081939,113.61474,6.21703857772335e-05,-0.0113131349393068,0.0113133057640918,0.000775134367099593,0.000455858300104679,0.000899244169752139,-0.000366270527518632,0.0110138667467436,0.0110199553000161
2024-099-00:08:52.400000000,0.0438351713549678,89.9493323549277,0.066998,139.135232,6.28144084279181e-05,-0.0121822512632005,0.0121824132046839,0.000773383210388124,-0.000586688576704945,0.000970734297398786,-0.000360345964505329,0.010800626113987,0.0108066356313273
2024-099-00:08:52.500000000,0.0215566436556839,89.9368234670813,0.066753,161.159696,6.25073207598887e-05,-0.0136247340918755,0.0136248774761266,0.000770591995180695,-0.00164635752697595,0.00181777477418599,-0.000352577448238093,0.0105414647818714,0.0105473594138268
2024-099-00:08:52.600000000,0.0111245513937369,89.9275490895692,0.0733,171.270633,5.49825515501081e-05,-0.015404309469722,0.0154044075939304,0.000767365404201931,-0.00270913067098899,0.00281571281491193,-0.000344896412207989,0.0103101856980661,0.0103159528238433
2024-099-00:08:52.700000000,0.0246181310785205,89.9278429627576,0.076241,161.161669,5.79648265484698e-05,-0.0172233894522686,0.0172234869914786,0.000773151584403315,-0.00374699050418535,0.00382592488307345,-0.000339188383708336,0.010095621668145,0.0101013180142971
2024-099-00:08:52.800000000,0.053556562938397,89.9445429113823,0.077096,135.998771,5.95906710637526e-05,-0.0182882709891523,0.018288368074291,0.000768260827618243,-0.00478089052438932,0.00484222458230184,-0.000331483397202027,0.00982018425948437,0.00982577732969993
2024-099-00:08:52.900000000,0.0839932782750257,89.9669163928104,0.090274,111.498671,4.85505375031019e-05,-0.0188273193811408,0.0188273819803543,0.000754395579310791,-0.00548971390101584,0.00554130592957023,-0.000324298866081536,0.00967478394063954,0.0096802176655589
2024-099-00:08:53.000000000,0.105916453402642,89.9844902840575,0.107046,98.330803,5.70646813690937e-05,-0.0191732280375202,0.019173312957249,0.00076051829892755,-0.00582574189777656,0.00587517291171187,-0.000323306959767188,0.00959396562789771,0.00959941164132035
2024-099-00:08:53.100000000,0.121234939149095,89.9986915291099,0.121242,90.61836,6.31217985626126e-05,-0.0192011250535441,0.019201228806597,0.000764246541858387,-0.00585282292712329,0.00590250870333984,-0.000323564981110435,0.00955203777058695,0.00955751640687688
2024-099-00:08:53.200000000,0.132299803088234,90.0107026225942,0.132732,85.375038,6.17159448436331e-05,-0.0189458243210253,0.0189459248404769,0.000760553328846873,-0.00560440550434622,0.00565577602307289,-0.000322648161813867,0.00949128736583274,0.00949676985596356
2024-099-00:08:53.300000000,0.121519810695667,90.016883009355,0.122687,82.090417,4.61724838459968e-05,-0.0185573015341476,0.0185573589750142,0.000742752199786242,-0.00522679306502753,0.00527930360700228,-0.00031972102640042,0.00948183807460675,0.00948722692928681
2024-099-00:08:53.400000000,0.0713144542461052,90.0132887347318,0.072542,79.44457,5.06442034456243e-05,-0.0182555377479855,0.0182556079959958,0.000744888207629956,-0.00493351455221776,0.00498943125805041,-0.000320904211836935,0.00945903556540808,0.00946447744679175
2024-099-00:08:53.500000000,0.00953992832743175,90.0053506646103,0.010938,60.713218,5.21041722750486e-05,-0.0181451765592656,0.0181452513681043,0.000744063026010393,-0.00482641601931071,0.00488343335964921,-0.000320104221024062,0.00939488810413425,0.00940033984500138
2024-099-00:08:53.600000000,0.0360307775181999,89.9990237789392,0.036044,91.551997,5.87146316052044e-05,-0.0181566508576794,0.0181567457925597,0.00074837727089446,-0.00483721237118868,0.00489476169630067,-0.000320963169698801,0.00940046480688834,0.00940594258656991
2024-099-00:08:53.700000000,0.0700663733292072,89.9936780897337,0.070351,95.155689,7.2748407005634e-05,-0.018293761018449,0.0182939056663919,0.000760121211681201,-0.00497032345604818,0.00502811092898619,-0.000323087366718903,0.00941360229019021,0.0094191450527321
2024-099-00:08:53.800000000,0.0975641767937123,89.9886599659675,0.098221,96.629821,7.28153361691306e-05,-0.0185439115167109,0.0185440544761059,0.000757961752063386,-0.00521340218163619,0.00526821301060236,-0.000320871456493167,0.00936657334612316,0.00937206779424354
2024-099-00:08:53.900000000,0.111512386955236,89.9922553507324,0.111781,93.972866,6.13393856441887e-05,-0.0187094017937903,0.0187095023451111,0.000744309081329689,-0.00537407775685653,0.00542537627683923,-0.000316626901544343,0.00936169641433623,0.00936704928720765
2024-099-00:08:54.000000000,0.104900714927272,90.0123483117519,0.105625,83.286372,6.43577132095869e-05,-0.0184292122253514,0.0184293245986469,0.000745130591041704,-0.00510155835582156,0.0051556878547444,-0.00031688501485607,0.00932173196900846,0.00932711654342727
2024-099-00:08:54.100000000,0.0899234285720076,90.0373273613704,0.097363,67.456601,7.26832536235846e-05,-0.0176326544128729,0.0176328042154152,0.000751280370161199,-0.00432811014933377,0.00439283048379465,-0.000321752244909236,0.00940623782982263,0.00941173919200328
2024-099-00:08:54.200000000,0.0782527856399155,90.0552192223006,0.095774,54.791244,7.42193576061976e-05,-0.0166057743053294,0.0166059401658738,0.000750858718621687,-0.00324720803451825,0.00333288896226233,-0.000327481895806297,0.00960227341330802,0.00960785611341067
2024-099-00:08:54.300000000,0.0686730327957078,90.0680275852259,0.096663,45.270547,7.62126079285393e-05,-0.0156916134360919,0.0156917985135339,0.000750234505257127,-0.00218332939355482,0.00230863142438087,-0.000333205314852359,0.00976712684932071,0.00977280884252666
2024-099-00:08:54.400000000,0.0599295739487172,90.0778885136251,0.098276,37.575696,7.44983181487187e-05,-0.0147795458528477,0.0147797336111256,0.000746773523211099,-0.00133210983819818,0.00152715006335117,-0.000338174992364296,0.00991464658331179,0.00992041224936932
2024-099-00:08:54.500000000,0.0469761942456109,90.078225657903,0.091247,30.985738,7.8467056800428e-05,-0.0138686022695058,0.0138688242468042,0.000746943774595969,-0.000522178457270695,0.0009113700366181,-0.000344872368828001,0.0100304849823788,0.0100364120049202
2024-099-00:08:54.600000000,0.024956058400409,90.0622433851435,0.06706,21.847984,7.58293676222939e-05,-0.0129330223116379,0.0129332446124829,0.000742526720664016,0.000579619692049183,0.000941968639770585,-0.000348800574310051,0.0102182310163585,0.010224182458481
2024-099-00:08:54.700000000,0.00683221211548541,90.0405484313556,0.04112,9.564223,7.83829032188678e-05,-0.0120652700577113,0.0120655246651366,0.00074294500343875,0.00142300224212812,0.00160527339080801,-0.00035120855927879,0.0102808050935556,0.0102868022642505
2024-099-00:08:54.800000000,0.0185318062159361,90.0234122202811,0.029859,38.363172,8.60446148104355e-05,-0.0115909958429128,0.0115913152103702,0.000748504848444474,0.00188345112504689,0.00202673324554202,-0.000354003691842476,0.0103273894265105,0.0103334549392078
2024-099-00:08:54.900000000,0.0306398262785988,90.0095377751226,0.03209,72.709323,8.23880326702608e-05,-0.0114078346055363,0.0114081321071943,0.000742776072057273,0.00206079193256442,0.0021905660644097,-0.000352245867074533,0.0102612330769643,0.0102672772150487
2024-099-00:08:55.000000000,0.0400642609962812,89.9975516714275,0.040139,93.496998,8.31763558381299e-05,-0.0114788112358846,0.0114791125830894,0.000741516321742451,0.00199086909525067,0.0021244778675794,-0.000351300097901581,0.010233091186937,0.0102391194445106
2024-099-00:08:55.100000000,0.0383314722342447,89.9889695411017,0.039887,106.053968,7.8458331490715e-05,-0.0117270185865061,0.0117272810419994,0.000734744440230945,0.00174856331995505,0.00189666103359101,-0.000348857511490747,0.0102313592630468,0.0102373050131789
2024-099-00:08:55.200000000,0.0173227970139501,89.9856774220594,0.022477,129.584117,7.51317720645585e-05,-0.0120466348088416,0.0120468690953611,0.00072936296181983,0.00143674367167713,0.0016112736292073,-0.00034635823196771,0.0101973393612998,0.0102032197895745
2024-099-00:08:55.300000000,0.0106216773554189,89.9854184509536,0.01804,143.92918,8.62985174929048e-05,-0.0123746403785141,0.0123749412900293,0.00073849249180714,0.00111653873789704,0.0013386672154349,-0.00034670505199689,0.0101474878339785,0.0101534089710708
2024-099-00:08:55.400000000,0.0311412054314918,89.9860768578488,0.034112,114.089277,8.21199006318749e-05,-0.0126756172332846,0.0126758832403435,0.000732311221809368,0.000822908971915002,0.00110157110603271,-0.000343664057708541,0.0100904368148536,0.0100962874413873
2024-099-00:08:55.500000000,0.0471939850406666,89.987509100422,0.048819,104.824632,8.40700868647031e-05,-0.0129588121926275,0.0129590848914302,0.000732244844715439,0.000546277616910923,0.000913565403980588,-0.000342352876376613,0.0100602712009569,0.0100660946810949
2024-099-00:08:55.600000000,0.0606317204923121,89.9895893385609,0.061519,99.742861,8.71033467416223e-05,-0.0131802357214534,0.0131805235353567,0.000733253920724281,0.000330239572960473,0.000804188714050779,-0.000341387822839619,0.0100478554602294,0.0100536533158472
2024-099-00:08:55.700000000,0.0558719981310648,89.985412165435,0.057745,104.6329,7.05381105564338e-05,-0.0134946624834911,0.0134948468375296,0.000714689589217785,2.35295876515151e-05,0.000715076814357267,-0.000335571432718972,0.00997774381530735,0.0099833851889207
2024-099-00:08:55.800000000,0.0183217437800809,89.96821326597,0.036689,150.041025,7.26124257115291e-05,-0.0139880961971256,0.0139882846619736,0.000715083843046734,-0.000605182181101584,0.000936797937075737,-0.000332226698287224,0.00985072665505124,0.00985632742006838
2024-099-00:08:55.900000000,0.0323382358446691,89.9472692950293,0.061857,148.480393,6.23238929234025e-05,-0.0148617928506938,0.0148619235297643,0.00070544570244703,-0.00155223868247112,0.00170502157360564,-0.000325137653400764,0.00966185924412164,0.00966732840793555
2024-099-00:08:56.000000000,0.0673730728574241,89.9322539513694,0.095544,135.158136,6.77244653551652e-05,-0.0163975056619299,0.0163976455180684,0.000707240269198077,-0.00251433499618909,0.00261190912388555,-0.000319122595285853,0.00946446698770255,0.00946984554214763
2024-099-00:08:56.100000000,0.093498399563816,89.9211656445474,0.122298,130.136301,6.27481290503124e-05,-0.0181373924607686,0.018137501002168,0.000703620453677867,-0.00344338960981314,0.00351454317768369,-0.000310744037467599,0.00928321713230715,0.00928841655947787
2024-099-00:08:56.200000000,0.114335739237463,89.9124841207293,0.143985,127.43144,5.90621074525655e-05,-0.0198999491727447,0.0199000368193217,0.000704692801773974,-0.00430366305049258,0.00436097553272741,-0.000302350967129423,0.00912341518996173,0.00912842378703731
2024-099-00:08:56.300000000,0.117001898864283,89.9096288932495,0.147839,127.682092,6.76020592511409e-05,-0.0216655080235192,0.0216656134913275,0.000704719496123768,-0.00514097932748426,0.00518905559941667,-0.00029469850950344,0.00894650368370872,0.00895135606341952
2024-099-00:08:56.400000000,0.0881388999005086,89.9159199213741,0.121811,133.649882,6.28246217473769e-05,-0.0233433807720698,0.0233434653126509,0.000698940510743752,-0.00601085639883561,0.00605135625169943,-0.00028561184141403,0.00876605948790063,0.00877071109257217
2024-099-00:08:56.500000000,0.049188730866271,89.9256685678722,0.089133,146.505438,6.3185757307267e-05,-0.0249885033010235,0.0249885831864311,0.000693745250510874,-0.0069364554427455,0.00697106136695124,-0.000278173970550863,0.0085550854411685,0.00855960674701737
2024-099-00:08:56.600000000,0.022066795713121,89.9330246012498,0.070517,161.764177,6.40048734183711e-05,-0.0264234411752166,0.0264235186938445,0.000692303717285987,-0.00786284300288375,0.00789326196986809,-0.000271896412955186,0.00833703391850193,0.00834146643088789
2024-099-00:08:56.700000000,0.0114384543137832,89.9388791121093,0.062182,169.400006,6.00940325543379e-05,-0.0275864224562512,0.0275864879103432,0.00068882255997081,-0.00879932435755727,0.00882624414281779,-0.000265490256359831,0.00808341432599628,0.00808777300880434
2024-099-00:08:56.800000000,0.0230549826057589,89.9438487938935,0.0607,157.677556,6.60865102297784e-05,-0.0285193589451796,0.0285194355145895,0.000691749435322021,-0.00971261422890633,0.00973721687346144,-0.000260512805748736,0.00784926407660503,0.00785358602590188
2024-099-00:08:56.900000000,0.0322056008301378,89.9516513064255,0.058093,146.33197,6.51900059718321e-05,-0.0291574808279668,0.0291575537034596,0.000687332438058897,-0.0105696025431923,0.0105919272940039,-0.000255658730212533,0.00773760114310524,0.00774182361179311
2024-099-00:08:57.000000000,0.0313972470669358,89.9661245762317,0.046188,137.174273,6.79892786572749e-05,-0.0296268019320261,0.029626879944765,0.000688356481458889,-0.0112187907749919,0.0112398888383565,-0.000253060706616972,0.00763854160436725,0.00764273233620562
2024-099-00:08:57.100000000,0.0257485776901569,89.9815214443497,0.031693,125.665241,7.90516829851666e-05,-0.0299590446966191,0.0299591489916286,0.000697484278625839,-0.0115630894346038,0.0115841064217995,-0.000253224325998321,0.00756947348919025,0.00757370790715032
2024-099-00:08:57.200000000,0.0209695726175387,89.9922901367787,0.022342,110.186913,7.06511174849848e-05,-0.0300756828297085,0.0300757658132528,0.00068725284244968,-0.011690891307138,0.0117110740764787,-0.000250521668439419,0.00757601436294062,0.00758015532385981
2024-099-00:08:57.300000000,0.0164290823358612,89.9997489729034,0.016431,90.875379,6.9667920286515e-05,-0.0300412071359984,0.0300412879185809,0.000684475615913812,-0.0116709654868343,0.0116910197272803,-0.00024951803836173,0.00755435794100537,0.00755847756841936
2024-099-00:08:57.400000000,0.0120221615426382,90.0051123114367,0.013064,66.962832,7.90205814487168e-05,-0.0299059651774881,0.0299060695754126,0.0006920117972166,-0.0115531797632438,0.0115738862517874,-0.000250700518556369,0.00750703272755121,0.00751121768573708
2024-099-00:08:57.500000000,0.0142385025412953,90.0010878627698,0.01428,85.630925,7.16506805789408e-05,-0.0298462563770285,0.0298463423813261,0.000682845302575838,-0.0115087022438183,0.011528942060923,-0.000248010433780418,0.00746659515596368,0.00747071297791076
2024-099-00:08:57.600000000,0.0302001148494398,89.9803190623203,0.036047,123.091649,7.75148382503325e-05,-0.0301883119063365,0.0301884114239952,0.000687060533522333,-0.0118686169476409,0.0118884868854936,-0.00024734137170093,0.00739928748390032,0.00740342035977688
2024-099-00:08:57.700000000,0.0503835202628855,89.9547821272731,0.067699,131.907124,7.61800451055921e-05,-0.0307235197762849,0.0307236142216869,0.000684613039867928,-0.0126862997621378,0.0127047588197957,-0.000242596435054998,0.00726751908533085,0.00727156700346971
2024-099-00:08:57.800000000,0.0652175120169781,89.9363626327045,0.091121,134.2974,8.55042297552606e-05,-0.0319535852153799,0.0319536996150658,0.000694701884572261,-0.0135853595745394,0.0136031101398893,-0.00023875422594718,0.00707247648808491,0.0070765052995756
2024-099-00:08:57.900000000,0.0763344441545774,89.9229589313202,0.108454,135.263943,8.56640911965748e-05,-0.033561038468309,0.0335611477963409,0.000695932359224171,-0.01443833017333,0.0144550925297179,-0.000232375457015612,0.00691351770933133,0.00691742188031503
2024-099-00:08:58.000000000,0.0852369003449282,89.9123840160033,0.122237,135.788516,8.07576330688776e-05,-0.0351956893339962,0.0351957819843582,0.000682940306475132,-0.0152556196599143,0.0152708984238051,-0.000222621200275734,0.0067400968866012,0.0067437724041951
2024-099-00:08:58.100000000,0.0787503640402395,89.913015193872,0.117337,137.844335,8.71388415082872e-05,-0.036818965351047,0.0368190684659362,0.000684389915088447,-0.0160692807652707,0.0160838482294808,-0.000215968981044262,0.00657448304918488,0.00657802933748342
2024-099-00:08:58.200000000,0.0438561019912694,89.933299227021,0.079827,146.674863,9.58138451102463e-05,-0.0381186369744905,0.0381187573916819,0.000687853548722297,-0.0169213554443634,0.0169353303061669,-0.000211798148621698,0.00639522735671899,0.0063987335778173
2024-099-00:08:58.300000000,0.00774819721194012,89.9601655549726,0.040581,168.99284,0.000102672357162957,-0.0385676557202698,0.0385677923839334,0.000690254916078089,-0.0176390702636985,0.0176525706801265,-0.000209342049483808,0.00627826685813217,0.00628175603120679
2024-099-00:08:58.400000000,0.0339062589453046,89.9804573831354,0.039135,119.957939,0.000110031587931335,-0.0388662538601088,0.038866409611241,0.00069588732061046,-0.0179623864746068,0.0179758612318331,-0.000208361616356373,0.00619278626433268,0.00619629052569988
2024-099-00:08:58.500000000,0.058018732909336,89.996200646696,0.058143,93.74666,9.89702578397392e-05,-0.0388815965612173,0.0388817225217865,0.000683139309752796,-0.0179975286339628,0.018010489061845,-0.00020508948394209,0.00618626964524004,0.00618966831260303
2024-099-00:08:58.600000000,0.0777041030488459,90.0094116102597,0.078272,83.093914,9.39712304378847e-05,-0.0386422239862922,0.0386423382470436,0.000676484542714978,-0.0177834561674824,0.0177963182877049,-0.000203883119036168,0.00614316447469554,0.00614654684269055
2024-099-00:08:58.700000000,0.0790546434267879,90.0210571449879,0.081811,75.084896,9.87569652389511e-05,-0.0381888001754899,0.0381889278689738,0.000679677470474907,-0.0173602032635612,0.0173735033547075,-0.000206308585725713,0.00620723646920769,0.00621066403995628
2024-099-00:08:58.800000000,0.0479336010109181,90.0322772842907,0.057788,56.044672,9.39149827037542e-05,-0.037521330273598,0.0375214478068797,0.000673209676760243,-0.016728087404556,0.0167416283402586,-0.000206985175768982,0.00625058301160823,0.00625400918195629
2024-099-00:08:58.900000000,0.00954704883833963,90.0418242020207,0.0429,12.858378,0.000103753094448265,-0.0366887013711311,0.0366888480741034,0.000681462595365698,-0.0159344432820453,0.0159490085578258,-0.000211536742053667,0.00633409386408408,0.0063376251760629
2024-099-00:08:59.000000000,0.0288684369711452,90.0480112281232,0.056022,31.017872,0.000102636504354065,-0.0357290203718724,0.0357291677902761,0.000678733759285103,-0.0150169574136199,0.0150322882316189,-0.000214366736885534,0.00644155693744975,0.00644512287518942
2024-099-00:08:59.100000000,0.0534006840150492,90.0517932175816,0.074392,45.87548,0.000102434051185632,-0.0347331085817298,0.0347332596294254,0.00067697887841496,-0.0140458322418135,0.0140621372403696,-0.000218083760551283,0.00657228541700496,0.00657590268550198
2024-099-00:08:59.200000000,0.0743913775153501,90.0538563847769,0.09184,54.096983,9.98552341295724e-05,-0.0337446254379052,0.033744773180632,0.000672800906298297,-0.0130568490930349,0.0130741718398452,-0.000221614207923481,0.00671134453772435,0.00671500248407967
2024-099-00:08:59.300000000,0.0764975784397606,90.0568986525371,0.095338,53.358269,9.04616170980945e-05,-0.0328009441364788,0.0328010688781414,0.000662395437519358,-0.0120648071500483,0.0120829772524615,-0.000224606948186639,0.00686582444603922,0.00686949733277505
2024-099-00:08:59.400000000,0.0454971811818524,90.0631615730252,0.077842,35.766352,8.47385910809169e-05,-0.0319301780186678,0.0319302904611379,0.000654816548988496,-0.0110490671799868,0.011068453833336,-0.000227460277487961,0.00701227154550706,0.00701595969242718
2024-099-00:08:59.500000000,0.0140056796692548,90.0701393157294,0.071524,11.29251,7.65427247781481e-05,-0.0310853792201263,0.031085473457031,0.000646612962217371,-0.0101271199589458,0.01014774196488,-0.000230928224268602,0.00715638293640245,0.00716010786072361
2024-099-00:08:59.600000000,0.0358246591929957,90.075102145174,0.083209,25.501733,7.41464482783056e-05,-0.0302704613681892,0.0302705521776334,0.000644232042530826,-0.00932830109325781,0.00935052063850448,-0.000235881977191245,0.00728117235372724,0.0072849921861211
2024-099-00:08:59.700000000,0.0597802636456618,90.0786635870328,0.098801,37.232977,8.50279223335449e-05,-0.0294693301113029,0.0294694527766723,0.000654565523939115,-0.00859845165126698,0.00862333037893745,-0.000243324211997155,0.00740057609621135,0.00740457515512935
2024-099-00:08:59.800000000,0.0801031419408817,90.0813921014064,0.114198,44.542737,8.44288832146578e-05,-0.028658141468234,0.0286582658346529,0.000650587420971045,-0.00793407269890166,0.00796070182733799,-0.000247701399384329,0.00752868121688633,0.00753275493088379
2024-099-00:08:59.900000000,0.0879647756453578,90.0806266641885,0.119325,47.492315,8.02927150831825e-05,-0.0278681672625027,0.0278682829304377,0.000645650844577956,-0.00725876207647606,0.00728742011249463,-0.000252325561998169,0.00763992179981392,0.00764408747310688
2024-099-00:09:00.000000000,0.0745241555924086,90.073995633121,0.10502,45.203916,8.42907524815022e-05,-0.0270584933613783,0.0270586246494294,0.00064833039079713,-0.0064421279547293,0.00647466948042415,-0.000258255288724338,0.00777905896678233,0.00778334466684025
2024-099-00:09:00.100000000,0.0533799012490232,90.0655457581363,0.084532,39.159089,8.08700530455022e-05,-0.0262596219746061,0.0262597464994371,0.000642608488700466,-0.00550671662148156,0.00554408456095785,-0.000261682096303637,0.00790910209532136,0.00791342994369335
2024-099-00:09:00.200000000,0.0377945127259567,90.0597559398781,0.070705,32.312595,7.7746279420437e-05,-0.0253784730367261,0.0253785921232797,0.000638540575073353,-0.00454069957181099,0.00458537748363856,-0.00026555428144575,0.00807154844424034,0.00807591563626768
2024-099-00:09:00.300000000,0.0261548518560202,90.0557120638281,0.061546,25.148407,7.04529328274288e-05,-0.0245029761088079,0.0245030773945754,0.000629890487874199,-0.00363401778449285,0.00368820380195085,-0.000268137217370661,0.00823988566319193,0.00824424728582392
2024-099-00:09:00.400000000,0.0171081701423376,90.0526270352641,0.055338,18.008481,7.08099553163375e-05,-0.023575380602796,0.0235754869433584,0.000628400644731213,-0.00272157979374775,0.00279318526847659,-0.000271168771499792,0.00836362316440653,0.00836801798150758
2024-099-00:09:00.500000000,0.011200031328617,90.0522429347664,0.05343,12.100124,6.76113875753906e-05,-0.0226578368313802,0.0226579377079464,0.000623690375428602,-0.00182415475307876,0.00192783045094274,-0.000273597660163143,0.00849961302062664,0.00850401535629214
2024-099-00:09:00.600000000,0.0341707998048691,90.0563334144709,0.065887,31.240227,6.35318445627941e-05,-0.0217736615942386,0.0217737542816046,0.000618276998951042,-0.00089164558226027,0.0010850337744956,-0.000276622702166868,0.00864830465438053,0.0086527275187847
2024-099-00:09:00.700000000,0.0653529689376998,90.0621345483714,0.090176,46.446142,6.93975278130457e-05,-0.0209429433106109,0.0209430582897611,0.000622942002214308,5.89113828533804e-05,0.000625721414970327,-0.00028220355663241,0.00879162945664072,0.00879615753327831
2024-099-00:09:00.800000000,0.0892296359548844,90.0669621715104,0.111561,53.113719,6.66241340640849e-05,-0.0201692799027718,0.0201693899404914,0.000620849647870338,0.00095464019929764,0.00113876784085948,-0.00028759471027577,0.00892685566539457,0.00893148715434141
2024-099-00:09:00.900000000,0.107481607233029,90.0709928428756,0.128811,56.554815,7.00961382272748e-05,-0.0193897286225934,0.0193898553250511,0.000623078666173971,0.00179177286902352,0.00189701793307547,-0.000293363091658118,0.00903700684086981,0.00904176722468982
2024-099-00:09:01.000000000,0.122262528074561,90.0747063658588,0.14328,58.573764,7.13187249096932e-05,-0.0186492370788495,0.0186493734474823,0.000620939165518269,0.00253921699136701,0.00261403679708635,-0.000298589641696868,0.00914751736384235,0.00915238928891937
2024-099-00:09:01.100000000,0.129131378191458,90.0633007527193,0.143812,63.885752,5.58586327363406e-05,-0.0178518376101745,0.0178519250011558,0.000604332135886329,0.0034782661791294,0.00353037575101297,-0.000300385725363564,0.00926871112048162,0.00927357737978941
2024-099-00:09:01.200000000,0.124468306210433,90.0222592402729,0.126443,79.860732,5.28360869694553e-05,-0.0174572948422774,0.0174573747987002,0.000599864730478575,0.0038438696476198,0.0038903947823794,-0.000301038088113006,0.00929817314077179,0.0093030450760095
2024-099-00:09:01.300000000,0.115560961549652,89.9727995196739,0.118719,103.245043,5.12285627524772e-05,-0.0178475771873528,0.0178476507088232,0.000596805147124842,0.003359615460034,0.0034122122476385,-0.000297344038946741,0.00921889943349385,0.00922369341654255
2024-099-00:09:01.400000000,0.108836894973106,89.9362182989671,0.126149,120.371553,4.83344635895394e-05,-0.0190074023912137,0.0190074638466547,0.000590945430472827,0.00250255868768209,0.00257138415782042,-0.000290362177023597,0.0090513207284611,0.00905597687294504
2024-099-00:09:01.500000000,0.103382782383839,89.9087141399828,0.137917,131.444107,5.49186822065578e-05,-0.0205357998261337,0.0205358732602412,0.000588833659811925,0.00174793921499105,0.00184445563194972,-0.000283395090381481,0.00891759185865194,0.00892209377527202
2024-099-00:09:01.600000000,0.0985183822405467,89.8866038481328,0.150215,139.015898,-0.000570148000535312,-0.0226623005602082,0.0226694714412076,0.000569864237643926,-6.08149141829739e-05,0.000573100081253332,-0.000280300579570468,0.008443339706712,0.00844799111137358
2024-099-00:09:01.700000000,0.0887786540207468,89.8803414438285,0.148996,143.427012,-0.000540922459463925,-0.0240802034040311,0.0240862781078079,0.000350455171112613,-0.00191514765969991,0.00194694873723311,-0.000280587804240035,0.00814966158444428,0.00815449038609128
2024-099-00:09:01.800000000,0.0688919326335449,89.9006679919211,0.120884,145.256646,-0.000537554416727608,-0.0255384950113328,0.0255441518198356,0.000352892517437726,-0.00259853774399579,0.00262239042398996,-0.000273914498336182,0.00799329088901948,0.00799798276997898
2024-099-00:09:01.900000000,0.047010229066814,89.9306062209728,0.083818,145.884643,-0.00052478848474125,-0.0268393809070348,0.0268445109925031,0.000356273093855586,-0.00342088634454552,0.00343938859387878,-0.000269847547386891,0.0078139201710783,0.00781857826838198
2024-099-00:09:02.000000000,0.0316046243774385,89.9532929987666,0.056395,145.915468,-0.000521534985175568,-0.0273621813897251,0.0273671512793163,0.000355976027042192,-0.00419165210232939,0.00420674057659741,-0.000266095616984125,0.00769465963464177,0.00769925930011216
2024-099-00:09:02.100000000,0.0209286868110718,89.9712250514129,0.035581,143.970734,-0.000521329260641323,-0.0277444326610307,0.0277493302239976,0.000350819258185632,-0.00468997598825102,0.00470307866426717,-0.000262609355007712,0.00761740060978685,0.00762192598516403
2024-099-00:09:02.200000000,0.0132125062121055,89.9864715934849,0.01891,135.676824,-0.000519788860694207,-0.0279557605767826,0.0279605924451913,0.00035014647447455,-0.00492134810226852,0.00493378857444144,-0.000261179348459673,0.00759039040455117,0.00759488256298702
2024-099-00:09:02.300000000,0.00449530157278918,89.993734875512,0.007711,144.340109,-0.000516095073945435,-0.0280475060752115,0.0280522539408936,0.000351595335662174,-0.0050359365940177,0.0050481953863758,-0.000261050225411829,0.00758381488181918,0.00758830648971756
2024-099-00:09:02.400000000,0.0102895598516012,89.9878376926264,0.015931,139.768098,-0.000514710708094475,-0.0282298806867963,0.0282345726141513,0.000350709555081239,-0.00523919458012095,0.00525091963758674,-0.00025993868079551,0.00756626929740506,0.007570733068774
2024-099-00:09:02.500000000,0.025269485988682,89.9763269564651,0.034626,133.131745,-0.00051494941554865,-0.028564474374958,0.0285691156534151,0.000348590078912806,-0.00563227537723489,0.00564305245129999,-0.000257202473910214,0.00748114274283459,0.00748556276115912
2024-099-00:09:02.600000000,0.0358953489078082,89.9669075272296,0.048822,132.673429,-0.000512466595393362,-0.0289654604847474,0.0289699934950779,0.000347768961082718,-0.00618951669629412,0.00619927900517441,-0.00025433284360995,0.00740985051573534,0.00741421404201969
2024-099-00:09:02.700000000,0.0433048936011795,89.9586992557089,0.059842,133.643016,-0.000517914796512772,-0.0293945244758434,0.0293990868038006,0.000340685090127181,-0.00688536653200212,0.00689378985831812,-0.000249233031425522,0.0072978843786489,0.00730213896800664
2024-099-00:09:02.800000000,0.0487584788161168,89.9511381938129,0.069028,135.060635,-0.000515952226235708,-0.0299667977424894,0.0299712391075015,0.000340321025243972,-0.00764776635543498,0.00765533465157117,-0.000245089170092665,0.00716651661405565,0.00717070631673285
2024-099-00:09:02.900000000,0.0541843066077421,89.9481120225479,0.075022,133.759801,-0.000512062773396008,-0.0306312044442804,0.030635484229749,0.000340020296314443,-0.00840960687578448,0.0084164779811479,-0.000240636461824251,0.00701045057255141,0.00701457932715467
2024-099-00:09:03.000000000,0.0616977854309135,89.9538371227868,0.077056,126.804176,-0.000509694266035273,-0.0311010722684837,0.0311052485039788,0.000342035148159492,-0.00912628448324563,0.00913269163564097,-0.000237320125621686,0.00689857408434123,0.0069026549413374
2024-099-00:09:03.100000000,0.0692216648465428,89.9628850202467,0.078544,118.199118,-0.000508219055919795,-0.0315112651066325,0.0315153631619449,0.000343579868775443,-0.00974231972499934,0.0097483763135375,-0.000234463040167188,0.00681245050171992,0.00681648404645594
2024-099-00:09:03.200000000,0.0744085054608391,89.9699507765206,0.080247,111.990876,-0.000511359617391285,-0.0318719798137404,0.0318760817213436,0.00033819183329134,-0.0102214094299391,0.0102270027109879,-0.000230594606502972,0.00673878522377231,0.00674272942988819
2024-099-00:09:03.300000000,0.0778800199745935,89.9757235375782,0.081576,107.313091,-0.000515687097345181,-0.0321930166850666,0.0321971467131381,0.000331882151000122,-0.010597149055744,0.010602344734624,-0.000227045916794405,0.00667194319441529,0.00667580525763278
2024-099-00:09:03.400000000,0.0803278507791709,89.9809406193384,0.082558,103.347729,-0.000509519217951078,-0.0324804912424617,0.0324844873929864,0.000335806231191391,-0.0109063250816945,0.0109114936013593,-0.000225898520911273,0.00660939529795347,0.00661325459561019
2024-099-00:09:03.500000000,0.0828177347920796,89.9865487421064,0.083903,99.225415,-0.000503046605857783,-0.0326770208110249,0.0326808926587359,0.000340156417552379,-0.0111183907800596,0.0111235929414248,-0.000225585351535269,0.00659791166245341,0.00660176696471225
2024-099-00:09:03.600000000,0.0863675994879096,89.9935246706297,0.08661,94.287672,-0.000497838562770712,-0.0327522953203301,0.0327560787028102,0.000343313118179237,-0.0112111629390743,0.0112164182493159,-0.000225829780169576,0.00660430166220877,0.0066081615851207
2024-099-00:09:03.700000000,0.0904515059787133,90.0009969533632,0.090457,89.368514,-0.00049656476754542,-0.0326924278738703,0.0326961988135713,0.000342509363008271,-0.0111718465136076,0.01117709565081,-0.000225145374748416,0.00657905032182381,0.0065829016077153
2024-099-00:09:03.800000000,0.0947118171900891,90.0084385613947,0.095087,84.908553,-0.000492903049791174,-0.0325248622363675,0.0325285969096605,0.000344108571923063,-0.0110276379101185,0.0110330054194655,-0.00022542357340124,0.00654462857711273,0.00654850967776681
2024-099-00:09:04.000000000,0.102410830462552,90.0212438124069,0.104591,78.280943,-0.000493832366139489,-0.0318468894240835,0.0318507179886992,0.000339042372159179,-0.0104041588514323,0.0104096816058877,-0.00022614594791484,0.00657205463899412,0.00657594435557985
2024-099-00:09:04.100000000,0.0985890691608228,90.0245593656532,0.101602,76.01186,-0.000490817434858465,-0.0314104762607028,0.0314143107624301,0.000340003761605474,-0.00999738920808417,0.0100031691746078,-0.000228081064125276,0.00662031626815906,0.00662424399175212
2024-099-00:09:04.200000000,0.0801789025762674,90.023325842875,0.083503,73.779111,-0.000492385250497833,-0.0309969196866899,0.0310008302033673,0.0003363929033889,-0.00961264008643163,0.00961852429516726,-0.000228629301772761,0.00665762664681297,0.0066615511651554
2024-099-00:09:04.300000000,0.0572301233539411,90.0201596489318,0.060677,70.594893,-0.000492240884297814,-0.0306456221923062,0.0306495752114405,0.00033453741891578,-0.00928836127925645,0.00929438381705024,-0.000229242756648673,0.00668618136204034,0.00669011012223054
2024-099-00:09:04.400000000,0.0400285996530084,90.0175975662011,0.043726,66.268521,-0.000490674405905433,-0.0303273978205125,0.0303313669315485,0.00033409140464595,-0.00899622001633127,0.00900242143253123,-0.000229962823878094,0.00670640180125413,0.00671034336082966
2024-099-00:09:04.500000000,0.0267823282335691,90.0153010109614,0.030845,60.260244,-0.000488803824997738,-0.0300483247735914,0.0300523002593572,0.000333971272724513,-0.00874208468840209,0.00874846166535577,-0.000230403559572485,0.00670898800492126,0.00671294315858857
2024-099-00:09:04.600000000,0.0158490324489977,90.0130305985573,0.020518,50.573985,-0.000476722787265167,-0.0298068851415267,0.0298106971816504,0.000344119814081998,-0.008524301232994,0.00853124433815296,-0.000232731637244927,0.00669290743308837,0.00669695258478544
2024-099-00:09:04.700000000,0.00461803368826372,90.015553918811,0.016225,16.536409,-0.000479409541905341,-0.0295319865407072,0.0295358775483204,0.00033945186238441,-0.00827426391288796,0.00828122399570234,-0.000231991485331045,0.00669223717406222,0.00669625704727398
2024-099-00:09:04.800000000,0.0169100097010828,90.0271977254451,0.032026,31.871017,-0.000462891179673686,-0.0290580597579145,0.0290617464227247,0.000354050137375764,-0.0078293618274973,0.00783736295737588,-0.000236416566758779,0.0067406723190092,0.00674481698085982
2024-099-00:09:04.900000000,0.0358398754000566,90.0419813430249,0.055199,40.48771,-0.000459397450492936,-0.0283516078394014,0.0283553295360277,0.000355586963766585,-0.00715770259412086,0.00716652974002657,-0.000239135135966903,0.00681877526746125,0.00682296722558413
2024-099-00:09:05.000000000,0.0496908598858691,90.0534376833401,0.072971,42.91928,-0.000468242216022288,-0.0275220352584845,0.0275260181563213,0.000344990179466109,-0.00633062707282773,0.00634002029643024,-0.000240291156002031,0.00693810006948916,0.00694225989241963
2024-099-00:09:05.100000000,0.0596682728992993,90.0627607539564,0.086598,43.553068,-0.000466173372428739,-0.0267797942588818,0.0267838514437562,0.000344497187568627,-0.00547418037911132,0.00548500949272561,-0.000244561895223159,0.00710409672474267,0.00710830505782459
2024-099-00:09:05.200000000,0.0669212383488909,90.07046494275,0.097179,43.522475,-0.000472176676568652,-0.0260770720808792,0.0260813465742332,0.000335311251367393,-0.00472273632176546,0.00473462480036342,-0.000246819192955544,0.00722129736518833,0.0072255141928092
2024-099-00:09:05.300000000,0.0602483770975759,90.0792473265972,0.099549,37.244205,-0.00047662940866726,-0.0253803278245363,0.025384802856712,0.000329476271528605,-0.00411284947513231,0.00412602537784204,-0.000249859496685539,0.00731733364329517,0.00732159828284667
2024-099-00:09:05.400000000,0.0319271722726623,90.0919201218135,0.097307,19.153967,-0.000474100602597879,-0.0247384370871866,0.0247429796285345,0.000331912582903391,-0.00379545982954364,0.00380994504952093,-0.000254696936197978,0.00742584168031293,0.00743020828714656
2024-099-00:09:05.500000000,0.0323066384172833,90.1045942788759,0.10947,17.164662,-0.000478483758351743,-0.0241174846433534,0.0241222306644595,0.00032789919931918,-0.0037119927155594,0.003726447075336,-0.000260770166328977,0.00760566178434782,0.00761013089621566
2024-099-00:09:05.600000000,0.0587929893609667,90.113717814039,0.128017,27.339337,-0.00047582480167906,-0.0235269527745053,0.0235317639818118,0.000329419769975283,-0.00374780687352004,0.0037622564699997,-0.000268016211759265,0.00790562483219027,0.00791016666557091
2024-099-00:09:05.700000000,0.0820163685432291,90.1201378393559,0.145464,34.320827,-0.000476797180173658,-0.0230091463470529,0.0230140859295154,0.000330270300191329,-0.00389493189013832,0.00390890942591472,-0.000275907996885072,0.008171887039993,0.00817654346390641
2024-099-00:09:05.800000000,0.101691981086524,90.1249001494491,0.161063,39.152058,-0.000476341422950976,-0.0225351273120825,0.0225401611379109,0.000329141117185575,-0.00410103093396335,0.00411421785961153,-0.000283781710063285,0.00839047875793653,0.00839527640083104
2024-099-00:09:05.900000000,0.117648394313128,90.1284834721519,0.17421,42.479449,-0.000476106146210495,-0.0220757056200744,0.0220808391073946,0.000329078131399937,-0.00436925355990009,0.00438162858846631,-0.000291800609953693,0.00856276454696669,0.00856773507309598
2024-099-00:09:06.000000000,0.129893941518788,90.13161265335,0.184917,44.623512,-0.000475404586000721,-0.02162930384576,0.0216345278287416,0.000330554338726799,-0.00467786758759747,0.0046895321022407,-0.000299396049992675,0.00870765973030605,0.00871280528725077
2024-099-00:09:06.100000000,0.138896790795297,90.1341596163013,0.193109,45.99399,-0.000477025148178966,-0.0212304332026876,0.0212357916491422,0.000328606006308818,-0.00504956920562679,0.00506025009953032,-0.000305781673836378,0.00884981873469967,0.00885509989040753
2024-099-00:09:06.200000000,0.145058999124736,90.1362209252243,0.198993,46.799782,-0.000477542021527794,-0.0208453692865351,0.0208508385220918,0.000325382551827222,-0.00548611052001877,0.00549575130831938,-0.000311965424133176,0.00897718299978293,0.00898260190799115
2024-099-00:09:06.300000000,0.148901599164154,90.1378287580068,0.2029,47.211619,-0.000476842780732909,-0.0204815334535991,0.0204870835320315,0.000325263911252846,-0.00590120378592105,0.00591016097369035,-0.000319216902416429,0.00911983922439598,0.0091254242043655
2024-099-00:09:06.400000000,0.15080590176113,90.1389061749915,0.20503,47.352157,-0.000477738410993701,-0.0201166336922935,0.0201223056606159,0.000323179845200561,-0.00635942824429042,0.00636763478904237,-0.000326059262785043,0.00925462285753513,0.00926036494302787
2024-099-00:09:06.500000000,0.139366581199625,90.1332478927306,0.192816,46.28584,-0.00048208176983934,-0.019701916308718,0.019707813401505,0.000318555519893281,-0.00668299427455271,0.00669058219387213,-0.000332615131303603,0.00940059126850768,0.00940647378261987
2024-099-00:09:06.600000000,0.103231861476662,90.114990077764,0.15453,41.915826,-0.000486692907128554,-0.0191602068063116,0.0191663871098984,0.000313293032225778,-0.00674159937514877,0.00674887506619048,-0.000339479130686438,0.00969344499127189,0.00969938770639599
2024-099-00:09:06.700000000,0.0605614799977052,90.0930470352282,0.11102,33.058898,-0.000486088782899173,-0.0185386830916244,0.0185450546797938,0.000313314071189738,-0.0064192543985779,0.00642689604248172,-0.000344601034884969,0.00979498449701296,0.00980104439179662
2024-099-00:09:06.800000000,0.0304911517020446,90.0769028397082,0.082727,21.627803,-0.000496399700559011,-0.0178985193216934,0.0179054016031964,0.000302116971954242,-0.00580418231255208,0.00581203982970568,-0.000345944258827052,0.009891722926469,0.00989777045016946
2024-099-00:09:06.900000000,0.0165905597995643,90.0646285201616,0.066724,14.397322,-0.000493563383598296,-0.0172005952156776,0.0172076750488618,0.000302974667919697,-0.00498044859482211,0.00498965548460678,-0.000349295158907185,0.010021317392221,0.0100274029231734
2024-099-00:09:07.000000000,0.025633469582333,90.0546090808578,0.060326,25.145337,-0.000487218250939778,-0.0164435107472918,0.0164507272580987,0.000307380251768667,-0.00419099580263273,0.00420225278117137,-0.000353368755293489,0.0101385503270434,0.0101447066104057
2024-099-00:09:07.100000000,0.0319296199547936,90.0468840247109,0.056724,34.256204,-0.000486944292951476,-0.0157167987283024,0.0157243402726603,0.000305821110974916,-0.0034836647662694,0.00349706258961214,-0.000355115971926043,0.0102007985362153,0.0102069779136613
2024-099-00:09:07.200000000,0.0210248644539693,90.0411769098743,0.046234,27.048787,-0.000487603567565273,-0.015074130453759,0.0150820146590582,0.000303337582936193,-0.00285761590513008,0.0028736705361739,-0.000356188598238551,0.0102483890735178,0.0102545769741962
2024-099-00:09:07.300000000,0.00974606229423777,90.0374754261791,0.038722,14.577728,-0.000490892650269858,-0.0144954466314694,0.0145037563630897,0.000298245144963186,-0.00229363587100799,0.0023129452382771,-0.000356526283920372,0.0102960444871534,0.0103022154448724
2024-099-00:09:07.400000000,0.0178742296675886,90.0354631403515,0.039713,26.749146,-0.00048511980522879,-0.0139453655540653,0.0139538009754309,0.000302161229601405,-0.00175745482664107,0.00178324111559773,-0.000358821378102419,0.0103394715818654,0.0103456959830446
2024-099-00:09:07.500000000,0.0281492162195446,90.034926521275,0.044858,38.867267,-0.000490236421024757,-0.0134156394919964,0.0134245936522381,0.000295253922128639,-0.00124117957395395,0.00127581409826543,-0.000358955192401148,0.0103910742564768,0.0103972723843211
2024-099-00:09:07.600000000,0.0376289703538056,90.0351626757923,0.051501,46.940534,-0.000482856021051051,-0.0128936194662249,0.0129026575896937,0.000300848170099447,-0.000732350284349721,0.000791736421064045,-0.000361510372971666,0.0104280454118851,0.0104343097932783
2024-099-00:09:07.700000000,0.0481884390033235,90.032630743272,0.058197,55.896162,-0.000486986360500285,-0.0123978037775472,0.012407364515556,0.000294970278188796,-0.000248669043023426,0.000385802744900762,-0.000361832530042436,0.0104781004677518,0.0104843460545757
2024-099-00:09:07.800000000,0.0625155826849893,90.0234812806371,0.06678,69.413486,-0.00049363012208714,-0.0120604113985366,0.0120705092601507,0.000286614287531626,8.09601155151883e-05,0.000297829296949602,-0.000360986041830654,0.010501314703928,0.0105075173772557
2024-099-00:09:07.900000000,0.0771359300364061,90.0120080227154,0.078065,81.151591,-0.000494060002593087,-0.0118988569342529,0.0119091096068505,0.000284416303636295,0.00023992221652479,0.000372095826039881,-0.000360255233616635,0.0104650808260218,0.0104712797942046
2024-099-00:09:08.000000000,0.088137640038004,90.0027967013964,0.088182,88.182555,-0.000491832286218081,-0.0118714772332878,0.0118816611085419,0.000284876245217696,0.000268854299718453,0.000391710492030061,-0.000359693662623365,0.0104278487958346,0.0104340505097359
2024-099-00:09:08.100000000,0.0964810095682715,89.995146709987,0.096603,92.879723,-0.000496235750671991,-0.0119637219920415,0.0119740090956664,0.000278731088353802,0.000181596597285047,0.000332668519340804,-0.000357421234345262,0.0103984184253327,0.010404559370154
2024-099-00:09:08.200000000,0.10292638835915,89.9885346744597,0.103563,96.356164,-0.000488227901745109,-0.0121677920631844,0.0121775831008019,0.00028493891868367,-1.44744502181473e-05,0.000285306321503286,-0.000357589073999528,0.0103894339926008,0.0103955860167887
2024-099-00:09:08.300000000,0.101537593059169,89.9825390063592,0.103028,99.757468,-0.000490366656161156,-0.0124451570136131,0.0124548140311671,0.000281077400510293,-0.000282074200094305,0.000398208939423094,-0.000354573771702269,0.010325915119642,0.0103320010461493
2024-099-00:09:08.400000000,0.0864075653528331,89.9769427492133,0.089431,104.940836,-0.000491944714198689,-0.0127874645372487,0.0127969238058692,0.000277466271737885,-0.000644706706722015,0.00070187909902238,-0.00035142566772221,0.0102496342845526,0.0102556571201951
2024-099-00:09:08.500000000,0.0665912526217955,89.97221602176,0.072155,112.647432,-0.000495127061512532,-0.0131412776686287,0.0131506018710567,0.000272743912211308,-0.0010592706480577,0.00109382061942757,-0.000347931628789285,0.0101696095628746,0.0101755596936789
2024-099-00:09:08.600000000,0.0517092022939196,89.9693038013762,0.060134,120.694684,-0.000485456721464147,-0.0135132710809106,0.0135219881502163,0.000279198171361765,-0.00151636846129005,0.00154185762289743,-0.000346764123391486,0.0100905221764979,0.0100964787501221
2024-099-00:09:08.700000000,0.0401383534552463,89.96761337655,0.051575,128.899177,-0.000470778967070658,-0.0138960114373203,0.0139039838428406,0.000291687206120955,-0.00200018674654654,0.00202134322846841,-0.000346835458109554,0.0100139716990482,0.0100199762486915
2024-099-00:09:08.800000000,0.0304043732645333,89.9667383360874,0.045064,137.569669,-0.000466718386284911,-0.0142801419310031,0.0142877667821703,0.000293238157457112,-0.00249935924652944,0.00251650258497802,-0.000344837115096328,0.0099429901994105,0.00994896812446001
2024-099-00:09:08.900000000,0.0232618796956192,89.9662657511636,0.040977,145.411299,-0.000467637558078357,-0.0146569185170854,0.0146643767444173,0.000290360604279178,-0.00299030865866468,0.00300437267238975,-0.000341593346225206,0.00985199921511214,0.00985791938234207
2024-099-00:09:09.000000000,0.0189995314439383,89.9659856299732,0.038961,150.813422,-0.000458701436450174,-0.0150343146679069,0.0150413105991945,0.00029690919364588,-0.0034824586676753,0.00349509276577007,-0.000340468265536645,0.00977233095631118,0.00977826011923979
2024-099-00:09:09.100000000,0.0164870218165813,89.9661662607415,0.037637,154.020242,-0.000455015450763208,-0.0153925086184139,0.0153992324688076,0.000299426903668694,-0.00395633096209884,0.00396764554267421,-0.000338482280403155,0.00970081958364434,0.00970672297166064
2024-099-00:09:09.200000000,0.0145430371337718,89.9668879580897,0.036165,156.288586,-0.000460058442300018,-0.0157630838456423,0.0157697960067682,0.000291815407489762,-0.00444136376597082,0.0044509401629012,-0.000334417852356108,0.00961576796804986,0.00962158141447383
2024-099-00:09:09.300000000,0.0130759267381277,89.9679691934733,0.034597,157.793257,-0.000456077234879703,-0.0161367846091756,0.016143228424547,0.000294831258692591,-0.00491445729948931,0.00492329320877865,-0.000332898851943781,0.0095409992089183,0.0095468050964815
2024-099-00:09:09.400000000,0.01200889213982,89.9691681614643,0.033088,158.719261,-0.000454840740383201,-0.016499011865101,0.0165052801437557,0.000294024077680007,-0.00536249485591645,0.00537054943539169,-0.000330369676709329,0.00946447469688722,0.00947023893105699
2024-099-00:09:09.500000000,0.0134789209361399,89.9718362922535,0.031223,154.424602,-0.000448567699967684,-0.016849900195806,0.0168558698852974,0.000299367784259781,-0.00577450612997822,0.00578226098644887,-0.000329267141829294,0.00938966311862602,0.00939543454726678
2024-099-00:09:09.600000000,0.0213770600714326,89.9774998972848,0.031036,136.466172,-0.000442197275354223,-0.0171505954085665,0.017156295092434,0.00030375429986979,-0.00608713592264261,0.00609471003538441,-0.000328444466820035,0.00933091818198279,0.0093366969473493
2024-099-00:09:09.700000000,0.0321048030216375,89.9837125308686,0.036,116.899675,-0.000446753909100534,-0.0173952222731933,0.0174009582204285,0.00029759121145274,-0.0063191595142929,0.00632616293626811,-0.00032553724163563,0.00928103977395866,0.00928674721210254
2024-099-00:09:09.800000000,0.0403924611573124,89.9883101922901,0.04205,106.140741,-0.000446518432547593,-0.0175756244620381,0.0175812955706113,0.000296160247115598,-0.00648891940656759,0.00649567440354741,-0.000324175461987198,0.00926145685380596,0.00926712861597722
2024-099-00:09:09.900000000,0.0465151285599995,89.9917504599523,0.047241,100.056933,-0.000443466600294794,-0.0176967260849096,0.0177022816820289,0.000297588015289407,-0.00660137592422506,0.00660808010845678,-0.000323789946299357,0.00926416158436881,0.00926981821777641
2024-099-00:09:10.000000000,0.0515687600683893,89.9944551871708,0.051866,96.137018,-0.000432763193001885,-0.0177811703220504,0.0177864358993864,0.000306611508192633,-0.00667832085268028,0.00668535563962759,-0.000324957193184788,0.0092541418048489,0.00925984544804364
2024-099-00:09:10.100000000,0.0576851031347497,89.9976734785275,0.057732,92.309567,-0.000432366082821553,-0.0178177371115262,0.0178229822477898,0.000305408470780591,-0.00670894861109,0.00671589650011605,-0.000323895960543107,0.0092265863363708,0.00923226971095194
2024-099-00:09:10.200000000,0.0675293381198485,90.0024564144376,0.067574,87.916756,-0.000425140130977597,-0.0177717723167284,0.0177768567358969,0.000311006662650743,-0.00665937378598106,0.00666663216066589,-0.000324685798936249,0.00921247195282068,0.00921819181561864
2024-099-00:09:10.300000000,0.077839930044591,90.0076301176578,0.078213,84.401574,-0.000427577497112556,-0.0176572967021875,0.0176624729113768,0.000307018643948025,-0.00654361366850842,0.00655081218555546,-0.000323144800456492,0.00917104404099634,0.00917673533256553
2024-099-00:09:10.400000000,0.0853522727860198,90.0115260469169,0.086127,82.309257,-0.000428990446774439,-0.0174924610927934,0.0174977206483105,0.00030403953911949,-0.00637923861040324,0.00638647988251803,-0.000321995828204553,0.00912695749083127,0.00913263567393456
2024-099-00:09:10.500000000,0.0908554847253693,90.0144919663038,0.092004,80.937348,-0.000430875652734484,-0.0172793705414022,0.0172847418301575,0.000300608113786686,-0.00616799509972493,0.00617531608812903,-0.000321354267257074,0.00911518390817673,0.00912084679429319
2024-099-00:09:10.600000000,0.095194734998751,90.0167838689438,0.096663,80.000903,-0.000432174904946773,-0.0170391636511986,0.01704464353047,0.000297746659595319,-0.00593065957560615,0.00593812900457957,-0.000321284402680638,0.00912344497107833,0.0091291002737236
2024-099-00:09:10.700000000,0.0913862503631252,90.0201994072825,0.093592,77.536132,-0.000429058826880714,-0.0167508642346147,0.0167563583180659,0.00029928749941129,-0.00564678068634543,0.00565470645807434,-0.000322466097629644,0.00914679539452121,0.00915247782697969
2024-099-00:09:10.800000000,0.0728159240205263,90.0262883745617,0.077416,70.149157,-0.000422972412145249,-0.0163690582287963,0.0163745220681142,0.000303795582505872,-0.00527220939203195,0.00528095480281549,-0.000324596132466638,0.0091907180488556,0.00919644827652352
2024-099-00:09:10.900000000,0.0497837458048015,90.0329639832408,0.059708,56.489733,-0.000421217819932795,-0.0159029143761503,0.0159084917609118,0.00030401155609828,-0.00481621612440091,0.00482580156898111,-0.000325999443650059,0.00923376195877763,0.00923951489790612
2024-099-00:09:11.000000000,0.0327515351618954,90.0379453913719,0.050125,40.798233,-0.000414757422689914,-0.0153708938799821,0.0153764886235235,0.000308935565632833,-0.00429641569236806,0.00430750844286339,-0.000328376253483612,0.00926971982242228,0.00927553429997758
2024-099-00:09:11.100000000,0.0207361016178853,90.0416852675361,0.046558,26.447793,-0.000412232073726969,-0.0147807531933299,0.0147865006084855,0.000309935720141426,-0.00372023844333833,0.00373312660191319,-0.000330249651232323,0.00931326118752256,0.00931911469932382
2024-099-00:09:11.200000000,0.0139405630733583,90.0445749296848,0.046704,17.366787,-0.000415710692302712,-0.014143032705865,0.0141491409456144,0.00030493976841465,-0.00309793790040013,0.00311290981191173,-0.000331049704104559,0.00937926451183232,0.00938510504413802
2024-099-00:09:11.300000000,0.0157304461982962,90.0535368390402,0.0558,16.374094,-0.000411850743231522,-0.0134464341066883,0.0134527399149843,0.000307213327311054,-0.00238445965590424,0.0024041688541183,-0.000334219268333973,0.00950664615570543,0.00951251931136618
2024-099-00:09:11.400000000,0.022073667206524,90.0751856793328,0.078359,16.361649,-0.000406331720721123,-0.0128707420087922,0.0128771543954459,0.00031117194326367,-0.00179638066520311,0.00182313232448719,-0.000338555475962904,0.00962187984631198,0.00962783421061918
2024-099-00:09:11.500000000,0.030098633414421,90.100044439442,0.104474,16.744062,-0.000410362319454073,-0.0123239977679903,0.0123308279616033,0.000304071307534094,-0.00166188433657812,0.0016894729675935,-0.000341449885012396,0.00969767110057879,0.00970368037390845
2024-099-00:09:11.600000000,0.0367517272297809,90.1184682991963,0.124038,17.235166,-0.000408439630052815,-0.0118771102104447,0.0118841310108248,0.000303066670515645,-0.00175569952804399,0.00178166501889422,-0.000346854142105432,0.00994394511022384,0.00994999257040126
2024-099-00:09:11.700000000,0.0423346899783284,90.1324382830467,0.13904,17.726808,-0.000411893649041053,-0.011480594580147,0.0114879810363623,0.000298202816625211,-0.00205483223012968,0.00207635748700047,-0.00035165970551627,0.010067469518774,0.0100736094355463
2024-099-00:09:11.800000000,0.0473389940712377,90.1436698721414,0.151268,18.236991,-0.000410297344083688,-0.0112018665582359,0.0112093781406056,0.000297472327774864,-0.0025506924705689,0.0025679801138655,-0.000357267127998145,0.0101902005678102,0.010196461514317
2024-099-00:09:11.900000000,0.0542888535416746,90.1526315935641,0.161999,19.579765,-0.000411032652050946,-0.0110272560405917,0.0110349138476845,0.00029563078425153,-0.00321146703716286,0.00322504544020403,-0.000363229780186708,0.0103266573951069,0.010333043541432
2024-099-00:09:12.000000000,0.0679524526673951,90.1601228878792,0.173945,22.995282,-0.000409712217318297,-0.0109171762645198,0.0109248616326073,0.000298001040306174,-0.00401815647738204,0.00402919174236605,-0.000367985472595993,0.010491430221393,0.0104978817576881
2024-099-00:09:12.100000000,0.08474995198355,90.1656891936624,0.186106,27.089774,-0.000408383442503677,-0.0108608695439409,0.0108685447179747,0.000296959006052244,-0.00494345122085075,0.00495236252956166,-0.000373758339081111,0.0106652074247079,0.0106717545281025
2024-099-00:09:12.200000000,0.0982316855277361,90.1691654986138,0.195618,30.143107,-0.000408060476694434,-0.0108242769358625,0.0108319658666783,0.000295788213618765,-0.005898901634958,0.00590631282326173,-0.000380566313769293,0.0108709931685526,0.010877652466865
2024-099-00:09:12.300000000,0.108676172244707,90.1711520736518,0.20274,32.41433,-0.000409098231654743,-0.0107971863327895,0.0108049337836065,0.00029478495593229,-0.0068921129645192,0.00689841425879438,-0.000387735471572304,0.0110883574819745,0.0110951345392463
2024-099-00:09:12.400000000,0.11706472333615,90.1719601474835,0.208025,34.245803,-0.0004092955798769,-0.0107806121234514,0.0107883789620134,0.000295617473454831,-0.00785536425284189,0.00786092470612956,-0.00039468793968106,0.0113166603981255,0.0113235410157879
2024-099-00:09:12.500000000,0.110000532762158,90.1641586036045,0.197606,33.825591,-0.000409282495203403,-0.0107165893547495,0.0107244020606844,0.000295621722479216,-0.00872718868290498,0.00873219414063993,-0.00040122263376066,0.0114694232365588,0.0114764388632169
2024-099-00:09:12.600000000,0.0747505867952278,90.1399749004148,0.158684,28.103525,-0.000409385285326182,-0.0104031006808925,0.0104111526781921,0.00029438295140859,-0.00917491659683141,0.00917963811274129,-0.000406492646429853,0.011569387202233,0.0115765260983939
2024-099-00:09:12.700000000,0.0375752562837139,90.1115800298848,0.117737,18.61128,-0.000410850298653382,-0.00993829356946337,0.00994678224556768,0.000293758899516672,-0.00915634182492524,0.00916105288195197,-0.000412627831549207,0.0118472660776563,0.0118544495967613
2024-099-00:09:12.800000000,0.0330128408518109,90.0909136872949,0.096722,19.957128,-0.000411047320464161,-0.0093691147628072,0.00937812728311536,0.000291582289693477,-0.0088297526524093,0.00883456575811126,-0.000415589811169831,0.0119124634881617,0.0119197106193034
2024-099-00:09:12.900000000,0.0492304968657513,90.0757808354111,0.090368,33.009504,-0.000412216411955952,-0.00879891548678053,0.0088085660645642,0.000288574064984513,-0.00825386848059682,0.00825891154365824,-0.000417865781714159,0.0119981442651592,0.0120054186773765
2024-099-00:09:13.000000000,0.0671416343272841,90.0639235467983,0.092705,46.406539,-0.000420727796792835,-0.00819154548687044,0.0082023429178779,0.000279121209840253,-0.00750832597897835,0.00751351233820668,-0.000419030456612865,0.0121022879193994,0.0121095400163512
2024-099-00:09:13.100000000,0.0851979891396232,90.0510778373218,0.099336,59.056522,-0.000412461315434642,-0.00751177673429207,0.00752309205331037,0.000285843904026755,-0.00681974684593966,0.00682573466962884,-0.000423160200742013,0.0121910832582424,0.0121984251264207
2024-099-00:09:13.200000000,0.106106321297407,90.0330083127452,0.111122,72.719773,-0.000411234247637779,-0.00707485122722252,0.00708679289197604,0.000285658110632905,-0.00637558662545993,0.00638198287171894,-0.000424550328062912,0.0122145633217154,0.0122219392946149
2024-099-00:09:13.300000000,0.126259893476516,90.0143522458775,0.127073,83.514907,-0.00041557036247807,-0.00690051245088198,0.00691301459646567,0.000280007759257825,-0.00618360951191776,0.00618994595623616,-0.000423356125914353,0.0121943325262196,0.0122016792356366
2024-099-00:09:13.400000000,0.141767544976919,89.9996408127502,0.141768,90.145166,-0.000409082164152801,-0.00692751479615722,0.00693958280215786,0.000284987304083418,-0.00618469871607762,0.0061912612585919,-0.000423928660640666,0.0121798061943258,0.0121871815626358
2024-099-00:09:13.500000000,0.153554174449923,89.9877881456345,0.154039,94.547037,-0.000401475778172586,-0.00712459476372193,0.00713589751521932,0.000291049260605227,-0.0063489271318837,0.00635559481072132,-0.00042388413537898,0.0121713998736439,0.0121787787829636
2024-099-00:09:13.600000000,0.162928427059953,89.9780525866188,0.1644,97.671875,-0.000397360740613304,-0.00743374256844346,0.00744435518578131,0.00029333199603079,-0.0066434415660326,0.00664991424765652,-0.000422361274045799,0.0121374404153138,0.0121447869014284
2024-099-00:09:13.700000000,0.163085051996163,89.9679266422941,0.166209,101.126133,-0.000389312747755586,-0.00777496674962903,0.0077847075971678,0.000300620597139077,-0.00705634517038531,0.00706274591834114,-0.000420771087728329,0.0120675809917448,0.0120749144634896
2024-099-00:09:13.800000000,0.147433010963066,89.9550912662097,0.154121,106.940926,-0.000382994512882748,-0.0081887203449134,0.00819767196733908,0.000305503251716605,-0.00763329626237469,0.0076394073111723,-0.000417739888614444,0.0119636090165457,0.0119709000211059
2024-099-00:09:13.900000000,0.126548837976869,89.9426196944878,0.13895,114.390651,-0.000365892200454638,-0.00891540039557786,0.0089229054301737,0.000317690449420569,-0.00825893392267476,0.00826504184869992,-0.00041549485479453,0.0117978724596709,0.0118051865952649
2024-099-00:09:14.000000000,0.110614460117419,89.934229033242,0.128691,120.73553,-0.000360006295905714,-0.00990718040375328,0.00991371918533124,0.000318743863122319,-0.00888289994585442,0.0088886168270625,-0.000410896048901694,0.0116395616757378,0.0116468120774016
2024-099-00:09:14.100000000,0.0981775410859173,89.9286308782422,0.121377,126.014846,-0.00035744153664325,-0.0109855446490701,0.0109913582276637,0.000323510698104624,-0.00949843631155506,0.00950394399901724,-0.00040669411526804,0.0114971495409657,0.0115043403839907
2024-099-00:09:14.200000000,0.0878617923781421,89.925021904054,0.115505,130.47622,-0.00036009596253236,-0.012113350993036,0.0121187021327665,0.000321890412957476,-0.0101116573993794,0.0101167795666594,-0.00040100376645318,0.0113657830384392,0.0113728548789467
2024-099-00:09:14.300000000,0.0818573251812131,89.9266033712259,0.109944,131.880676,-0.000358055833651365,-0.0131891143299351,0.0131939736542147,0.000323095319790074,-0.0107207605024301,0.0107256280159315,-0.000396084698732659,0.0112243902094206,0.0112313765256939
2024-099-00:09:14.400000000,0.0827896359461569,89.93654564568,0.10431,127.468439,-0.000353755643259772,-0.0140842310978556,0.0140886730628878,0.000329241068661583,-0.0113455318607684,0.0113503080524277,-0.000392724216827904,0.011082569978864,0.0110895261236403
2024-099-00:09:14.500000000,0.0871825466092505,89.9494230168757,0.100791,120.119172,-0.000348487716415794,-0.0146054420748749,0.0146095989640721,0.000333325706145799,-0.0119382716180095,0.0119429240662305,-0.000389741720371669,0.0109638783656694,0.0109708034084014
2024-099-00:09:14.600000000,0.0913377250241517,89.9592590925795,0.100012,114.039092,-0.000348902775349803,-0.0149596347472018,0.0149637029145976,0.000331835720794479,-0.012442439787415,0.0124468639748751,-0.000386147845691449,0.0108709095419268,0.0108777655990322
2024-099-00:09:14.700000000,0.0953912500001561,89.96718720452,0.100877,108.982236,-0.00034801920504515,-0.0153014957762361,0.0153054529615184,0.000332319145853374,-0.0128595806870648,0.0128638738901558,-0.000383357341808896,0.0107919968261665,0.0107988035609278
2024-099-00:09:14.800000000,0.0993851974279825,89.9738456393834,0.102769,104.743743,-0.00035122924682593,-0.0156015452843162,0.015605498301637,0.000327636507922677,-0.0131775442497506,0.0131816166738173,-0.000379931750143285,0.0107248045246432,0.0107315320540253
2024-099-00:09:14.900000000,0.0969577959663233,89.9809215923674,0.098817,101.131877,-0.000356628516746847,-0.015854801596726,0.0158588119848399,0.000321090567152098,-0.0134044273023222,0.0134082724635039,-0.000376320683848666,0.0106643409254843,0.0106709786164181
2024-099-00:09:15.000000000,0.0818088504663204,89.9902062009637,0.082393,96.826707,-0.000364311749895294,-0.0159881768492307,0.015992326973064,0.000312206120708343,-0.0135112652380052,0.0135148718452502,-0.000373485957798576,0.0106617689342951,0.0106683086086302
2024-099-00:09:15.100000000,0.06303966945323,89.9991801826431,0.063045,90.745077,-0.00037221712860357,-0.0160043959268763,0.0160087237022519,0.000303075879335537,-0.0135052899655314,0.0135086902415341,-0.000370800851297936,0.0106418348254048,0.0106482929017999
2024-099-00:09:15.200000000,0.0491511975104479,90.0052895193687,0.049435,83.857624,-0.000374988603849985,-0.0159361026235971,0.0159405138964475,0.000299012787893783,-0.0134183465832447,0.0134216777518833,-0.000369078419695191,0.0105832377435355,0.0105896713837625
2024-099-00:09:15.300000000,0.0390282256156858,90.0095261689743,0.040174,76.283218,-0.000377284818159244,-0.0158101994607278,0.0158147004657696,0.000295449636214753,-0.0132765272391726,0.0132798142313826,-0.000367871463065474,0.0105507077360967,0.0105571190741541
2024-099-00:09:15.400000000,0.0308799791972166,90.0122119510406,0.033207,68.422939,-0.000371778605338693,-0.0156557748846717,0.0156601885866967,0.000299557419296977,-0.0131075521459778,0.0131109747123157,-0.000368835581022786,0.0105427317468862,0.0105491815972913
2024-099-00:09:15.500000000,0.0320844549333304,90.0187292442265,0.037151,59.725832,-0.000370651595664956,-0.0154170118728373,0.0154214667814892,0.000299360165707559,-0.0128576366582849,0.0128611211387376,-0.000368912545100526,0.010537112321982,0.0105435683026192
2024-099-00:09:15.600000000,0.0498023137036907,90.0338943712596,0.060242,55.761657,-0.000369364620915814,-0.0149761398488735,0.0149806940759165,0.000299333883630095,-0.012414008785647,0.0124176171185945,-0.000370289150498429,0.0105765075112942,0.0105829875362035
2024-099-00:09:15.700000000,0.0726611943285464,90.0510156422872,0.088782,54.92721,-0.00037544804476089,-0.0143158856685591,0.0143208080676186,0.000291970712040939,-0.0117473017245083,0.011750929525077,-0.000370996257783934,0.0106435140203936,0.0106499778838082
2024-099-00:09:15.800000000,0.089697450331584,90.0633953989522,0.109839,54.748533,-0.000376702950291713,-0.013732193820774,0.0137373597260923,0.000288473871423564,-0.0110364733604867,0.0110402428148672,-0.000373387304996433,0.0107493537809714,0.0107558367776764
2024-099-00:09:15.900000000,0.102451590364181,90.0722968247335,0.125392,54.790635,-0.000375665529629005,-0.0131829111481639,0.0131882626198652,0.000289383200002401,-0.0104204666476893,0.0104244840539975,-0.00037753361297637,0.0108408370843166,0.0108474089218404
2024-099-00:09:16.000000000,0.112971866646346,90.0792150112497,0.137977,54.962198,-0.000377073119183703,-0.012631397607949,0.0126370245575179,0.000285836788534496,-0.00991212179757279,0.00991624229229991,-0.000380770430629004,0.0109204215008912,0.010927057786887
2024-099-00:09:16.100000000,0.116264907418168,90.0766939039323,0.139282,56.589287,-0.000378134998274509,-0.0120843877441975,0.012090302445722,0.000285510508994092,-0.00938888103128689,0.00939322113390316,-0.0003842018557673,0.0110052911533785,0.0110119954793219
2024-099-00:09:16.200000000,0.108058758288968,90.0574982425195,0.122404,61.982516,-0.00037425129394285,-0.0114556299201709,0.0114617416171772,0.00028841366165737,-0.00869425376590864,0.00869903621019289,-0.000388178643159524,0.0111173087504189,0.0111240836256811
2024-099-00:09:16.300000000,0.0955801835931891,90.0329490441645,0.1011,70.979576,-0.000370508044560281,-0.0110395042038704,0.011045719952921,0.000290854225296439,-0.00827469448174044,0.00827980464422431,-0.00039000093509689,0.0111505197605688,0.0111573380185514
2024-099-00:09:16.400000000,0.0860523648850778,90.0145032896904,0.087266,80.433268,-0.000366952280623329,-0.0108658613860841,0.0108720558146952,0.000293115058728383,-0.00808824944687585,0.00809355889288148,-0.000390833794769401,0.0111605655979112,0.0111674068395672
2024-099-00:09:16.500000000,0.0783341092042741,90.000373577649,0.078335,89.726757,-0.000365877234204692,-0.0108765214763195,0.0108826736409464,0.000292924111816288,-0.00807885636799513,0.00808416506201963,-0.000390132491006975,0.0111335489901698,0.0111403822410657
2024-099-00:09:16.600000000,0.0716230869417187,89.9887450683289,0.072502,98.930488,-0.000371660007803223,-0.0110339641781242,0.011040221766139,0.00028596616404236,-0.00821024689452359,0.00821522554261362,-0.00038751185533838,0.011121401264413,0.0111281504088557
2024-099-00:09:16.700000000,0.0555291386334408,89.9775890856751,0.059881,111.978423,-0.000368514247321665,-0.0113155136871097,0.0113215128297258,0.000287931491511847,-0.00848391512605104,0.00848879970371795,-0.000386035374613357,0.0110607444394605,0.0110674789751555
2024-099-00:09:16.800000000,0.0217892983688692,89.9647873344183,0.041409,148.251127,-0.000365227216145247,-0.0116503243058753,0.0116560476728385,0.000289925568260565,-0.00891000785430398,0.0089147235963259,-0.000384109114005066,0.0109837972959755,0.0109905114917614
2024-099-00:09:16.900000000,0.0285009799103344,89.9531794992128,0.054813,148.669923,-0.000370845429054807,-0.012075161035636,0.0120808542896929,0.000284564485534076,-0.00946990356489295,0.00947417808967087,-0.000379917359685873,0.0108972480912398,0.01090386872455
2024-099-00:09:17.000000000,0.0576400989007414,89.9451543063725,0.079564,133.57692,-0.000370311930551846,-0.0126842846196151,0.012689689012632,0.000285659875934823,-0.0100606242056773,0.0100646788807482,-0.000376247455684035,0.0107598903982094,0.0107664666223133
2024-099-00:09:17.100000000,0.0804794909224602,89.9398862892392,0.100452,126.757666,-0.000374198457057795,-0.0134229786696765,0.0134281935066432,0.000283568279202224,-0.0106448002522616,0.0106485765893624,-0.000371381327581867,0.0106089582766489,0.0106154566461435
2024-099-00:09:17.200000000,0.0988255893333265,89.9362949911036,0.117579,122.80663,-0.000369780017836302,-0.0142712846694053,0.0142760745086594,0.000284565977861987,-0.0112212603355944,0.0112248679865262,-0.000367212113678993,0.0104752552899753,0.0104816896599063
2024-099-00:09:17.300000000,0.0994714301149897,89.9327577244392,0.120067,124.058498,-0.00037616741923471,-0.0152131910719121,0.0152178409939715,0.000281825355330449,-0.0118046927045993,0.0118080563760903,-0.000361274996261799,0.0103381818700355,0.0103444924477161
2024-099-00:09:17.400000000,0.0697396735569806,89.9274633202677,0.100624,136.126209,-0.00036798914254925,-0.016266058409133,0.0162702204096429,0.000285073433245457,-0.0123811321297454,0.0123844135782263,-0.000357926821327559,0.0102218673434189,0.010228131970007
2024-099-00:09:17.500000000,0.0356338204921335,89.9221826667003,0.085588,155.396178,-0.000368814424484466,-0.017359341590019,0.0173632590408216,0.000286962647600866,-0.0129400312443463,0.0129432127451332,-0.000353888919156226,0.0101084189675738,0.0101146117765888
2024-099-00:09:17.600000000,0.0294609983659004,89.9187620631607,0.086415,160.066778,-0.000363193194142649,-0.018446940365984,0.0184505153901576,0.000290899040901325,-0.0134862155411904,0.0134893525372956,-0.00035085669062295,0.00999966873183024,0.0100058220633638
2024-099-00:09:17.700000000,0.0422612484644406,89.9166732942065,0.093431,153.106989,-0.000365601996027818,-0.0195371117353765,0.0195405322286801,0.000290986348151992,-0.0140230610306403,0.0140260797703376,-0.000346057034287166,0.00989560436846188,0.0099016534623315
2024-099-00:09:17.800000000,0.0573491563245324,89.915397683701,0.102208,145.867914,-0.000369990291948086,-0.0206158392305775,0.0206191590516479,0.000289815896455346,-0.0145646009726554,0.0145674841598168,-0.000340767495276308,0.0097747288451313,0.00978066697529768
2024-099-00:09:17.900000000,0.071640952211612,89.9179684000273,0.108911,138.868171,-0.000368903552656427,-0.0217079104314914,0.0217110447729448,0.000290836305390754,-0.0151152795250198,0.0151180772876718,-0.000336473798830986,0.00966698923683434,0.00967284319744566
2024-099-00:09:18.000000000,0.0860981694422314,89.9268655188463,0.112967,130.345586,-0.000362341444055262,-0.0227224479179113,0.0227253367566748,0.000292453741453273,-0.0156753815317253,0.0156781094318175,-0.000332473267803159,0.00954280148885213,0.00954859145264065
2024-099-00:09:18.100000000,0.099152791916764,89.9381799758478,0.116846,121.942784,-0.000357261625751205,-0.0234769721560486,0.0234796903191911,0.000295442648801866,-0.0162504435693715,0.0162531290082882,-0.000328890165228877,0.00941203318517675,0.00941777773254671
2024-099-00:09:18.200000000,0.108397978657446,89.9474412657799,0.120468,115.867242,-0.000351297627184406,-0.0240058057055602,0.0240083759883081,0.00029823720705192,-0.0167972599586696,0.0167999073673278,-0.000325640334035884,0.00928668473926171,0.00929239232241017
2024-099-00:09:18.300000000,0.114645943086033,89.9553135970575,0.123047,111.294687,-0.000345174081464977,-0.0243615517967453,0.0243639970261864,0.000306695483156087,-0.0173147361419015,0.0173174521735462,-0.000324064141398418,0.00921120659953349,0.00921690536932162
2024-099-00:09:18.400000000,0.118759080143132,89.9621956471919,0.124631,107.65771,-0.000344008621566283,-0.0246706624253375,0.0246730607431804,0.000306064761048406,-0.01774899591943,0.0177516346229269,-0.000321135239792351,0.00914434935220796,0.00914998649821204
2024-099-00:09:18.500000000,0.112047110138687,89.9651086260303,0.117354,107.296522,-0.000346661502695084,-0.0249658441695868,0.0249682508257495,0.000303289865002653,-0.0181345919733383,0.0181371279639771,-0.000317904013170684,0.00908298187380343,0.0090885434851483
2024-099-00:09:18.600000000,0.0859722551746512,89.9613537641926,0.094259,114.204846,-0.000342290852902356,-0.0252765952022466,0.025278912714874,0.000306072794245853,-0.0185692719250731,0.0185717942154948,-0.000316175626246879,0.00903082116635965,0.00903635424080985
2024-099-00:09:18.700000000,0.0552430914059825,89.9548017963415,0.071377,129.288967,-0.000342912213434596,-0.0256339361420923,0.0256362296549821,0.0003034860411843,-0.0190868847750548,0.019089297372963,-0.000312767449062212,0.00894028062055027,0.00894574988759352
2024-099-00:09:18.800000000,0.034700756251009,89.9494855560003,0.061285,145.512983,-0.000342821110089668,-0.0261062581080317,0.0261085089332327,0.000302638119985201,-0.0196224946985263,0.0196248283565834,-0.000309325808902202,0.00881851816416803,0.00882394158343166
2024-099-00:09:18.900000000,0.0233586654526481,89.9451616179042,0.059606,156.928189,-0.000347482518328341,-0.026684694268379,0.0266869565948873,0.000295488405724344,-0.0201705362431983,0.0201727005067764,-0.000304304243796029,0.00867782977759839,0.0086831636355516
2024-099-00:09:19.000000000,0.0214494133995974,89.9412277538103,0.062564,159.950027,-0.000349731960705068,-0.0273477029358402,0.0273499390915465,0.000291618788409145,-0.0207107348480563,0.020712787824536,-0.000299829532523565,0.00852735520976499,0.00853262472056983
2024-099-00:09:19.100000000,0.0209261597106524,89.949837904194,0.054352,157.355526,-0.000347697353116317,-0.0278018667614462,0.027804040873056,0.000291562536756089,-0.0212355012405231,0.0212375027168708,-0.000296701966878105,0.00841189070986044,0.00841712167975406
2024-099-00:09:19.200000000,0.0131581222314691,89.9833164353858,0.021248,141.737589,-0.000352688696832816,-0.0279934712109931,0.0279956928786836,0.0002854769648423,-0.0214068975692381,0.021408801008868,-0.000294107357711112,0.00837663444071815,0.00838179597051164
2024-099-00:09:19.300000000,0.0128263769873694,90.0235461468533,0.026813,28.578615,-0.000348633596734412,-0.0276817713632818,0.0276839666809831,0.000288291244159514,-0.021094490821779,0.0210964607190774,-0.000295347799927332,0.00840655736482746,0.00841174399581066
2024-099-00:09:19.400000000,0.0206923804985986,90.052643248435,0.056564,21.458209,-0.00035044539784176,-0.0270512052231468,0.0270534751187657,0.000285361751238032,-0.0204545949797153,0.02045658542165,-0.000297109399174206,0.00849868653892382,0.00850387834355376
2024-099-00:09:19.500000000,0.0275969141081052,90.0736590050997,0.078659,20.538856,-0.000344216686825438,-0.0265178373254807,0.0265200712960608,0.000290260869484385,-0.0198888112364941,0.0198909291832546,-0.000301013142493901,0.00858873558534889,0.00859400883563616
2024-099-00:09:19.600000000,0.0333651567001818,90.090026036981,0.09601,20.335559,-0.000350187258973434,-0.02599318583308,0.0259955446349827,0.000284627367081506,-0.0195732148200057,0.0195752841902278,-0.000302586169748724,0.00865595788559837,0.0086612450206293
2024-099-00:09:19.700000000,0.0378116611263998,90.1019425094479,0.108729,20.350415,-0.000354425150186108,-0.0255087608360612,0.0255112229534073,0.000279691993370086,-0.0194632386093872,0.0194652481303757,-0.000305684848587151,0.00875699280541531,0.00876232653013749
2024-099-00:09:19.800000000,0.0408193835333825,90.1095950841054,0.11695,20.42818,-0.00035047856005348,-0.0250589099086183,0.0250613607178322,0.000280431259916561,-0.0194438092484682,0.0194458314243016,-0.000310335461825816,0.00899071029673231,0.00899606468066093
2024-099-00:09:19.900000000,0.042694370627323,90.1136416504457,0.121397,20.590863,-0.000349598878382605,-0.0246220290326349,0.024624510818688,0.000280768732456444,-0.0194320471404954,0.01943407541283,-0.000316345265024741,0.00922953608947284,0.00923495591508618
2024-099-00:09:20.000000000,0.0444812533933214,90.1147428547259,0.123063,21.189353,-0.000351385263263663,-0.0241873083295863,0.0241898605997164,0.000278907488945705,-0.0194609052955334,0.0194629037995133,-0.000320994537878118,0.00946315404152738,0.00946859661761042
2024-099-00:09:20.100000000,0.0468092567282005,90.1140843502687,0.123314,22.308553,-0.000345238128658774,-0.023762649968927,0.0237651577506068,0.000285163946436431,-0.0195014619252267,0.0195035467466154,-0.000327431570478531,0.0097075999324427,0.00971312039880633
2024-099-00:09:20.200000000,0.0491282409215221,90.1131094523166,0.123318,23.477373,-0.000344254114767106,-0.0233224695958556,0.0233250101595936,0.000283999668084509,-0.0195151840432694,0.0195172504224891,-0.000332222839505323,0.00995468376280279,0.00996022594284379
2024-099-00:09:20.300000000,0.049966477675601,90.1067828873197,0.117895,25.076129,-0.000347430028044623,-0.0228515441590513,0.0228541851326504,0.000280043491732242,-0.0194521763761902,0.0194541920965039,-0.000337493307450527,0.010136168133957,0.0101417851570825
2024-099-00:09:20.400000000,0.0490979051321136,90.0902696198628,0.102758,28.541912,-0.000349977944215049,-0.0223448190440402,0.0223475596581,0.000276357934168252,-0.0191379222778158,0.0191399175238426,-0.000340328787599302,0.010196554308957,0.0102022322782408
2024-099-00:09:20.500000000,0.0487323576047929,90.0710724219747,0.086175,34.437348,-0.000351176364448381,-0.0218128724019811,0.0218156991009699,0.000274916004905888,-0.0185465770685828,0.018548614497332,-0.000343162264849563,0.0102864463598915,0.0102921688217276
2024-099-00:09:20.600000000,0.0492598322613656,90.0566266070999,0.075054,41.020219,-0.00035635476087505,-0.0212235776708004,0.0212265691496317,0.000268527995563428,-0.017913146915382,0.017915159494028,-0.000344442955646272,0.0103975273080965,0.010403230991971
2024-099-00:09:20.700000000,0.0500955631256267,90.0455247906556,0.067691,47.736737,-0.000349972050962969,-0.0206674688466702,0.0206704317556392,0.000273722708437913,-0.0173619222043705,0.0173640797841904,-0.000347262616737528,0.010442088294722,0.0104478609906408
2024-099-00:09:20.800000000,0.0508015178084599,90.0364942973404,0.062551,54.307668,-0.000342619556422061,-0.0202195129026954,0.0202224155377815,0.000279878614875954,-0.016914392722412,0.0169167081078752,-0.000349891773428587,0.0104859364645326,0.0104917723856043
2024-099-00:09:20.900000000,0.0512045988775159,90.0294187729214,0.059054,60.121184,-0.000340488137846441,-0.0198521070151985,0.0198550266964038,0.000280877690973512,-0.0165438313154505,0.0165462154848584,-0.000350832994885257,0.0105001733419061,0.0105060327431612
2024-099-00:09:21.000000000,0.0510633305025871,90.0242383788552,0.056524,64.607582,-0.000337234183664401,-0.0195582317195651,0.0195611388955457,0.000283009705008606,-0.0162442877928654,0.01624675291837,-0.000351777266419248,0.0105051233953427,0.0105110115972035
2024-099-00:09:21.100000000,0.0504380155860156,90.0203458216761,0.054387,68.031711,-0.000332207707967036,-0.0193177513111205,0.0193206075908479,0.000286863207134196,-0.0159959289939704,0.0159985010197753,-0.000353034759323527,0.0105122159403645,0.0105181423035698
2024-099-00:09:21.200000000,0.0492613729582973,90.0172883792448,0.052207,70.661378,-0.000332975329364839,-0.0191084600171793,0.0191113609352684,0.000285030493891175,-0.0157774997933419,0.0157800742112118,-0.000352867263992323,0.0105159428037824,0.0105218614493073
2024-099-00:09:21.300000000,0.0477782249186059,90.0149447313926,0.050061,72.630646,-0.000330609742526968,-0.018921677988362,0.0189245660636411,0.000286267741945336,-0.0155803312612102,0.0155829609326701,-0.000352932024925865,0.0104945701754886,0.0105005030442581
2024-099-00:09:21.400000000,0.0462662471428354,90.0133182370782,0.048145,73.94097,-0.000329975054549839,-0.0187600323117715,0.0187629340955869,0.000285804911673466,-0.0154075708405172,0.0154102214018194,-0.000352907244631138,0.0104831050375856,0.0104890435575588
2024-099-00:09:21.500000000,0.0328976718785589,90.012622159026,0.035236,69.009223,-0.000325736143151039,-0.0185979506615302,0.0186008030160976,0.000288889491701481,-0.0152340520991741,0.0152367910170995,-0.000353367296713876,0.0104635142366601,0.010469479386635
2024-099-00:09:21.600000000,0.00710957926103615,90.0135116878171,0.015268,27.752446,-0.000323806976018122,-0.018436223306256,0.0184390666996965,0.000289698987085578,-0.0150611793206918,0.0150639652161426,-0.000353545565094952,0.0104577661071575,0.0104637405557769
2024-099-00:09:21.700000000,0.0487973803734126,90.0150108840237,0.051054,72.901238,-0.000325461724499387,-0.0182564107403157,0.0182593115547446,0.000286990265691893,-0.0148710236686739,0.0148737926692172,-0.000353085721585046,0.0104575053392114,0.0104634644093829
2024-099-00:09:21.800000000,0.0812464638290778,90.0163638375312,0.082878,78.612425,-0.000324516848810373,-0.0180600360172033,0.0180629513681414,0.000286870861613642,-0.0146652179293252,0.0146680234457764,-0.000353335923730057,0.010470847514135,0.0104768074306663
2024-099-00:09:21.900000000,0.105713000637835,90.0175934003642,0.107167,80.551101,-0.000327332777578673,-0.0178514542894587,0.0178544551021842,0.000283042857964477,-0.0144476639876941,0.0144504362550325,-0.000352928940363773,0.0104824206937676,0.0104883603312469
2024-099-00:09:22.000000000,0.125527465304354,90.018803542325,0.126928,81.480666,-0.000330040692676644,-0.017625793154517,0.0176288828683114,0.000279329143250271,-0.0142137430873561,0.014216487517092,-0.000352552065277701,0.0104800481395599,0.0104859764431465
2024-099-00:09:22.100000000,0.121093222715246,90.0225064891896,0.123167,79.471114,-0.000332549449278864,-0.0173623936351975,0.0173655780750243,0.000275810598548619,-0.0139437819516461,0.0139465094773324,-0.000352586041676391,0.0104921393183418,0.0104980619350564
2024-099-00:09:22.200000000,0.0730002787966073,90.0317877882745,0.079621,66.469416,-0.000332404311595221,-0.0169877805306946,0.0169910323401909,0.000274910508574273,-0.0135671319482603,0.01356991691534,-0.000353630338890817,0.010526846664798,0.0105327847752033
2024-099-00:09:22.300000000,0.0192257996701942,90.0422514507922,0.04642,24.467099,-0.000330901188392887,-0.0164866361040227,0.0164899565076122,0.000275340625398842,-0.0130690342045788,0.0130719343442524,-0.000355015590512854,0.0105658066437036,0.010571769298544
2024-099-00:09:22.400000000,0.0416161935525606,90.0498397208161,0.06493,39.861908,-0.000335998380071225,-0.0159094379387474,0.0159129855915936,0.000269331488173348,-0.0124946747536029,0.0124975772311613,-0.000355708115647292,0.0106319132748241,0.0106378620101465
2024-099-00:09:22.500000000,0.0743157662272442,90.0553280318349,0.09265,53.332364,-0.000336472370749123,-0.0153265159148923,0.0153302088617776,0.000267924503464994,-0.0118793101083755,0.011882331092446,-0.000358080583523418,0.0107311366871525,0.0107371093084986
2024-099-00:09:22.600000000,0.101857406704287,90.0596097371808,0.118018,59.662694,-0.000335710803625316,-0.0147970330822172,0.0148008408470567,0.000267536585758538,-0.0112689923071799,0.0112721676461982,-0.000361120248070399,0.0108342257055509,0.0108402423622531
2024-099-00:09:22.700000000,0.108777847488738,90.0634567339985,0.125934,59.742423,-0.000338770424954534,-0.0142792602420493,0.0142832782812978,0.000262964170421251,-0.0106394210729128,0.0106426702909404,-0.000363083847647459,0.0109268149050352,0.0109328456428014
2024-099-00:09:22.800000000,0.0813786116334706,90.0676901680505,0.105851,50.246575,-0.000340699842253014,-0.0137797869926538,0.0137839981843231,0.000260090793480665,-0.0100664265908549,0.010069786071706,-0.000365519937807254,0.0110092145293301,0.0110152807216951
2024-099-00:09:22.900000000,0.0454598607689615,90.0714489422951,0.084685,32.466839,-0.000341756481887743,-0.0132849958013423,0.0132893909166145,0.000258465781097888,-0.00950717738996775,0.00951069011609108,-0.000368132176434642,0.0110810004854913,0.0110871138290713
2024-099-00:09:23.000000000,0.0303491211486402,90.0740187230294,0.079999,22.294594,-0.000345172756891292,-0.0127861311535913,0.0127907894247751,0.000253657787266671,-0.00899137616995422,0.00899495345750392,-0.000369904230601807,0.0111597184564858,0.0111658472660093
2024-099-00:09:23.100000000,0.0351805414586957,90.0756112177269,0.083395,24.951722,-0.000351585594808788,-0.0122957020955405,0.0123007277204544,0.000246275909836123,-0.00848756486700762,0.00849113709672785,-0.000371248233949647,0.011226103583274,0.0112322405117416
2024-099-00:09:23.200000000,0.0472904930538764,90.0765601119497,0.089988,31.703266,-0.000353436421269987,-0.0118190013867495,0.0118242848022139,0.000243178706470974,-0.00800607672525985,0.00800976906121696,-0.000373317516300252,0.0112929413858688,0.0112991101911896
2024-099-00:09:23.300000000,0.0593532851340147,90.0723065047071,0.093547,39.381111,-0.000356282378873205,-0.0113229819789474,0.0113285858794937,0.000239373576117288,-0.00746995088742948,0.00747378525043045,-0.0003755435286043,0.0113710334560833,0.0113772331786442
2024-099-00:09:23.400000000,0.0711406055238867,90.0579798809779,0.091775,50.819846,-0.00035061683889678,-0.0107783203804229,0.0107840216241789,0.000244014600428033,-0.00686823362319781,0.00687256693150725,-0.00037927568149617,0.0114719891077077,0.0114782570161998
2024-099-00:09:23.500000000,0.0817793748841741,90.0406114002166,0.091308,63.591156,-0.00034841429566822,-0.0103137145468782,0.0103195978737503,0.000245188197211202,-0.00640562611381754,0.00641031693148419,-0.000380896218678147,0.0115005356176873,0.0115068415050828
2024-099-00:09:23.600000000,0.0894154844580264,90.0270102307913,0.093406,73.191731,-0.000352093144180518,-0.0100209355923214,0.0100271192137938,0.000240571412740713,-0.00610864512267528,0.00611338039380935,-0.000380706412464369,0.0115054835918537,0.0115117804902155
2024-099-00:09:23.700000000,0.0941317866999192,90.0161668508943,0.09551,80.254708,-0.000354863383670689,-0.00984061564207494,0.0098470119445505,0.000236835754823288,-0.00591928282351604,0.00592401893308375,-0.00037997173469358,0.0114994055246935,0.011505681463543
2024-099-00:09:23.800000000,0.097051218697446,90.0071603228541,0.097315,85.780435,-0.000362391594469989,-0.0097699358251298,0.00977665452467751,0.000228393435486371,-0.00583544334418611,0.00583991117951114,-0.000377614973334576,0.0114569232040453,0.0114631445237107
2024-099-00:09:23.900000000,0.096802703171883,89.9987325690769,0.096811,90.750126,-0.000363245212224485,-0.00979354751681714,0.00980028163107363,0.000226537888681472,-0.00584228625796374,0.00584667667440233,-0.000376685522530765,0.0114434451375783,0.0114496431647301
2024-099-00:09:24.000000000,0.0924412086688318,89.9895321416267,0.093032,96.460534,-0.000361217539044712,-0.00993806249931404,0.0099446248974401,0.00022752994507601,-0.00596585389909312,0.0059701911712466,-0.000376138073536585,0.0114442290153673,0.0114504086218152
2024-099-00:09:24.100000000,0.0868263315406227,89.9814776671605,0.08878,102.042176,-0.000363052507041227,-0.0101641474928266,0.0101706293501829,0.000224716721506309,-0.00617008881602006,0.00617417958942727,-0.00037374858194625,0.0113815478455412,0.0113876827916329
2024-099-00:09:24.200000000,0.0827479588651129,89.9762747725193,0.086082,105.998474,-0.000352655299379897,-0.0104206171442407,0.0104265827300714,0.000233694013884504,-0.00642975474007306,0.00643400022611264,-0.00037396597871451,0.0113287621413577,0.0113349328277099
2024-099-00:09:24.300000000,0.0795731489182562,89.9731468668709,0.083982,108.647714,-0.000352375540899699,-0.0106896985485983,0.010695504830616,0.000232100716639302,-0.00672455700381317,0.00672856133509959,-0.000371938762922402,0.0112806069860607,0.0112867370137399
2024-099-00:09:24.400000000,0.0768613858961259,89.9714285483776,0.082,110.391447,-0.00035026418764834,-0.0109674242610126,0.0109730159902461,0.000233764692019967,-0.00703794480780699,0.00704182597406188,-0.000370254346865403,0.0112206802222953,0.0112267872934505
2024-099-00:09:24.500000000,0.066874238867679,89.9738560275541,0.071803,111.352624,-0.000353986681966176,-0.0112379047069532,0.0112434784997158,0.000229708484784695,-0.00732373590331177,0.00732733741337465,-0.000367387660357219,0.0111576863497593,0.0111637331736561
2024-099-00:09:24.600000000,0.0415325556284432,89.9830372277511,0.044863,112.216137,-0.000356820630948863,-0.0114453343569281,0.011450895139881,0.000225919811431764,-0.00750760717792162,0.00751100561171256,-0.000365469225938027,0.0111321831206156,0.0111381806766647
2024-099-00:09:24.700000000,0.0122100769899274,89.9944627019798,0.013407,114.394401,-0.0003556227088212,-0.0115185379351979,0.0115240263656251,0.000226139324638958,-0.00756280301171984,0.00756618321138385,-0.000365110618846602,0.0111366454728171,0.0111426288707473
2024-099-00:09:24.800000000,0.00971843709815427,90.0032295605691,0.010241,71.617695,-0.000354125768694322,-0.0114955813487765,0.0115010345450482,0.000226650526874851,-0.00752547544493708,0.0075288877753413,-0.000364752882521238,0.011116226988748,0.0111222096334621
2024-099-00:09:24.900000000,0.0265061486725561,90.01013862569,0.028379,69.068104,-0.000353149212335597,-0.0113853211047296,0.0113907967686188,0.000226640815681927,-0.0074038824467074,0.00740735049420472,-0.000364531064762139,0.0110941623174425,0.0111001495675932
2024-099-00:09:25.000000000,0.0400406573815411,90.0159431302395,0.043098,68.288865,-0.000353135760482278,-0.0112167288522665,0.0112222863539743,0.000225703477499889,-0.0072265521756677,0.00723007596138541,-0.000364402257089429,0.0110886950712669,0.0110946810404135
2024-099-00:09:25.100000000,0.0514960464084793,90.0205608589103,0.055449,68.234631,-0.000360219602616928,-0.0109945993238551,0.011000498736613,0.00021776866353178,-0.00699776208162064,0.00700114971570985,-0.000363017154331613,0.0110891035382538,0.0110950438816822
2024-099-00:09:25.200000000,0.0620804950202683,90.023818719719,0.066493,69.00946,-0.000362354167366649,-0.0107431968696569,0.0107493060019154,0.00021471405122724,-0.00674096976938311,0.0067443884493356,-0.000362953340480979,0.0111043730399842,0.0111103031344106
2024-099-00:09:25.300000000,0.0707234479436895,90.0260370265442,0.075364,69.788691,-0.00036593356025946,-0.0104626365320448,0.0104690338891515,0.000210252862087309,-0.00645615061936116,0.00645957328976872,-0.000362670617088841,0.0111220101338173,0.0111279216115694
2024-099-00:09:25.400000000,0.0766335731139524,90.0273772176769,0.081377,70.340827,-0.000363465400990331,-0.0101697597887219,0.0101762528102451,0.00021175438183799,-0.00615950118221432,0.00616314000586772,-0.000363776480302193,0.0111497434228072,0.0111556762108826
2024-099-00:09:25.500000000,0.0803026541533107,90.0279568443802,0.08503,70.804784,-0.000364665179184949,-0.00986228764755573,0.00986902722339138,0.000209638221240336,-0.00584860455859434,0.00585236050381513,-0.000364057298352909,0.0111623484767984,0.0111682837192636
2024-099-00:09:25.600000000,0.0826079315028937,90.0281483957949,0.087272,71.183629,-0.000369828270302324,-0.0095686449349229,0.00957578920194782,0.000203642678464086,-0.00555164177485219,0.00555537548116921,-0.000363658303285534,0.0111760049901593,0.0111819200006803
2024-099-00:09:25.700000000,0.0868703249322462,90.0261365885038,0.090717,73.2551,-0.000368819534236461,-0.00928638318900414,0.00929370435197145,0.000203711373496729,-0.00526517683666281,0.00526911619202144,-0.000364549506158232,0.0111959694640407,0.011201902900051
2024-099-00:09:25.800000000,0.0969341912293905,90.0206099776073,0.099101,77.99663,-0.000366506703364105,-0.00906522320414567,0.0090726291065265,0.000205056810604124,-0.00503731720639973,0.00504148915832078,-0.000365416033879397,0.0112064547791812,0.0112124108734763
2024-099-00:09:25.900000000,0.108716066247272,90.0140563443981,0.109621,82.632874,-0.000364746217439662,-0.00892760968919226,0.008935057614011,0.000205877079814392,-0.00489031070141791,0.00489464239024624,-0.000365615333580537,0.0111878649096887,0.011193837403214
2024-099-00:09:26.000000000,0.118036594568673,90.0089046526494,0.118372,85.685798,-0.000361297669199486,-0.00884371167457253,0.00885108875725125,0.000208356531986781,-0.00479481049871356,0.00479933538763393,-0.000365880814761605,0.0111547787812141,0.011160777680271
2024-099-00:09:26.100000000,0.125402960325906,90.0049596957344,0.125501,87.735132,-0.000359151315780071,-0.00880343859324532,0.008810761643165,0.000209550868407155,-0.00474130720414439,0.00474593568967403,-0.000365648176644604,0.0111237720938627,0.0111297800600588
2024-099-00:09:26.200000000,0.131516275181758,90.0016796119405,0.131527,89.268309,-0.000362057120418688,-0.00879899053211315,0.008806436268018,0.000205744739032917,-0.00472218514239081,0.00472666514750688,-0.000364549372330059,0.0111053028175143,0.0111112846653102
2024-099-00:09:26.300000000,0.131459607976159,89.9946852084405,0.131567,92.315151,-0.000359582842773114,-0.00887232888177374,0.00887961258204283,0.00020726357339456,-0.00477806520244378,0.00478255844372658,-0.000364220611879716,0.0111065502696954,0.0111125206657801
2024-099-00:09:26.400000000,0.120841512144095,89.9795061215364,0.122567,99.625367,-0.000363565117272507,-0.00909790774959874,0.00910516913707297,0.000202663834131091,-0.00498961299773872,0.00499372711477789,-0.000361251150221514,0.0110475801242737,0.0110534849253882
2024-099-00:09:26.500000000,0.106929606108594,89.9625198208064,0.113308,109.316187,-0.000364699165225264,-0.00939513665270189,0.00940221241006916,0.000200357791682712,-0.00539203834450924,0.00539575951589263,-0.000358139469424586,0.0109683452979688,0.0109741907426031
2024-099-00:09:26.600000000,0.0967433236051003,89.9501073962949,0.108851,117.281102,-0.000365170313571521,-0.00981340045378615,0.00982019235169476,0.000199800683859755,-0.00587269207633533,0.00587608990202861,-0.000354698678817125,0.0108768599820707,0.0108826418769674
2024-099-00:09:26.700000000,0.0891941962748413,89.9410236555761,0.106929,123.473162,-0.00036364988555093,-0.0104357644156409,0.010442098456633,0.000200300947708981,-0.0063634703708578,0.00636662199525292,-0.000351152964551699,0.0107477375787359,0.0107534725305776
2024-099-00:09:26.800000000,0.0830294248544502,89.9338979402138,0.106129,128.524257,-0.000359118188484249,-0.0112042746846257,0.0112100284157465,0.000201450354058271,-0.00687777512680131,0.00688072473944402,-0.0003476063019792,0.0106240495509568,0.010629734662839
2024-099-00:09:26.900000000,0.077538284230412,89.9409586723503,0.097458,127.287344,-0.000368337236046945,-0.0118067688417021,0.0118125129756901,0.000191302171374542,-0.0073717982581555,0.00737428003805911,-0.000341594501559513,0.0104808479872868,0.0104864131778273
2024-099-00:09:27.000000000,0.0736429362567208,89.9742712929198,0.078008,109.257924,-0.000366792462106482,-0.0120536302505294,0.0120592097140209,0.000191649139441973,-0.00763193461183185,0.0076343405289472,-0.000339678909686239,0.0104168806800938,0.0104224174194376
2024-099-00:09:27.100000000,0.0750024758720992,90.015488414221,0.076585,78.332132,-0.000362593726507552,-0.01189625345109,0.0119017780345238,0.000194921078951168,-0.00746676270685681,0.00746930649709376,-0.000340633037277652,0.0104174595692097,0.0104230271390899
2024-099-00:09:27.200000000,0.0792827701267225,90.0459619393992,0.091642,59.89822,-0.000356637666342957,-0.0114035050376329,0.0114090804874176,0.000199927021383008,-0.00697897768797594,0.00698184075893636,-0.000343351346358383,0.0104547689362442,0.010460405520691
2024-099-00:09:27.300000000,0.0844249532431247,90.0689720015787,0.109017,50.752501,-0.000350026584192874,-0.0109516681461483,0.0109572603233199,0.000205581979078413,-0.00645327811040004,0.00645655189093142,-0.000347656587331648,0.0105502518323146,0.0105559783453725
2024-099-00:09:27.400000000,0.0896840883318517,90.0877124249999,0.125446,45.636819,-0.000356288596944567,-0.0105227891876484,0.0105288192050202,0.000198856889404487,-0.00616528445671316,0.00616849061721362,-0.000349586127632747,0.0105953566385018,0.0106011222404837
2024-099-00:09:27.500000000,0.0867974737621635,90.0971401983115,0.130269,41.781711,-0.000352430484636054,-0.0101143728223968,0.0101205110956384,0.000200641677405864,-0.00601347108973483,0.00601681740040271,-0.000352987827168879,0.0106614170564655,0.010667258975858
2024-099-00:09:27.600000000,0.0683412059769577,90.0923573768566,0.114893,36.500162,-0.000351621390803916,-0.0096908670929687,0.00969724407324342,0.000200212230276507,-0.00580087898808972,0.00580433303417483,-0.000355919753119862,0.0107170831577013,0.0107229916664961
2024-099-00:09:27.700000000,0.0466619005215124,90.0812537451467,0.093699,29.867638,-0.000356577490209366,-0.00924601211655716,0.00925288536436315,0.000193130517651306,-0.00541828810264597,0.00542172900098512,-0.000357019775462583,0.0107670957828904,0.0107730132608295
2024-099-00:09:27.800000000,0.0340640084492966,90.0719065464792,0.079567,25.348145,-0.000366611323026218,-0.00881133622999268,0.00881895969035762,0.000182728922919946,-0.00493120870104722,0.00493459310506502,-0.000357307022623611,0.0108332423146535,0.0108391331459861
2024-099-00:09:27.900000000,0.0295072330355169,90.0635331894087,0.070051,24.911957,-0.000367612961906887,-0.00834789332071386,0.00835598361557639,0.000180686480794187,-0.00436979477590913,0.00437352877981893,-0.000359210682464161,0.0109160853934272,0.0109219939860353
2024-099-00:09:28.000000000,0.0307977561010826,90.0555543780127,0.06352,29.002737,-0.000366561674856455,-0.00782900664744547,0.00783758333590265,0.000180563068790075,-0.00381951792430385,0.00382378349228735,-0.000361222479925454,0.011013422560239,0.0110193447250908
2024-099-00:09:28.100000000,0.032835593686609,90.0444875246886,0.055293,36.4305,-0.000364270225224303,-0.00737728803830806,0.0073862758950061,0.000181981515449999,-0.00337093240230109,0.00337584101119245,-0.00036297599998559,0.0110563636906538,0.0110623202645997
2024-099-00:09:28.200000000,0.0324253353176893,90.0266661963814,0.041982,50.566546,-0.000356329954854098,-0.00710898187892361,0.00711790660177489,0.000188969317128197,-0.00309854902010756,0.00310430595026093,-0.000365204412704206,0.0110794984708514,0.0110855158034553
2024-099-00:09:28.300000000,0.0315487992303942,90.0080595978612,0.032562,75.669464,-0.000353190728482049,-0.00703971003137654,0.00704856446494953,0.000191202858479366,-0.00301747209288,0.00302352383228581,-0.000365177327914479,0.011043008019293,0.011049044329488
2024-099-00:09:28.400000000,0.0316201250308189,89.9947806130819,0.032048,99.373029,-0.000351260632291533,-0.00710964550982021,0.00711831744916624,0.00019225138906364,-0.00307047620658196,0.00307648902676132,-0.000365021221299733,0.0110507091149881,0.0110567360661309
2024-099-00:09:28.500000000,0.031357086774956,89.9853276610426,0.03462,115.075428,-0.00035313837746043,-0.00728403988451801,0.00729259513156219,0.000189548274531643,-0.00322404527933065,0.00322961243983736,-0.000363183114854733,0.0110236411131417,0.0110296221769498
2024-099-00:09:28.600000000,0.0307495823899064,89.9781951463088,0.037696,125.340853,-0.000352100519593267,-0.00752072983315774,0.00752896752544774,0.000189458027561648,-0.00345258516887295,0.00345777944532745,-0.00036168595306919,0.0109717126363121,0.0109776725630918
2024-099-00:09:28.700000000,0.0233859192769484,89.9776695044331,0.032335,133.677484,-0.000354050434660465,-0.00775487828415472,0.0077629561967293,0.000186346741098839,-0.0036799599219922,0.00368467503796292,-0.000359491040601068,0.0109153770676386,0.0109212952682822
2024-099-00:09:28.800000000,0.00592933471155229,89.9873573623619,0.013964,154.873654,-0.000351304348867016,-0.00790992462760931,0.00791772204361792,0.00018820964039988,-0.00381508737552012,0.00381972702579548,-0.000359014392551109,0.0109034323689233,0.0109093413530672
2024-099-00:09:28.900000000,0.0230705280527648,90.0010409473691,0.023094,87.416554,-0.000348004496906935,-0.00790917584775462,0.00791682826140447,0.000190613223927293,-0.00379999294171923,0.0038047706577732,-0.000359279459136054,0.0109068948412591,0.0109128106740675
2024-099-00:09:29.000000000,0.0416543945742681,90.0120055794548,0.04335,73.922027,-0.000347147969105599,-0.00780034892030024,0.00780806986334544,0.000190629980614397,-0.00368141925923888,0.00368635152309217,-0.000359152442724724,0.0108888514420014,0.0108947728844199
2024-099-00:09:29.100000000,0.0563080990515972,90.0211295596009,0.060142,69.431453,-0.000347817442237886,-0.0075875035716506,0.00759547150761133,0.000189124229128667,-0.00346237325401224,0.00346753464642284,-0.000359364567903863,0.0109013729495516,0.0109072945810535
2024-099-00:09:29.200000000,0.068439469542434,90.0290638166024,0.074355,66.9908,-0.000347714964862836,-0.0072952466852789,0.00730352859211644,0.000188413589305913,-0.00316723472562446,0.00317283398365509,-0.000359928286871396,0.0109223458546864,0.0109282746735738
2024-099-00:09:29.300000000,0.0677571037550429,90.0400961776756,0.078732,59.384518,-0.00034937659676507,-0.0068909444149803,0.00689979557209598,0.00018596862089965,-0.00276440226212652,0.00277065050029944,-0.000360570274249952,0.010948629882933,0.0109545655886542
2024-099-00:09:29.400000000,0.0471100364864461,90.0581019347698,0.074801,39.035738,-0.000351846257446338,-0.00640842213751214,0.00641807370489267,0.000182397504069267,-0.00222903779674774,0.00223648794962565,-0.000362164856338028,0.0110555636843185,0.0110614941016659
2024-099-00:09:29.500000000,0.0366156343723598,90.0768554067559,0.085132,25.474184,-0.000352090566856982,-0.00597873272028751,0.00598909114206039,0.000182844307328609,-0.00181072215224208,0.00181993042541265,-0.000364985949994573,0.0111212635041011,0.0111272510833244
2024-099-00:09:29.600000000,0.0486011095756746,90.0901247209822,0.102394,28.336448,-0.000352585893199095,-0.00555115292961433,0.00556233904576562,0.000181717743685895,-0.00157662533857214,0.00158706294664012,-0.000367757637296787,0.011177695013771,0.0111837431793059
2024-099-00:09:29.700000000,0.0638505548651471,90.0992908713103,0.118049,32.743705,-0.000355430835920097,-0.00516834063535873,0.00518054784769171,0.000179200791644621,-0.00145630153359497,0.00146728561653044,-0.00036974317071753,0.0112355842655694,0.0112416664156612
2024-099-00:09:29.800000000,0.0780738635801685,90.1060742168048,0.131709,36.354236,-0.000358741652034491,-0.00479357645156694,0.00480698146136654,0.00017645378510252,-0.00141861901112435,0.00142955092144366,-0.000373954269196102,0.0113849054004304,0.011391045288831
2024-099-00:09:29.900000000,0.0904957413386425,90.1124467795669,0.144339,38.826711,-0.000359118139379731,-0.00444187443006264,0.00445636783608309,0.000174403784356686,-0.00146504703314846,0.00147539130041323,-0.000379975838507661,0.0115984856998549,0.0116047081896784
2024-099-00:09:30.000000000,0.101677728448503,90.1207523031874,0.157859,40.09862,-0.000361351032279338,-0.00412015229087515,0.00413596777895248,0.000173501246200071,-0.0015753775235724,0.00158490284377626,-0.000384488178655422,0.0117602940079294,0.0117665775105791
2024-099-00:09:30.100000000,0.110319811141775,90.1287902797863,0.16958,40.58292,-0.000363427667819527,-0.00384650840095394,0.00386363902925028,0.000170921294909635,-0.00175977409308014,0.00176805513141689,-0.000388825070180976,0.0118784953239603,0.0118848574285326
2024-099-00:09:30.200000000,0.115644112293167,90.1347315741691,0.177556,40.640537,-0.0003645078901384,-0.0035984805424281,0.00361689483068098,0.000168898002759249,-0.00200515525782893,0.00201225598355057,-0.000393263455759853,0.0119594603472683,0.0119659244500172
2024-099-00:09:30.300000000,0.11837057830667,90.1389039907378,0.182499,40.436891,-0.000366414478329197,-0.00337370659373305,0.00339354619101127,0.000166743251561838,-0.00231886184791772,0.0023248491524548,-0.000397056556027762,0.0120444584114967,0.0120510013000977
2024-099-00:09:30.400000000,0.119154545584561,90.1414901182707,0.184979,40.102155,-0.000365126053199362,-0.00317036251689926,0.00319131877494003,0.000166866924222012,-0.00266492528673697,0.00267014444446166,-0.000401447179091446,0.0121329136031874,0.012139553218303
2024-099-00:09:30.500000000,0.122770131203281,90.1406584109286,0.186701,41.11533,-0.000364086358818583,-0.0029639242730653,0.00298620260081989,0.000166945359502018,-0.00298769549221617,0.00299235611304338,-0.000406340248592853,0.0122213481482839,0.0122281013636291
2024-099-00:09:30.600000000,0.134830179174796,90.134508139462,0.190451,45.068586,-0.000363824148503874,-0.00271569439870306,0.00273995694823509,0.000165786226250895,-0.00322230753227969,0.00322656952588983,-0.000411259741281435,0.0123089466823446,0.0123158151579017
2024-099-00:09:30.700000000,0.150112229517788,90.1265036996666,0.196308,49.878328,-0.0003632045365069,-0.0024218372077601,0.00244892078194261,0.000167033489809787,-0.0033731195668206,0.00337725269987101,-0.000415964113074047,0.0124278609440777,0.012434820215375
2024-099-00:09:30.800000000,0.162142895926298,90.1204108523933,0.201963,53.401708,-0.000360913627554591,-0.00209261719661407,0.00212351250952745,0.000169484187100915,-0.00346291646940207,0.00346706148831158,-0.000422031692119143,0.0125795503205122,0.0125866277062386
2024-099-00:09:30.900000000,0.171503705881158,90.1156185525303,0.206836,56.014372,-0.000361331856084049,-0.00176645795309431,0.00180303477788735,0.000168934535364102,-0.00352678710031025,0.00353083079857325,-0.000427284911076036,0.012759079950436,0.0127662325522
2024-099-00:09:31.000000000,0.179275147996387,90.1116072904865,0.211177,58.095876,-0.000361172306535294,-0.00140988382148895,0.00145540984781068,0.000167768140034724,-0.00352289933289747,0.00352689181270707,-0.00043362479015658,0.0129598067492852,0.012967059089765
2024-099-00:09:31.100000000,0.165106181180755,90.0961014669161,0.191038,59.798169,-0.000362825187667968,-0.00102175970036762,0.00108426703449917,0.000165288357142774,-0.00335263749689231,0.00335670946412931,-0.00043775192415825,0.0130256633583197,0.0130330170210653
2024-099-00:09:31.200000000,0.108950737191591,90.0565186461228,0.122738,62.581818,-0.000374399341630617,-0.00054549808864542,0.000661621516978738,0.000153285662093603,-0.00282557987034247,0.00282973463382842,-0.000437711130957783,0.0131090372171004,0.0131163427750836
2024-099-00:09:31.300000000,0.0407198831580624,90.011192141738,0.04223,74.631373,-0.000373500526246858,-0.000451965807009202,0.000586323915435963,0.000153366862220515,-0.00271292163916879,0.00271725324817133,-0.000437345176387905,0.013076717374292,0.0130840287408129
2024-099-00:09:31.400000000,0.0137092410690825,89.9779857074936,0.025934,148.087712,-0.000372966336267129,-0.000687009265705559,0.000781719655089864,0.000152872387002046,-0.00293093167761085,0.00293491575101066,-0.000435651765789669,0.0130226298341788,0.0130299148216356
2024-099-00:09:31.500000000,0.0510344461717699,89.9534506551928,0.069075,132.368439,-0.000371925984533042,-0.00102847828922354,0.00109366198131555,0.000153909562570609,-0.00337205479613445,0.00337556538991382,-0.000433206442732001,0.0129444392459914,0.0129516861919669
2024-099-00:09:31.600000000,0.0828278271820898,89.9339562394489,0.105935,128.567501,-0.000365128696490733,-0.00177831856376214,0.00181541617245801,0.000157929870984817,-0.00383592433125515,0.00383917404128343,-0.000430273070570235,0.0128261804276786,0.0128333954695795
2024-099-00:09:31.700000000,0.105640231317594,89.9168237029454,0.134455,128.21524,-0.000361330637361912,-0.00267586389281111,0.00270014951481332,0.000161994928377764,-0.00427542657110869,0.00427849444568558,-0.000426669457718766,0.0127314829500535,0.0127386304182849
2024-099-00:09:31.800000000,0.117081348379966,89.8991446482298,0.154531,130.741971,-0.000361400771791203,-0.00356711921119665,0.0035853800335166,0.000161782797166404,-0.00466385417393298,0.00466665934359592,-0.000421601138693538,0.0126117325652111,0.0126187775087983
2024-099-00:09:31.900000000,0.120450122857016,89.8828525858178,0.168023,134.203553,-0.000491627909185266,-0.00451445273311301,0.00454114319093787,0.000102701582093358,-0.00542034735613854,0.00542132023368501,-0.000421926385957573,0.0124084997376267,0.0124156710496794
2024-099-00:09:32.000000000,0.118616337560823,89.8697556478479,0.176163,137.675134,0.000958734514738137,-0.00642525963329576,0.00649639386313747,0.000177273429466473,-0.00595876646418767,0.00596140282513457,-0.000416434602256461,0.012293075985527,0.0123001274368966
2024-099-00:09:32.100000000,0.11391309972487,89.860132418041,0.180386,140.839347,0.000825199420157618,-0.00744090475689699,0.00748652240257389,0.000344284327701253,-0.00640769534677059,0.00641693784879721,-0.000422146405195528,0.0121486899576355,0.0121560221813788
2024-099-00:09:32.200000000,0.108532598365712,89.8537746975725,0.182102,143.416077,0.000883478965980703,-0.00862709198149112,0.00867221143310279,0.000365232835152886,-0.0068184391356154,0.0068282140615219,-0.00041409027688844,0.0120468508258826,0.0120539655540607
2024-099-00:09:32.300000000,0.0928766592247189,89.8550852951075,0.172123,147.343908,0.000683956613292382,-0.00945562230517717,0.00948032646204921,0.000268043969096926,-0.00717796065388315,0.00718296364448992,-0.000408630889626541,0.0119426458436698,0.0119496346785699
2024-099-00:09:32.400000000,0.0673623834600583,89.8686658169174,0.147602,152.846308,0.000821040546044062,-0.0105541269544895,0.010586014516792,5.89521567812844e-05,-0.007715848165629,0.00771607337133529,-0.000400123761199575,0.0118174420084704,0.0118242139124695
2024-099-00:09:32.500000000,0.0718488378699826,89.8864417907099,0.134379,147.678231,0.000824802958649534,-0.0113170884554537,0.0113471049624634,0.000172312560704206,-0.00852245471100333,0.00852419649701245,-0.000393383552602602,0.0115828472672161,0.0115895255051755
2024-099-00:09:32.600000000,0.0963927796446107,89.900265534413,0.138703,135.97609,0.000821910297814002,-0.0121784885519328,0.012206191869179,0.000170933461415259,-0.00890830048336361,0.00890994027758479,-0.000388283177195497,0.0114949357889236,0.0115014917561667
2024-099-00:09:32.700000000,0.120226871483694,89.9112950948204,0.149409,126.420324,0.000827043975706511,-0.0130356420183247,0.013061851498454,0.000174971757044087,-0.00932290837720142,0.00932455016209659,-0.000385153119731635,0.0114137698465363,0.0114202664170037
2024-099-00:09:32.800000000,0.140818984114001,89.9208510785234,0.161538,119.338605,0.000823109176848727,-0.0138940890037252,0.0139184488345667,0.000171200975068842,-0.00977335834972779,0.00977485770771413,-0.000379933519772689,0.011311654257663,0.0113180330236465
2024-099-00:09:32.900000000,0.150282446225575,89.9329366407096,0.164567,114.048706,0.000819732023839814,-0.0146308261855036,0.0146537720557311,0.000168778902874165,-0.0102259858017291,0.0102273785465886,-0.00037508514671152,0.0112041298549223,0.0112104065347
2024-099-00:09:33.000000000,0.14169198437843,89.9516877331823,0.149702,108.827636,0.000817462724495187,-0.0149672525475249,0.0149895595041125,0.000168084451852173,-0.010664696617114,0.0106660211099565,-0.000371942915849833,0.011127283860554,0.0111334984459511
2024-099-00:09:33.100000000,0.125268189142006,89.9711029156556,0.128558,102.989837,0.000818058314408197,-0.0152073056853708,0.0152292930109734,0.000169085694058438,-0.010937070427307,0.0109383773706985,-0.000370114432080953,0.0110718587750332,0.0110780432129106
2024-099-00:09:33.200000000,0.111802726104859,89.9849584966616,0.11281,97.662333,0.00081923592711463,-0.0153669202886739,0.0153887422053504,0.000171183251449983,-0.0110775732906223,0.0110788958707393,-0.000369556954894658,0.0110517310745406,0.0110579081243641
2024-099-00:09:33.300000000,0.099836988669808,89.9946356656081,0.099981,93.075595,0.000819869154991951,-0.0154262464581564,0.0154480181647709,0.000172752887721352,-0.0111214844717024,0.0111228260983679,-0.000369376213918555,0.0110483978447878,0.0110545707164105
2024-099-00:09:33.400000000,0.089034890762362,90.0014065363581,0.089046,89.094941,0.000817134418157637,-0.0154180585844232,0.0154396968613391,0.000171008402569385,-0.0111003962134244,0.0111017133798687,-0.000368530486359693,0.0110264078369076,0.0110325647292546
2024-099-00:09:33.500000000,0.0680219347948308,90.0000941847756,0.068022,89.920667,0.00081251306822633,-0.0154221217345996,0.01544351049091,0.000167397981975069,-0.0110911769277992,0.0110924401160482,-0.00036713626454425,0.0110066480582051,0.0110127694297998
2024-099-00:09:33.600000000,0.0268472481202882,89.9854930520174,0.030516,118.38463,0.000815405955695005,-0.0155684650730489,0.0155898040912427,0.000171201832452314,-0.0112186519528425,0.0112199581864842,-0.00036711877976585,0.0109882652484617,0.0109943962712378
2024-099-00:09:33.700000000,0.027638807389166,89.9662952502128,0.043588,140.647316,0.000819667646979893,-0.0158149667117891,0.0158361935813662,0.000175960629397548,-0.0115287856915191,0.0115301284322454,-0.000366313016537865,0.0109319574813934,0.0109380930513997
2024-099-00:09:33.800000000,0.0617295017983135,89.9516058954222,0.078438,128.095383,0.000818043625603051,-0.0161491771079686,0.0161698830124997,0.000174203667266256,-0.011956115607241,0.0119573846359227,-0.000363392206021553,0.0108604576111034,0.0108665354836751
2024-099-00:09:33.900000000,0.0885212697900634,89.9397655686292,0.107071,124.233362,0.000815033706917036,-0.0167130679892485,0.0167329292581022,0.000173724812726665,-0.012395077800877,0.012396295172363,-0.0003596714282988,0.0107495777937157,0.0107555932555801
2024-099-00:09:34.000000000,0.110153935849402,89.9297466086385,0.13065,122.528661,0.000813012439622405,-0.0174748213678749,0.0174937237621416,0.000179478906586965,-0.0128421127616867,0.0128433668818494,-0.000356813247028873,0.0106468140233185,0.0106527913966428
2024-099-00:09:34.100000000,0.112494107990183,89.9218441943454,0.136979,124.789778,0.000815720325197688,-0.0183023193068821,0.0183204883029904,0.000182286400369719,-0.0132815659135835,0.0132828167738859,-0.000353619896066654,0.010560971442432,0.0105668900268129
2024-099-00:09:34.200000000,0.0829629694183522,89.9166405840612,0.117608,135.13654,0.000822529180419254,-0.0191365774424589,0.0191542462776239,0.000186151270921739,-0.0137048871237405,0.0137061512967767,-0.000350895129731819,0.0104765234345305,0.0104823981352712
2024-099-00:09:34.300000000,0.0519620727996465,89.9134024993009,0.100991,149.034489,0.000826515357785398,-0.0199828132656261,0.0199998988408826,0.000186576754801227,-0.0141279834627447,0.0141292153925481,-0.00034776380338117,0.0103856718321124,0.0103914926294192
2024-099-00:09:34.400000000,0.0476898302455475,89.911781166725,0.100284,151.604968,0.000829828431195597,-0.0208439255099495,0.0208604373369674,0.000190108449015689,-0.0145358864663331,0.0145371295854619,-0.000345215231834917,0.010313931872442,0.0103197075649296
2024-099-00:09:34.500000000,0.0585183249822489,89.9113194165572,0.106248,146.580057,0.000838499363576446,-0.0217081273815285,0.0217243153078615,0.000190843699276892,-0.0149372095892948,0.014938428686849,-0.000342497963106514,0.0102371196810568,0.0102428474663549
2024-099-00:09:34.600000000,0.0726738697912608,89.9117851495053,0.114295,140.517319,0.000836803793273761,-0.0225737183783683,0.022589223138796,0.000190217916362655,-0.0153395775351963,0.0153407568853041,-0.000338774011525044,0.0101600511289674,0.0101656975547237
2024-099-00:09:34.700000000,0.0762782427007181,89.9107762777132,0.117385,139.472512,0.000830964605257686,-0.0234356147472358,0.0234503420178907,0.000188748712316689,-0.0157418585006951,0.0157429900315127,-0.000334645349020254,0.010078807742811,0.0100843618055963
2024-099-00:09:34.800000000,0.0611917460836832,89.9062882942682,0.111921,146.856298,0.000826505889989266,-0.0242810653327835,0.0242951280235583,0.000188776368614772,-0.0161415247628795,0.0161426286021824,-0.000330424861904378,0.00999238986042275,0.00999785155481136
2024-099-00:09:34.900000000,0.0531189554574371,89.9009324095227,0.11241,151.80026,0.000833085041596476,-0.0251127814736754,0.0251265959499313,0.000189957554621786,-0.0165134532867572,0.0165145458104808,-0.000327312878306808,0.00990911161643427,0.00991451596131944
2024-099-00:09:35.000000000,0.0601296407478684,89.8973716360538,0.118946,149.634072,0.000825841787887425,-0.0259285463744842,0.0259416948511927,0.000188806349495809,-0.0168630973009702,0.0168641542456062,-0.00032222056938683,0.00978977104892102,0.00979507239818207
2024-099-00:09:35.100000000,0.0708367388272782,89.8949219923914,0.126725,146.014692,0.000825539538938231,-0.0267337837589285,0.0267465270567882,0.000168447062778717,-0.0173336046723645,0.0173344231329103,-0.000313760471907203,0.00965557545746589,0.00966067197707018
2024-099-00:09:35.200000000,0.0816112855341205,89.8931662482485,0.134439,142.623423,0.000825780895428926,-0.0275171192966899,0.0275295072327043,0.000160608502349389,-0.0179112443568244,0.0179119644232815,0.00193409494483062,0.00788346407911254,0.00811724886536548
2024-099-00:09:35.300000000,0.0777657727768222,89.8993000862201,0.127232,142.32276,0.000829708877813409,-0.0283256872828071,0.0283378364887884,0.000164042586768176,-0.0182712740550894,0.0182720104412857,0.00193418911044811,0.007797437731955,0.00803374898155846
2024-099-00:09:35.400000000,0.0483467316351619,89.9204982682937,0.093048,148.695292,0.00082789346310901,-0.0291120164394441,0.0291237859619371,0.000161652924396731,-0.0186887857679244,0.0186894848818082,0.0019348294946778,0.00770793280061144,0.00794706192452386
2024-099-00:09:35.500000000,0.036760857737131,89.9455856088087,0.065668,145.95812,0.000826764525920757,-0.0295394076867492,0.0295509753826383,0.000160698329715262,-0.0191149536536043,0.0191156291325348,0.0019348660032225,0.00759372073208183,0.00783634487546813
2024-099-00:09:35.600000000,0.0579758667956691,89.9639406747419,0.068275,121.880416,0.000823379750504377,-0.0297691465899897,0.0297805312731293,0.000157252233437997,-0.0194310004515721,0.0194316367507711,0.00193453623442681,0.00753578110071928,0.0077801302842734
2024-099-00:09:35.700000000,0.0805248787687931,89.9775232155124,0.083603,105.59592,0.00082312667697134,-0.0299532288626276,0.029964536652905,0.000157514749857441,-0.0196201109084096,0.0196207431804892,0.00193279698231733,0.00749697833180741,0.00774211781636296
2024-099-00:09:35.800000000,0.100363179145433,89.9883073452264,0.101042,96.645191,0.000822313815533374,-0.0300483302395589,0.0300595800069929,0.00015766945872905,-0.0197071333255562,0.0197077640428706,0.00193069864063729,0.00748324321741459,0.00772829387976028
2024-099-00:09:35.900000000,0.102895564870944,89.9968752617092,0.102943,91.739425,0.000818833518169189,-0.0300574869236709,0.0300686382880423,0.000155170544242691,-0.019711158251499,0.0197117690102497,0.00192871649601223,0.00747801603930939,0.00772273728713843
2024-099-00:09:36.000000000,0.074031251937565,90.0038055729682,0.074129,87.057305,0.000819707870153665,-0.0300021599526049,0.0300133557406379,0.000156989964646911,-0.0196529506181893,0.0196535776348732,0.00192552875005129,0.00746887805394835,0.00771309278772305
2024-099-00:09:36.100000000,0.0344963298720165,90.0090235738042,0.035657,75.340986,0.00081394324611984,-0.0298989847962344,0.0299100617761541,0.000152220479682384,-0.0195486490537717,0.0195492416963411,0.00192389644884443,0.00744375747951141,0.00768836152633695
2024-099-00:09:36.200000000,0.00761134021442369,90.0122169855946,0.014394,31.923441,0.000818353198699063,-0.0297701570733908,0.029781402823443,0.000157509138989397,-0.0194197181127296,0.0194203568635271,0.00191963979783786,0.00743782446287698,0.0076815525575247
2024-099-00:09:36.300000000,0.0218369347180707,90.0139194506896,0.025896,57.485467,0.000822898485476815,-0.0296240455596995,0.0296354726171282,0.000162957056680193,-0.0192740470045182,0.0192747358719828,0.00191546831554538,0.00743777273410313,0.00768046106116203
2024-099-00:09:36.400000000,0.041503511256931,90.014574043176,0.043988,70.651174,0.000822487784187644,-0.0294629529472088,0.0294744309957729,0.000163475687141613,-0.0191136945749486,0.0191143936499358,0.00191220000797269,0.00743626027181279,0.00767818179653438
2024-099-00:09:36.500000000,0.0453783639038849,90.0097166742329,0.046407,77.914011,0.00082324670569133,-0.0293526061534589,0.0293641486023093,0.000165160790743987,-0.0190024486234905,0.019003166361825,0.0019089612765795,0.00742701854228202,0.00766842471325637
2024-099-00:09:36.600000000,0.0216894113749443,89.9950414279895,0.022249,102.877492,0.000818146179809839,-0.0293810248274476,0.0293924136995013,0.000161035131517267,-0.0190252279460236,0.019025909458203,0.0019074198695294,0.00742203542690466,0.00766321475863122
2024-099-00:09:36.700000000,0.0169869665983271,89.9779948328574,0.027799,142.333526,0.00081854009796116,-0.0295609733844398,0.0295723038555932,0.00016251108913774,-0.0192108572362947,0.0192115445919216,0.00190546273429167,0.00737878050555003,0.00762083919137908
2024-099-00:09:36.800000000,0.041153803789289,89.9657696264091,0.053529,129.752558,0.000815271807589252,-0.0297835205611658,0.0297946767919647,0.000161433397902291,-0.0195053665220575,0.0195060345509219,0.00190454259706627,0.00732797394297581,0.00757142553374015
2024-099-00:09:36.900000000,0.0601970509121816,89.9572354233579,0.073841,125.390348,0.000813925675001358,-0.0300241339163352,0.0300351642650819,0.00015986590198319,-0.0198787872365169,0.0198794300497103,0.00190396417937887,0.0072736070896204,0.00751867273463435
2024-099-00:09:37.000000000,0.0759883597508198,89.9506998275113,0.09058,122.974918,0.000811015620595645,-0.0303435280352804,0.0303543644302545,0.000160084335341937,-0.0202838868871194,0.0202845185854601,0.00190370816760969,0.00719964187424027,0.00744707646695922
2024-099-00:09:37.100000000,0.076838223289776,89.9585758968789,0.087293,118.329447,0.000810911915826903,-0.0305809881968512,0.0305917377282034,0.000160433112341685,-0.0206498768572965,0.0206505000667065,0.00190266580221921,0.0071527093502699,0.00740144500785981
2024-099-00:09:37.200000000,0.0529144701865943,89.9935098861453,0.053311,96.992567,0.000808701001315768,-0.0306268268967866,0.030637501906573,0.000159147305506652,-0.0206889646603286,0.02068957676177,0.00190020447577625,0.00717267811139698,0.00742011376863411
2024-099-00:09:37.300000000,0.031790353229497,90.0361381617762,0.048131,41.337747,0.000807348023385953,-0.0302566251236672,0.03026739458072,0.000158734700902264,-0.0203263635849665,0.0203269833790831,0.00189645344346276,0.00720718730978351,0.0074525220282483
2024-099-00:09:37.400000000,0.0383276219650694,90.0676258670973,0.077732,29.54283,0.000803975280495181,-0.0298341328962112,0.0298449637614195,0.00015708004790138,-0.0198498284419166,0.0198504499524562,0.00189164481925651,0.00727913083449729,0.00752090857728966
2024-099-00:09:37.500000000,0.0534601881590971,90.0911375130909,0.10566,30.3954,0.000802679844168874,-0.0294463783026854,0.0294573164099702,0.000156645733192282,-0.0196298990736983,0.0196305240767868,0.00188595394530361,0.00734058672225333,0.00757898645669249
2024-099-00:09:37.600000000,0.0685969801976653,90.1101953688394,0.129802,31.902428,0.00080187556320115,-0.029092142099732,0.0291031911715856,0.000155220965089999,-0.019599488940854,0.0196001035785697,0.00187921483931271,0.00753159322064791,0.00776249604531961
2024-099-00:09:37.700000000,0.078189975800023,90.1235688375125,0.146229,32.324213,0.000798814145284765,-0.0287961322621789,0.0288072098145518,0.000152256445954793,-0.0197013066586698,0.0197018949871397,0.00187238395118102,0.00764989395854248,0.00787570309480906
2024-099-00:09:37.800000000,0.0788511210929349,90.1301001471488,0.15213,31.219261,0.000799809462454246,-0.0285295471364027,0.0285407560338625,0.000154968134869054,-0.0198480782612001,0.0198486832254825,0.0018657729071767,0.00774206158433141,0.00796370680755732
2024-099-00:09:37.900000000,0.0767667246252687,90.1322088304523,0.15288,30.141522,0.000798778927309801,-0.0282733335886624,0.0282846148991019,0.000154552583981043,-0.0200315308259367,0.0200321270396248,0.00185896062103426,0.00783908554400502,0.00805648786735167
2024-099-00:09:38.000000000,0.0759314228722094,90.1325555109236,0.152763,29.805298,0.000796322164981223,-0.0280213616105504,0.0280326744264558,0.000153201366032098,-0.0202222930901555,0.0202228733982762,0.00185233747772126,0.00792638325936571,0.0081399450677338
2024-099-00:09:38.100000000,0.0754571526699958,90.1313403891157,0.151473,29.878092,0.000797280854524179,-0.0277546719961845,0.0277661209818149,0.000153005064363094,-0.0203844368058794,0.0203850110238531,0.0018460723535298,0.00801995396076085,0.00822968071477811
2024-099-00:09:38.200000000,0.0751048773590654,90.1289656659892,0.149241,30.214989,0.000796732017155352,-0.0274718391519021,0.0274833900437181,0.00015143735795551,-0.0205275123583429,0.020528070949198,0.00183911522553015,0.00811903460331756,0.00832472628394741
2024-099-00:09:38.300000000,0.0746848078816544,90.1273788402452,0.147659,30.383999,0.000798385182778392,-0.0271916816370472,0.0272033999557153,0.000153649065043121,-0.0206712475350411,0.0206718185627228,0.00183236478525318,0.00822131979712707,0.00842304338780642
2024-099-00:09:38.400000000,0.0742786987364654,90.1284600306704,0.148389,30.037575,0.000796035809055618,-0.0269215820064308,0.0269333483016552,0.000151248713888594,-0.0208002061957034,0.0208007560909989,0.0018259189321235,0.00832808703099238,0.00852590250603832
2024-099-00:09:38.500000000,0.075892687623039,90.1307019701462,0.151138,30.141822,0.000793306459843534,-0.0266661586647058,0.0266779563136027,0.000149546772349377,-0.0209596512118253,0.0209601847119364,0.00182018874131345,0.0084179989578489,0.00861253699605113
2024-099-00:09:38.600000000,0.078504462309048,90.132536780382,0.154042,30.639234,0.000793285456899293,-0.0264142182093759,0.0264261277040102,0.000149061765669104,-0.0211713594546317,0.0211718841997401,0.0018138001889688,0.00850137522184304,0.00869271256789675
2024-099-00:09:38.700000000,0.0813246033679125,90.1341682035979,0.156891,31.221735,0.000793034170433919,-0.0261746408045752,0.0261866516462875,0.000148281700896409,-0.0213635710532967,0.0213640856488659,0.00180684373213475,0.00857485099458418,0.00876314748544585
2024-099-00:09:38.800000000,0.0841813335286528,90.1356679398324,0.159663,31.819454,0.000791666516178665,-0.025933878554726,0.0259459590835282,0.000147952674548562,-0.0215823195309966,0.0215828266529651,0.00180093731793093,0.00865745424122441,0.00884278740907022
2024-099-00:09:38.900000000,0.0754684328357006,90.11996513414,0.141729,32.173473,0.000790871944843222,-0.0256231958034739,0.0256353982145061,0.000147511705579599,-0.0216425298164783,0.0216430325176588,0.00179396321213801,0.0088045617919817,0.00898546672996614
2024-099-00:09:39.000000000,0.0436678806953886,90.0698209785343,0.082352,32.022958,0.000790348265747423,-0.0252094992011952,0.0252218853449981,0.000147610559924322,-0.0211817085778572,0.0211822229039984,0.0017889781396324,0.00887933836269212,0.00905776421327352
2024-099-00:09:39.100000000,0.00610479837154511,90.0103020416542,0.011975,30.650194,0.000789647930702239,-0.025100696103331,0.0251131138795299,0.000147800120541325,-0.0210642311325177,0.0210647496562328,0.00178657055929237,0.00885080376871511,0.00902931679118813
2024-099-00:09:39.200000000,0.0238133119636454,89.9663361995079,0.041235,144.724931,0.000791737763064237,-0.025326093419063,0.0253384659471834,0.000150135499910872,-0.021347342741904,0.0213478706855896,0.00178486745320766,0.00881102394748372,0.00898998858890553
2024-099-00:09:39.300000000,0.0453018174215836,89.9334640676264,0.080494,145.75051,0.000793644948443484,-0.025984767550208,0.0259968847545726,0.00015140329986637,-0.0217626490278233,0.0217631756797447,0.00178465899503798,0.00872320278963197,0.00890389098302607
2024-099-00:09:39.400000000,0.0626998395834559,89.907066082549,0.112107,145.993571,0.000793688545986728,-0.0268034315706879,0.0268151801312723,0.000153349030596811,-0.0221405632462205,0.0221410942996292,0.00178500917462241,0.00865049509970505,0.00883274154628716
2024-099-00:09:39.500000000,0.0675715239092284,89.8925543959119,0.126927,147.834574,0.000791892294292707,-0.0275423465342356,0.0275537283505823,0.000115463802181458,-0.0226937560945255,0.0226940498273761,0.00455109226415074,0.00888511685417363,0.00998287244780444
2024-099-00:09:39.600000000,0.063082002890095,89.895123890463,0.122386,148.973459,0.000787886398360563,-0.0282983985779528,0.0283093646529448,0.000114178558594403,-0.0230076937817083,0.0230079770926543,0.00454982831281388,0.00874511263121439,0.00985788682267697
2024-099-00:09:39.700000000,0.0786882763764503,89.9055701557179,0.122918,140.195566,0.000780907443520626,-0.0290886031642877,0.0290990833272245,0.000114294537585423,-0.0233647555599455,0.023365035108412,0.00454765431669991,0.00866344114922319,0.00978449652921666
2024-099-00:09:39.800000000,0.100759409800633,89.914735911035,0.131994,130.238349,0.00077850163204299,-0.0298844392603113,0.0298945776804813,0.000114133035193706,-0.0237455390688392,0.0237458133577162,0.00454523823687768,0.0085927489596353,0.00972082945603349
2024-099-00:09:39.900000000,0.119622609520639,89.9232224771141,0.142142,122.693568,0.000777567834108125,-0.0306430177057726,0.0306528815260969,0.000117579941674268,-0.0241428704744016,0.0241431567899978,0.00454208316014167,0.00851577047319919,0.00965136602693389
2024-099-00:09:40.000000000,0.135220713916023,89.93154044845,0.151563,116.852136,0.000777737782304453,-0.0313156285439677,0.0313252847897955,0.000116804263969773,-0.0245465894125139,0.0245468673158638,0.00453963813423571,0.00842969419942756,0.00957434377310892
2024-099-00:09:40.100000000,0.144664978975249,89.9451278983419,0.154722,110.771927,0.000779303710244723,-0.0317304237729501,0.0317399922350935,0.000122394463635708,-0.0249493864363188,0.024949686650407,0.00453578341206052,0.00833380898401909,0.00948818756893226
2024-099-00:09:40.200000000,0.146060938380534,89.9694922359956,0.149213,101.797736,0.00078006657685207,-0.03193763286435,0.0319471578836418,0.000124351484507346,-0.025195450322122,0.0251957571869991,0.00453106497535706,0.00828704280422033,0.00944487311984059
2024-099-00:09:40.300000000,0.144591345511282,89.9955437184342,0.14466,91.765284,0.00078133699072603,-0.0319590812889868,0.0319686309423651,0.000126498250629434,-0.0252065759517818,0.0252068933631329,0.00452509270127741,0.00828417571111222,0.00943949316265105
2024-099-00:09:40.400000000,0.143384861770576,90.0145776964799,0.144124,84.194794,0.000779600805402923,-0.0318081844561921,0.0318177368116422,0.000125685654782678,-0.0250521420854536,0.0250524573635716,0.00451901974987956,0.00827846063830975,0.00943156668002964
2024-099-00:09:40.500000000,0.141888857387177,90.0285211910912,0.144727,78.634415,0.000772054660214497,-0.0315218701235066,0.0315313235447162,0.000119155513226593,-0.0247673425373475,0.0247676291638629,0.00451361718379355,0.00828841152871941,0.00943771718961981
2024-099-00:09:40.600000000,0.139811667103118,90.0393032335678,0.145231,74.298532,0.000768688908406967,-0.0311361222738626,0.031145609528324,0.000116758228435092,-0.0243869630352697,0.0243872425371857,0.00450675067452094,0.00831591970093458,0.00945861100345536
2024-099-00:09:40.700000000,0.129173087598846,90.0459038405718,0.137087,70.436503,0.000766857689935049,-0.0306906681007027,0.0307002472169868,0.000115868592409574,-0.023949215523051,0.0239494958130699,0.00449929148593077,0.00835050331393246,0.00948549047078569
2024-099-00:09:40.800000000,0.102453708235181,90.0476063521016,0.112974,65.07752,0.000765720111683766,-0.0302379225625679,0.0302476162397848,0.000115648154499547,-0.0235046463359983,0.0235049308417617,0.00449155102411057,0.00839857589070326,0.00952418540317705
2024-099-00:09:40.900000000,0.0722846905621695,90.0466983074246,0.086057,57.136216,0.000765356840734532,-0.0297994351911489,0.0298092621311757,0.000116176163467538,-0.0230738726338264,0.0230741651034875,0.00448408102626324,0.00843621784410586,0.00955388686155034
2024-099-00:09:41.000000000,0.0516148121975772,90.0456895212331,0.068932,48.484701,0.000763649401704995,-0.0293616242624188,0.0293715532401027,0.000115373878401307,-0.0226435454229118,0.0226438393487343,0.00447694285201629,0.00847626062086433,0.00958592778050383
2024-099-00:09:41.100000000,0.0379482264573968,90.0442309194547,0.058279,40.628181,0.000757631782820128,-0.0289416845532349,0.0289515994497246,0.000110307082217775,-0.0222304765553809,0.0222307502242215,0.0044708322375077,0.00850351650840373,0.00960719178036084
2024-099-00:09:41.200000000,0.029343870766431,90.0425084675733,0.051653,34.617575,0.000759269952249075,-0.0285340121780876,0.0285441122096946,0.000112799949856776,-0.0218291068318527,0.0218293982717144,0.00446327905998895,0.00854279259526824,0.00963847318267295
2024-099-00:09:41.300000000,0.0296850424674596,90.0452583037904,0.054125,33.260981,0.00075752187860669,-0.0281110984505357,0.0281213032324656,0.000111934176048111,-0.0214132934465808,0.0214135860025627,0.00445624128528479,0.00858713848029653,0.00967455599355681
2024-099-00:09:41.400000000,0.0425183491854652,90.0572128841032,0.071282,36.618279,0.000751673350897283,-0.0276604623911563,0.0276706738717911,0.000107159514768602,-0.0209276240516711,0.0209278984040368,0.0044492321582146,0.00867525508164265,0.00974965217478334
2024-099-00:09:41.500000000,0.0615888687479027,90.0716614422495,0.094491,40.677173,0.000753091228531401,-0.0272606280211218,0.0272710283360284,0.000108832575346724,-0.0204958227709277,0.0204961117187318,0.00444070963410278,0.00874556191565835,0.00980840227942487
2024-099-00:09:41.600000000,0.0761997029360981,90.0820024189765,0.111941,42.899409,0.000750442330456846,-0.026876312265067,0.0268867871762457,0.000107277605508597,-0.0201676720488446,0.0201679573669321,0.00443234290909124,0.00879895230430583,0.00985227005908893
2024-099-00:09:41.700000000,0.0873370030882244,90.0894231742558,0.124997,44.323845,0.000749170025727371,-0.026498667664489,0.0265092558122721,0.000107304480886381,-0.0199336044758016,0.0199338932888013,0.0044236407788072,0.00885970325938523,0.00990267335542717
2024-099-00:09:41.800000000,0.0964023133336782,90.0950263910766,0.135364,45.411855,0.000746833044493443,-0.0261177384222481,0.0261284140331808,0.000104787181057191,-0.0197688298116674,0.0197691075285655,0.00441547086110991,0.00890684844218733,0.0099412439914432
2024-099-00:09:41.900000000,0.0950220040056318,90.0865686344728,0.128543,47.665334,0.000743044137983933,-0.0257376244319187,0.0257483480244751,0.000102404782332982,-0.0195070842967789,0.0195073530880302,0.00440731270610031,0.00894908169777681,0.00997549339746346
2024-099-00:09:42.000000000,0.0758354731438541,90.0514406362156,0.091636,55.850232,0.000741162327285481,-0.0252836541178561,0.0252945149616823,0.000101483064069055,-0.0190499258957516,0.0190501962049193,0.00439978715833448,0.00901125379127239,0.0100280018911728
2024-099-00:09:42.100000000,0.0550890858808522,90.0085001011804,0.055741,81.228587,0.00074063195422832,-0.0251945691079304,0.0252054527478858,0.000101829176038518,-0.0189543421698347,0.0189546156983535,0.00439446876183138,0.00898024848025987,0.00999781068364077
2024-099-00:09:42.200000000,0.0465213648016849,89.9764466674354,0.052144,116.852662,0.000741155222955096,-0.0253730797980777,0.0253839021725213,0.000103094921777039,-0.0191362251116431,0.0191365028175573,0.00438960713287497,0.00894282736588873,0.00996206866454328
2024-099-00:09:42.300000000,0.0464093010853117,89.9521864667511,0.066633,135.853824,0.000740717877243237,-0.025666814155308,0.025677500109177,0.000104261329420192,-0.0195043871997395,0.0195046658638946,0.00438570159663499,0.00888183363442848,0.0099056219998742
2024-099-00:09:42.400000000,0.0508317698844808,89.9323976484844,0.084581,143.059635,0.000734863011628013,-0.0263208626507438,0.0263311191240551,0.000105270207371904,-0.0198985439972184,0.0198988224532457,0.00438303646531502,0.00878601472086501,0.00981860801394667
2024-099-00:09:42.500000000,0.0523425804477252,89.930033255936,0.087379,143.199582,0.000737467351544054,-0.0270107512567034,0.0270208168186326,0.00010685381494628,-0.0202952440462419,0.0202955253352626,0.00437960704304478,0.00870135752448332,0.00974138494364995
2024-099-00:09:42.600000000,0.0507963197792519,89.9578495740073,0.066007,129.685637,0.000737920849715609,-0.0272380878950763,0.0272480817556089,0.000109060759558764,-0.0206373872813196,0.0206376754516697,0.00437541395370397,0.00864788413234907,0.00969175666392849
2024-099-00:09:42.700000000,0.0624801059963547,89.9957571545138,0.062624,93.884827,0.000737541843346199,-0.0272612398282261,0.0272712149517169,0.000109517240675438,-0.020650396500734,0.0206506869053679,0.00437009587657882,0.00864558375186083,0.00968730387574021
2024-099-00:09:42.800000000,0.0775712581237105,90.0236521386751,0.081097,73.043099,0.000732897267509329,-0.0270384512519108,0.0270483822900128,0.000105780837014558,-0.0204269149750141,0.0204271888663599,0.00436469869435119,0.00866582304690944,0.00970294201635864
2024-099-00:09:42.900000000,0.0908193990333514,90.0445917189683,0.101176,63.849291,0.000731484194344867,-0.0266307034201489,0.0266407476204875,0.000105209730393463,-0.0200256631748939,0.0200259395455412,0.00435747763626661,0.00870581412311136,0.00973544097084096
2024-099-00:09:43.000000000,0.102268926038828,90.06188060215,0.119533,58.822853,0.000726749554140381,-0.0262125464487161,0.0262226191720153,0.000101600471327765,-0.0195381460442971,0.0195384102092278,0.00435022281054007,0.00877978529621437,0.00979842172745005
2024-099-00:09:43.100000000,0.100373158005076,90.0657719817739,0.120003,56.764225,0.000723823881929865,-0.0258033152038299,0.0258134654109101,9.95677450541053e-05,-0.0190622438885471,0.019062503922683,0.00434265631312721,0.00885212130818198,0.00985995514739864
2024-099-00:09:43.200000000,0.0738550368215316,90.0468773434526,0.087476,57.595863,0.000725403575854603,-0.0253700710674256,0.0253804396398898,0.000101960812571987,-0.0186363722442452,0.0186366511592983,0.00433509966485154,0.00888330265222855,0.00988464238681839
2024-099-00:09:43.300000000,0.0395858455876625,90.0198212596124,0.044271,63.402151,0.000727284051310047,-0.0251892064258707,0.0251997036184241,0.000104624941493847,-0.0184536291142481,0.0184539257033458,0.00432853734081059,0.0088962327113086,0.00989339132777779
2024-099-00:09:43.400000000,0.0153216636971094,89.9993370387921,0.015336,92.477616,0.000723077731726127,-0.025185428972302,0.0251958066734326,0.000101290007860694,-0.0184410708259342,0.0184413489981838,0.00432398842707106,0.00889207292575709,0.00988766083734807
2024-099-00:09:43.500000000,0.0106551799350313,89.9834017073249,0.019724,147.301795,0.000722264099383415,-0.0253242957530009,0.0253345933619373,0.000101293177968784,-0.0185660638788647,0.0185663401956872,0.00431940591790225,0.00885622220883311,0.00985342271983892
2024-099-00:09:43.600000000,0.0244092672389765,89.9698142396488,0.03882,141.039775,0.000716347447517575,-0.0255255146859622,0.0255355644865908,9.64740028341157e-05,-0.018804986013637,0.0188052334791756,0.00431628416949812,0.00881021297723571,0.00981071667800639
2024-099-00:09:43.700000000,0.036431133849131,89.9659194276457,0.049887,133.090703,0.000713356452139312,-0.0257319494876485,0.025741835635065,9.43966408454869e-05,-0.0190765552404015,0.019076788790724,0.00431254160295274,0.00876719774036255,0.00977045399640244
2024-099-00:09:43.800000000,0.0495544449886923,89.978698056051,0.053939,113.261388,0.000713032797373263,-0.0259012116810858,0.0259110243394302,9.4891586804036e-05,-0.0192419965208241,0.019242230497545,0.00430804017979802,0.00872933412161154,0.00973449969939317
2024-099-00:09:43.900000000,0.0653294067142413,89.9976684207667,0.065371,92.043994,0.000715340118662086,-0.0259061924511994,0.0259160668081395,9.79673576291603e-05,-0.0192377855053283,0.0192380349503835,0.00430212337941704,0.00873321604160661,0.0097353648108893
2024-099-00:09:44.000000000,0.077751301909594,90.0122795101254,0.078715,81.02523,0.000715911524754529,-0.0257910304428164,0.0258009647225362,9.93281702004918e-05,-0.0191181679370416,0.0191184259643497,0.00429622649202932,0.00871903481721933,0.00972003756241185
2024-099-00:09:44.100000000,0.0866297099307092,90.023892096775,0.089864,74.581387,0.000718893773898672,-0.0255720808158947,0.0255821837518379,0.000103077377807836,-0.0188986558738455,0.018898936974969,0.00428922215237971,0.00874129356641937,0.00973692147892697
2024-099-00:09:44.200000000,0.0932093376538911,90.034029662424,0.099227,69.943458,0.00071920888146398,-0.0252641402534728,0.0252743752477152,0.000104192817325733,-0.0185935517262181,0.0185938436569401,0.00428230003230472,0.00877644095311591,0.00976544977818263
2024-099-00:09:44.300000000,0.103490405158907,90.039987180295,0.110947,68.874219,0.000717197202721369,-0.0249118863294043,0.0249222080144748,0.000103018816915007,-0.0182460130876358,0.018246303912596,0.00427558838216064,0.00881866550614857,0.00980048556567488
2024-099-00:09:44.400000000,0.124124635459847,90.038995493161,0.130106,72.559185,0.000720601989550914,-0.0245585177084767,0.0245690874731828,0.000107214268213583,-0.0178971398698703,0.0178974610048747,0.00426806957792786,0.00884363164371462,0.0098196862766457
2024-099-00:09:44.500000000,0.146834163295014,90.0348837984523,0.150921,76.635864,0.000716374334568004,-0.0242478295430792,0.0242584094642961,0.000103863466331772,-0.0175894759464868,0.0175897825936445,0.00426227395910901,0.00886182259919785,0.00983355882080097
2024-099-00:09:44.600000000,0.162982753778432,90.0314954068134,0.165998,79.062789,0.000713629954979985,-0.0239690366837744,0.0239796577803097,0.000101974163306179,-0.0173125306051484,0.0173128309263443,0.00425613844893814,0.00888697686240369,0.00985358169649129
2024-099-00:09:44.700000000,0.174395467077899,90.0282767123427,0.176673,80.790165,0.000710857478526171,-0.0237131386792093,0.0237237911045892,0.000100041886710003,-0.0170575056948694,0.0170577990640527,0.00425011738180667,0.00890435819894788,0.00986666573338255
2024-099-00:09:44.800000000,0.182744778584847,90.0251846547476,0.184472,82.153335,0.000709293281370887,-0.0234905423015899,0.0235012483621995,9.930003562167e-05,-0.0168346805996719,0.0168349734597368,0.0042440932139455,0.00891173033850962,0.00987072767504863
2024-099-00:09:44.900000000,0.175325978785523,90.0285170230064,0.17763,80.761689,0.00070765070537156,-0.0232362710881132,0.0232470441906299,9.84855435059445e-05,-0.0165813073415255,0.0165815998189682,0.00423798077157664,0.00892321984908202,0.0098784782985693
2024-099-00:09:45.000000000,0.140071651388485,90.0448965340977,0.147091,72.228056,0.000705181680030029,-0.0228444297048092,0.0228553111932395,9.68471526263038e-05,-0.0161956996785883,0.0161959892396234,0.00423125960966958,0.00895643590476743,0.00990561971815133
2024-099-00:09:45.100000000,0.0999639289054601,90.0653764972335,0.119444,56.815311,0.000704955782922324,-0.0224695921388878,0.022480647978736,9.75038499955632e-05,-0.0157480607945283,0.0157483626383483,0.00422328783172567,0.00902489937157046,0.00996418430061262
2024-099-00:09:45.200000000,0.0765586211686077,90.0809229177864,0.111399,43.412591,0.00070254650597516,-0.0221057020592729,0.0221168631393876,9.52765300019571e-05,-0.0154227876176679,0.0154230819072214,0.00421568533032635,0.00907559521460365,0.0100069191714366
2024-099-00:09:45.300000000,0.0672010718162746,90.0930928274179,0.114814,35.824474,0.000701779239268188,-0.0217537896820754,0.0217651064695912,9.66416526680595e-05,-0.0152393362159184,0.0152396426438035,0.00420819967159553,0.00912944151706874,0.0100526437761215
2024-099-00:09:45.400000000,0.068089796011818,90.1032354537947,0.123668,33.407204,0.000703200043758404,-0.021404662380294,0.0214162102603592,9.87752416957003e-05,-0.0151373381569836,0.0151376604211894,0.0042002661700458,0.00921037419041604,0.0101229061354293
2024-099-00:09:45.500000000,0.0674617152858162,90.1012847211396,0.121695,33.666028,0.00069887962025123,-0.0210700328086245,0.0210816203191338,9.58400592416295e-05,-0.0150509667366854,0.0150512718740233,0.00419159378445338,0.00927216758449806,0.0101755859865113
2024-099-00:09:45.600000000,0.0532560677664692,90.0770636008849,0.093675,34.647065,0.000698526258781335,-0.0207014542493928,0.0207132360333655,9.73952824216162e-05,-0.0146869984279505,0.0146873213576764,0.00418411854467659,0.00933170353998807,0.0102268049240284
2024-099-00:09:45.700000000,0.0343052709202337,90.0457410495409,0.057176,36.86949,0.000700802890160913,-0.0203033680119901,0.0203154590723705,0.000100408259759572,-0.0142945853481813,0.0142949379885002,0.00417690344683928,0.00938030757294665,0.0102682370720245
2024-099-00:09:45.800000000,0.0210768177629865,90.0224027644862,0.030759,43.25326,0.00069654327356687,-0.0201083720956488,0.0201204324225156,9.69690735132784e-05,-0.0140975740152089,0.0140979075084039,0.00417204634689658,0.00939333949626837,0.0102781709273979
2024-099-00:09:45.900000000,0.0128820546852888,90.0046393460151,0.013692,70.194012,0.000698063481920918,-0.0200665448935042,0.020078683138787,9.92270311671082e-05,-0.0140480136414482,0.0140483640782132,0.00416675553994638,0.00936536953447261,0.0102504633186457
2024-099-00:09:46.000000000,0.0110318494304573,89.9902272346122,0.014738,131.536714,0.000696100044751263,-0.0201470215874456,0.0201590434822018,9.8048390231395e-05,-0.0141161303636107,0.0141164708737445,0.00416230281189255,0.0093650243364885,0.0102483386712633
2024-099-00:09:46.100000000,0.0157583805852217,89.977831124189,0.027199,144.593507,0.000690579671456906,-0.020318729774,0.0203304618715726,9.34350886769465e-05,-0.0142868301988751,0.014287135725795,0.00415907892006677,0.0093284987654966,0.010213658829294
2024-099-00:09:46.200000000,0.0227443244986971,89.9662493797993,0.040699,146.024222,0.000696649934978553,-0.0205280427527149,0.0205398602816377,0.000100566724482493,-0.0145517875579058,0.0145521350597256,0.00415366107232622,0.00928990462712173,0.0101762089348036
2024-099-00:09:46.300000000,0.029066955366661,89.9566054707681,0.05223,146.184635,0.000696826402457977,-0.0207565996429458,0.0207682930394556,0.000102317541508469,-0.014894033297461,0.0148943847387255,0.00414987524209983,0.00923722618973775,0.0101265893668782
2024-099-00:09:46.400000000,0.0333382719999315,89.9502384635636,0.059897,146.179464,0.000689924009501388,-0.0210591709321757,0.0210704692754927,9.58776728463954e-05,-0.0152589027223959,0.0152592039379415,0.00414808412048876,0.00917110311818693,0.0100655717311571
2024-099-00:09:46.500000000,0.0360220027544722,89.9463093609428,0.064655,146.141631,0.000687650947086537,-0.0214442448410598,0.0214552674331584,9.29159157509348e-05,-0.0156346046953409,0.0156348807909422,0.00414595579138744,0.00907805448771376,0.00997998109747905
2024-099-00:09:46.600000000,0.0376416551233489,89.9440302872058,0.06745,146.077734,0.000687520152905887,-0.0218372678720309,0.0218480880645306,9.54241865842288e-05,-0.0160135267883235,0.0160138111009135,0.00414301372870165,0.00898506848891658,0.0098942416842693
2024-099-00:09:46.700000000,0.0416059563091497,89.9383680002899,0.074361,145.977858,0.000686365551951775,-0.0223515788478866,0.0223621147180716,9.40791163050317e-05,-0.0163885388684843,0.0163888088988781,0.00414072072781955,0.00888029318574368,0.00979822306393155
2024-099-00:09:46.800000000,0.0511386910931728,89.9246061807329,0.091101,145.851428,0.000688936554131884,-0.0230370687805492,0.0230473679967014,9.34601114033743e-05,-0.0167614354856114,0.0167616960457687,0.00413842837687399,0.00879663987132117,0.0097214948673665
2024-099-00:09:46.900000000,0.0620657237558073,89.9089123558929,0.110223,145.730061,0.000693729088086064,-0.0237702301253625,0.0237803511382895,9.42472427663276e-05,-0.0171058735025119,0.0171061331348353,0.00413586675860716,0.00872438917845249,0.00965506915470058
2024-099-00:09:47.000000000,0.0700438942716336,89.8975480329461,0.124107,145.640515,0.000692110169324423,-0.0244971032976332,0.0245068783499937,9.45485734068025e-05,-0.0174133223207019,0.017413579002531,0.00413452644601556,0.00863690977737941,0.00957551666675977
2024-099-00:09:47.100000000,0.07586852069315,89.8893245636288,0.134183,145.569151,0.000695474367364167,-0.0251608308370332,0.0251704408583851,0.000140922724735027,-0.0179832110323499,0.0179837631837271,0.00413490133988911,0.00844935020614533,0.00940685537237098
2024-099-00:09:47.200000000,0.0802668964078292,89.8831958481416,0.141725,145.50342,0.000691864419044023,-0.0258115960063492,0.0258208668477517,7.54641024938158e-05,-0.0184034678368627,0.018403622557888,0.0041364058114338,0.0082824263865885,0.00925788528153815
2024-099-00:09:47.300000000,0.0768807599380935,89.8880168234353,0.135834,145.52887,0.0006941475318749,-0.0264805026530716,0.0264895991203215,8.42083229204558e-05,-0.0192284373148262,0.019228621703384,0.00404281977243859,0.00800610064497756,0.00896894861452169
2024-099-00:09:47.400000000,0.0594821248544126,89.9127884825251,0.105565,145.704257,0.000692542264847458,-0.0271972006996738,0.0272060166266018,8.26332054616873e-05,-0.0195751942459051,0.0195753686558277,0.00404131007210239,0.00792374918016545,0.00889482929398023
2024-099-00:09:47.500000000,0.0384753906891798,89.943725728016,0.06817,145.63911,0.000689537255480887,-0.0276091432440461,0.0276177524845334,8.00833075033746e-05,-0.0199519440461227,0.0199521047650555,0.00403935220621281,0.00783053021080836,0.00881099141006384
2024-099-00:09:47.600000000,0.0245576523677518,89.9671807697205,0.04099,143.193582,0.000688446766490127,-0.027807744484662,0.0278162652466959,7.85591832929405e-05,-0.0202032256400284,0.020203378376083,0.00403588136291856,0.00779533248743822,0.00877812889887493
2024-099-00:09:47.700000000,0.0181991136790522,89.985418687698,0.02332,128.702056,0.000689806865008319,-0.0279170749869625,0.027925595953152,8.06540356907347e-05,-0.0203010814170028,0.0203012416313202,0.00403126441367479,0.00777498836303786,0.0087579413573245
2024-099-00:09:47.800000000,0.0196110139657432,90.0005597251537,0.019619,88.365144,0.000690657526093682,-0.0279009327116033,0.0279094796439447,8.22375088989726e-05,-0.0202782685687243,0.0202784353231008,0.00402621796608165,0.00776568456007411,0.00874735890409054
2024-099-00:09:47.900000000,0.021812652479353,90.0116142646057,0.024712,61.966691,0.000695925286102654,-0.0277892810959644,0.0277979937375768,8.81962703653417e-05,-0.0201634028870668,0.020163595774769,0.00402008584218889,0.0077599502358338,0.00873944608320142
2024-099-00:09:48.000000000,0.0187388097950454,90.0174388824845,0.025598,47.057853,0.000694858511728585,-0.0276288023482958,0.0276375387390505,8.78857431003644e-05,-0.0200016497670043,0.0200018428477413,0.0040149256780632,0.00777039450869594,0.00874635118327313
2024-099-00:09:48.100000000,0.0148938968060884,90.0198058023762,0.024781,36.943044,0.000694239302705019,-0.0274537781040904,0.0274625545133378,8.80071916182962e-05,-0.0198260339478306,0.0198262292775582,0.00400948298318012,0.007781929473627,0.008754106472103
2024-099-00:09:48.200000000,0.0142248605165102,90.0206593862701,0.025083,34.549055,0.000692142297671978,-0.0272645465838526,0.0272733305883843,8.66959497616405e-05,-0.0196364970572405,0.0196366884394167,0.00400471679036754,0.00778982950713854,0.00875894972706991
2024-099-00:09:48.300000000,0.0148721085806283,90.0202753895301,0.025145,36.260251,0.000686521479470147,-0.0270847669679332,0.0270934662501685,8.18918123397604e-05,-0.0194562633182837,0.0194564356596814,0.0040005234848703,0.007804154634567,0.00876977865816648
2024-099-00:09:48.400000000,0.0159192278915875,90.0188424807674,0.024667,40.193077,0.000686142832611146,-0.0269139695512634,0.0269227143689688,8.22649830661676e-05,-0.0192845646824022,0.0192847401464783,0.00399536418632916,0.00781391739180372,0.00877611759192721
2024-099-00:09:48.500000000,0.00947991408643695,90.0133150386981,0.016345,35.449743,0.000685381207355423,-0.0267884875077645,0.0267972537837938,8.2267287268875e-05,-0.0191563914072918,0.0191565680552629,0.00399074698157699,0.00780005555228658,0.00876167381781145
2024-099-00:09:48.600000000,0.0258282711275614,90.0001940401086,0.025829,89.569562,0.000685917992140226,-0.0267766857856462,0.0267854696646367,8.35164308694081e-05,-0.0191379887462671,0.0191381709744289,0.00398587630103568,0.00778637877093096,0.00874727982012478
2024-099-00:09:48.700000000,0.0612913621095364,89.9851571234663,0.063063,103.613184,0.000685381485356299,-0.0268906329247469,0.0268993659195519,8.37337484390876e-05,-0.0192403032998974,0.0192404855035592,0.00398186199175255,0.00777307386167103,0.00873360762688346
2024-099-00:09:48.800000000,0.0888088460557009,89.9738740628325,0.092572,106.392905,0.000688251092227339,-0.0270648936939844,0.0270736432759359,8.73153570299727e-05,-0.0194335212827467,0.0194337174369327,0.00397753260522954,0.00774021778391827,0.00870239834575209
2024-099-00:09:48.900000000,0.110203551595754,89.9651952234526,0.115569,107.527275,0.000687271878748078,-0.0272679760832315,0.02727663583199,8.81353310380971e-05,-0.0196999335272586,0.0197001306801499,0.00397419561559453,0.00770001223381532,0.00866512661141869
2024-099-00:09:49.000000000,0.128126696472647,89.9582410469745,0.13476,108.051755,0.000688994177194004,-0.027476210211982,0.027484847472548,9.17881442986834e-05,-0.0200107843798477,0.0200109948918136,0.00397052920836131,0.0076512538770779,0.00862013851895373
2024-099-00:09:49.100000000,0.129879843213939,89.9554405964062,0.137311,108.936127,0.000689609036257229,-0.0277009729821269,0.0277095554778385,9.3210342978575e-05,-0.0203441656331677,0.0203443791617685,0.00396753483299755,0.00759966486718064,0.00857299473605978
2024-099-00:09:49.200000000,0.102947436802503,89.9596214549625,0.110583,111.416324,0.000686082770909697,-0.0279044394183553,0.0279128724573663,8.98072371185363e-05,-0.0206403534127979,0.0206405487898223,0.00396526188869679,0.00755746831306539,0.00853455500591206
2024-099-00:09:49.300000000,0.0669433275737695,89.9665885569704,0.074818,116.523791,0.000688922840366868,-0.0280974866162675,0.0281059312037746,9.38982478890198e-05,-0.0208854708467906,0.0208856819226258,0.00396096405699409,0.00753002142955679,0.00850825828183322
2024-099-00:09:49.400000000,0.0412443664529661,89.9718077305955,0.049959,124.354253,0.000689710521853568,-0.0282830804645907,0.0282914888468329,9.55255141706805e-05,-0.0210966467992319,0.0210968630676554,0.00395736580545464,0.0074859142324543,0.00846756494004289
2024-099-00:09:49.500000000,0.0236686649753311,89.9758928851302,0.033784,135.5258,0.000692698006419187,-0.0284528324653904,0.0284612632508058,9.91455619255639e-05,-0.0212742610026846,0.021274492028079,0.00395296598947935,0.00745070171331764,0.00843438771546666
2024-099-00:09:49.600000000,0.0143961476747348,89.9795475903148,0.025011,144.858853,0.00069319603916374,-0.0286016781327534,0.028610077119056,0.000100367637523226,-0.0214169421746723,0.0214171773531416,0.00394885923794001,0.00742341859540007,0.00840836684045099
2024-099-00:09:49.700000000,0.0119154441876631,89.9867522335339,0.017818,138.030822,0.000691922383391939,-0.028699120238877,0.0287074599898729,9.98215234568657e-05,-0.0215029642191592,0.0215031959147236,0.00394472404155717,0.00741860555873402,0.00840217568253119
2024-099-00:09:49.800000000,0.00282027041791153,90.0016726971549,0.003279,59.327899,0.000691402509044473,-0.0286745909508226,0.0286829252975792,0.000100021771020566,-0.0214717403883258,0.0214719733526833,0.00394030969130903,0.00739850214715741,0.00838235494863565
2024-099-00:09:49.900000000,0.0148849254345187,90.0180567384415,0.023401,39.500188,0.00069161166367612,-0.0285101224910937,0.0285185099742342,0.000100950207083585,-0.0213057955606762,0.0213060347183056,0.00393526049354802,0.00740248355832273,0.0083834979563019
2024-099-00:09:50.000000000,0.0265709983642539,90.0298500163954,0.039963,41.673888,0.000692111468495894,-0.0282450147089284,0.028253493132574,0.000102173932966269,-0.0210430346939862,0.0210432827440227,0.00392979877956919,0.00742202675370587,0.00839820216359603
2024-099-00:09:50.100000000,0.035796291267147,90.0382371626268,0.052378,43.111657,0.000689939200925327,-0.0279243744370615,0.0279328964449122,0.000100745867280593,-0.0207272648304757,0.0207275096690956,0.00392464180534865,0.00744009386372113,0.00841176616420542
2024-099-00:09:50.200000000,0.0437222742617231,90.0445518709221,0.062422,44.461561,0.00068692367214102,-0.0275330555868084,0.0275416233014256,9.8505793305585e-05,-0.0203431412486787,0.0203433797402253,0.00391936272177328,0.00747369838980875,0.00843905040669008
2024-099-00:09:50.300000000,0.047431427097986,90.0555713068939,0.073061,40.481553,0.000680709150983873,-0.0271198957766728,0.0271284373284904,9.29744721318931e-05,-0.0199107998034435,0.0199110168767262,0.00391404675916228,0.00754568655414433,0.00850042043703153
2024-099-00:09:50.400000000,0.0557755618064546,90.0783291108544,0.096158,35.453424,0.000677189691009641,-0.0267655887548075,0.0267741540906354,9.00525942021195e-05,-0.0195851081817668,0.0195853152122,0.00390786565243323,0.00759229138076011,0.0085389871980131
2024-099-00:09:50.500000000,0.079482107708811,90.1033793161792,0.130402,37.55454,0.000674537723888277,-0.0264527823090274,0.0264613811625497,8.87038035463698e-05,-0.0195107424937027,0.0195109441345195,0.00390106177187615,0.00766553013713497,0.00860108337544277
2024-099-00:09:50.600000000,0.101760225747022,90.1215448285621,0.158519,39.936923,0.000670032673663946,-0.0261880662236041,0.0261966363549913,8.52045516635418e-05,-0.0195789818484003,0.0195791672457133,0.00389340499205173,0.00778742003645858,0.00870646387785362
2024-099-00:09:50.700000000,0.119624405370793,90.1346958411046,0.180147,41.608592,0.000668240742342051,-0.0259812056628888,0.0259897978712234,8.58672477708641e-05,-0.0197484050284068,0.0197485917054924,0.00388541384777375,0.0078612236921527,0.00876899530770401
2024-099-00:09:50.800000000,0.1344584694949,90.1447811487384,0.197587,42.882988,0.000666905327525037,-0.0258260465410686,0.0258346558455367,8.60413514949488e-05,-0.0200402913050487,0.0200404760099499,0.00387834652639151,0.00793903741518243,0.00883571654470874
2024-099-00:09:50.900000000,0.144630361411116,90.1494666591741,0.207986,44.057974,0.000666980020853447,-0.025691963452735,0.0257006196113029,8.72871602160649e-05,-0.0203559528757033,0.0203561400203033,0.00387049041227065,0.00801536750775863,0.00890094446201704
2024-099-00:09:51.000000000,0.149076474017436,90.1465799508897,0.209068,45.48389,0.000666329304394858,-0.0255490308597828,0.0255577184548236,8.65027187661622e-05,-0.0206462124988148,0.0206463937109261,0.00386243815424803,0.00808439460400381,0.00895967993896193
2024-099-00:09:51.100000000,0.150011554629096,90.1399191077291,0.205136,46.993747,0.000663915816422377,-0.0253652655623765,0.0253739528111247,8.55815214742557e-05,-0.0208822666640842,0.0208824420321652,0.00385474957363096,0.00815202255185702,0.00901745895257603
2024-099-00:09:51.200000000,0.149454803023178,90.133615594229,0.200474,48.202737,0.000663121791997862,-0.0251603801690913,0.0251691172027194,8.52833888684241e-05,-0.0210454227729028,0.0210455955712029,0.00384637833946466,0.00822873871305566,0.00908332357334274
2024-099-00:09:51.300000000,0.14775860850649,90.127523612341,0.195179,49.20413,0.000659886944861387,-0.0249221477992389,0.0249308824895371,8.267900260425e-05,-0.0211649216798209,0.0211650831685213,0.00383832216134524,0.00831927679540033,0.00916204580935722
2024-099-00:09:51.400000000,0.145075573105354,90.1216898753392,0.189355,50.010045,0.000660009744213199,-0.0246561605522592,0.0246649927233161,8.49415840766792e-05,-0.021221499668696,0.0212216696624269,0.00382959480141118,0.00844132563846491,0.00926939992003801
2024-099-00:09:51.500000000,0.138177507448088,90.110642055405,0.177016,51.314976,0.000660212888634156,-0.0243667117718961,0.0243756543221506,8.49577790777013e-05,-0.0211886515886148,0.0211888219108079,0.00381966643832595,0.00859823218989073,0.00940847747998297
2024-099-00:09:51.600000000,0.123867215035835,90.0889885989182,0.152519,54.305857,0.000660601598837292,-0.0240258906444912,0.024034970683016,8.57679952955979e-05,-0.0209659759985055,0.0209661514284078,0.00381244853242507,0.00864120693059698,0.0094448515620833
2024-099-00:09:51.700000000,0.108719526309168,90.0651001389056,0.12672,59.087293,0.000658112265243783,-0.0236615994419701,0.023670749880515,8.37579299294735e-05,-0.020529975608388,0.0205301464649386,0.00380617424956282,0.00870898622075694,0.00950438863953749
2024-099-00:09:51.800000000,0.0981887244721768,90.047314570843,0.108994,64.271827,0.000658054632296082,-0.0232777392588028,0.0232870389036454,8.43954703783458e-05,-0.020150260748395,0.0201504374846733,0.0038000607652985,0.00875025304751277,0.00953977935884617
2024-099-00:09:51.900000000,0.0908210850691595,90.0339468000853,0.096958,69.505448,0.000659173881840949,-0.0229902835417033,0.0229997314665719,8.61988645261377e-05,-0.019862418091821,0.0198626051337316,0.00379441786435568,0.00876874808866957,0.00955450417195408
2024-099-00:09:52.000000000,0.0854470438004109,90.0233005707498,0.088567,74.74687,0.000656091324354653,-0.022795648990763,0.0228050886588053,8.38386500651597e-05,-0.019663883377368,0.0196640621031864,0.00378981358128588,0.00878045809836479,0.00956342676021722
2024-099-00:09:52.100000000,0.0842027190477302,90.0109055502653,0.084906,82.620398,0.000656710251834551,-0.0227067906470685,0.0227162851242156,8.51131077383505e-05,-0.0195668098050868,0.0195669949197507,0.00378503084103036,0.00876378019502227,0.00954621923979413
2024-099-00:09:52.200000000,0.0906657776366364,89.992349316475,0.090988,94.82338,0.000656200202628055,-0.0227644421776747,0.0227738979177177,8.52888052459184e-05,-0.019609803657067,0.0196099891292427,0.00378101189324622,0.00876541252308143,0.00954612526822596
2024-099-00:09:52.300000000,0.101758405096161,89.9731857953268,0.105232,104.762333,0.000652807732125414,-0.022940064213867,0.0229493508420492,8.27282347129828e-05,-0.0198004354552988,0.0198006082780371,0.00377845219307222,0.00872694505735884,0.00950979868396235
2024-099-00:09:52.400000000,0.111789600472751,89.9586269725763,0.1192,110.309351,0.000649981101498431,-0.023147493060746,0.0231566169901734,8.10694763154808e-05,-0.0201021419403361,0.0201023054113057,0.00377626000558285,0.00868114904928285,0.00946691546627671
2024-099-00:09:52.500000000,0.120520518283594,89.947745612425,0.131361,113.440197,0.000653989987106453,-0.0234758482367884,0.0234849558939325,8.4838618954889e-05,-0.0204511804684105,0.0204513564377222,0.00377351206637123,0.008605860275485,0.00939681990868294
2024-099-00:09:52.600000000,0.128335133555204,89.939066855813,0.142066,115.398189,0.000656503273123958,-0.0239343946806301,0.0239433966946171,8.77129524093107e-05,-0.0208037859216348,0.0208039708285517,0.00377135619998176,0.00851995135591457,0.00931733323941413
2024-099-00:09:52.700000000,0.134846189135951,89.9359467202502,0.149286,115.408137,0.000661381774664419,-0.0244555763852528,0.0244645180248211,9.1582371783792e-05,-0.0211553190930708,0.0211555173243404,0.00376875892741029,0.00844204368108953,0.00924508763432551
2024-099-00:09:52.800000000,0.139796356737825,89.941879117736,0.151397,112.575246,0.000663466709301413,-0.0248620298332398,0.0248708808750968,9.57242840446551e-05,-0.0215011209126078,0.0215013339966882,0.00376628132931219,0.00836102592661545,0.00917014883178356
2024-099-00:09:52.900000000,0.14376651152472,89.9512624789496,0.151803,108.726861,0.000666611564722601,-0.025135265623744,0.025144103661781,9.97688387168474e-05,-0.0218307213289432,0.02183094930513,0.00376351945330159,0.00829998806815174,0.00911339018186102
2024-099-00:09:53.000000000,0.14661782884595,89.9588943629941,0.152271,105.661288,0.00066837732246195,-0.0253334056879087,0.0253422211337788,0.000101609665665292,-0.0221203015416907,0.0221205349125983,0.0037607042447062,0.00824372943440411,0.00906101381765925
2024-099-00:09:53.100000000,0.148376613216636,89.9653269670513,0.152374,103.15297,0.000666283678626829,-0.0255277906872343,0.0255364843177688,0.000100518167998406,-0.0223697302697651,0.0223699561073361,0.00375822545933586,0.00820922754674706,0.00902860318750753
2024-099-00:09:53.200000000,0.14946885138776,89.9710638651471,0.152244,100.956506,0.000662091580951441,-0.0257055851535775,0.0257141103938944,9.67328598154562e-05,-0.0225715504331232,0.0225717577118219,0.00375617972572988,0.0081769625800265,0.00899842225988188
2024-099-00:09:53.300000000,0.149103621641612,89.9831117228173,0.150057,96.462073,0.000660913317295991,-0.0258261895673968,0.0258346448395192,9.62165841989771e-05,-0.0226750078368789,0.0226752119732892,0.00375304359941349,0.00814240312128842,0.00896571608119875
2024-099-00:09:53.400000000,0.147613127009649,90.0084362437078,0.147854,86.729052,0.000663635155610321,-0.0257550334517237,0.0257635820436361,9.95284535592072e-05,-0.0225952473343823,0.0225954665367851,0.00374786169080711,0.00813024311890179,0.0089525035842422
2024-099-00:09:53.500000000,0.148269722279574,90.0367572990724,0.152758,76.076637,0.000663797688714303,-0.0254549911721663,0.025463644730215,0.000100367465109056,-0.0222960308966105,0.0222962568017742,0.00374222681856624,0.00814758358242568,0.00896590094715578
2024-099-00:09:53.600000000,0.150481875882204,90.0577816436578,0.161194,68.994385,0.000663078474526285,-0.0250539804347574,0.0250627534139524,0.000100391596152456,-0.0218593025813552,0.021859533110655,0.00373568229130338,0.00821456342904174,0.00902409965100717
2024-099-00:09:53.700000000,0.153032947859372,90.0735474965814,0.169789,64.331162,0.000661133567895156,-0.0247038267198999,0.0247126718952329,9.9444523044021e-05,-0.0214964125550731,0.0214966425739246,0.00372908504001248,0.00826461266981489,0.00906696739917541
2024-099-00:09:53.800000000,0.15547275171971,90.0861854156611,0.177763,60.998529,0.000663394163775575,-0.0243688056561072,0.0243778338028967,0.000101695890229209,-0.0212451900612193,0.0212454334573673,0.00372213917936301,0.0083079883125933,0.00910368001814299
2024-099-00:09:53.900000000,0.149030291543827,90.0967204503934,0.177665,57.016557,0.000662955297971663,-0.0240522636264185,0.0240613984481751,0.000100979172152066,-0.02111871357716,0.0211189549918393,0.00371504730218807,0.00834980311172756,0.00913897086449618
2024-099-00:09:54.000000000,0.127335772653309,90.1063910158915,0.165932,50.120782,0.000657642544572218,-0.023758425259564,0.0237675254187456,9.75696270084515e-05,-0.0210696792358526,0.021069905147718,0.00370767047582392,0.00844925853953553,0.00922695996659845
2024-099-00:09:54.100000000,0.106253216053445,90.1142421169956,0.156016,42.925041,0.000655742009016994,-0.0234718152551285,0.0234809733391372,9.51192389957665e-05,-0.0210610662210722,0.0210612810160734,0.00369979327461715,0.00859660270622443,0.0093589555166999
2024-099-00:09:54.200000000,0.0961694301872113,90.1192200569291,0.153173,38.891596,0.000657318158488505,-0.023216521464154,0.0232258247659153,9.65865440952421e-05,-0.0211077256658094,0.0211079466491548,0.00369234503558722,0.00871686783490047,0.00946663597657309
2024-099-00:09:54.300000000,0.0926946933747372,90.1219990523184,0.153219,37.227559,0.000654999782811001,-0.0229710265582119,0.0229803630487762,9.46887004784084e-05,-0.0211849065443953,0.0211851181550814,0.00368488742309551,0.00882685966839868,0.00956513705738139
2024-099-00:09:54.400000000,0.0927514785798781,90.1234000898052,0.154371,36.929747,0.000653429050935403,-0.0227245217275749,0.0227339142531952,9.45477217383527e-05,-0.0212717729352461,0.0212719830547214,0.00367778551427339,0.0089324995414557,0.00966000281299677
2024-099-00:09:54.500000000,0.08573814317487,90.113107864957,0.141931,37.162932,0.000653362545348798,-0.0224342346549223,0.0224437467274914,9.41863522954063e-05,-0.0212641540056605,0.0212643625967346,0.00367014275882052,0.00908220799336156,0.00979573631253941
2024-099-00:09:54.600000000,0.0611263566121929,90.0809834019074,0.101463,37.045563,0.00065322257211098,-0.022101524262328,0.0221111753293892,9.55543175973755e-05,-0.0209760129530329,0.0209762305964016,0.00366371304708855,0.00913168873571771,0.00983923434304929
2024-099-00:09:54.700000000,0.0334519799013582,90.0427619750766,0.054292,38.035485,0.000649689818949503,-0.0217617712311786,0.0217714671985835,9.27264169015484e-05,-0.0206371349433157,0.0206373432606286,0.00365903051931165,0.00916181389442404,0.00986546188362793
2024-099-00:09:54.800000000,0.0223252587008674,90.0142844268441,0.026504,57.387566,0.000650931928648228,-0.0216465679959433,0.0216563528411118,9.45746196013813e-05,-0.0205130374088171,0.0205132554240959,0.00365432113091002,0.00915758708537234,0.00985979026927013
2024-099-00:09:54.900000000,0.0295031629538572,89.9927958150839,0.03037,103.722157,0.000650109639799463,-0.0217024713946968,0.0217122064097915,9.44013605484057e-05,-0.0205525743802208,0.0205527911795791,0.00365043157784086,0.0091643187276638,0.0098646028022778
2024-099-00:09:55.000000000,0.0422394561640338,89.9753956072695,0.048883,120.220703,0.000647887435911525,-0.021867872097449,0.0218774675911085,9.25659508816475e-05,-0.0207200917952742,0.0207202985610694,0.00364781586115137,0.00912671603184878,0.0098287082611538
2024-099-00:09:55.100000000,0.0428485955546178,89.963597578624,0.056224,130.349866,0.000646549739988459,-0.0220582676824633,0.0220677411557569,9.20309637859321e-05,-0.0209683651896708,0.0209685671524235,0.00364525957274437,0.00907810608400212,0.00978263397174201
2024-099-00:09:55.200000000,0.0312470007851102,89.9588187573516,0.051694,142.809939,0.000647643390560916,-0.0222640085677617,0.0222734263072996,9.49018238695901e-05,-0.0212620891314054,0.021262300924124,0.00364209540322193,0.00903365038377102,0.00974021037670011
2024-099-00:09:55.300000000,0.0516183536789491,89.9580105055939,0.06654,129.126984,0.000646727768649306,-0.0224664732717595,0.0224757798102185,9.47813081784837e-05,-0.0215566516885505,0.0215568600570182,0.00363968506410432,0.00897472202622027,0.00968467566900345
2024-099-00:09:55.400000000,0.0776693321280644,89.9583245798262,0.088144,118.216877,0.000646456439934066,-0.0226689027734162,0.0226781185039528,9.57814662420474e-05,-0.0218472138004737,0.0218474237596308,0.00363718735448189,0.0089234015465507,0.00963619359563652
2024-099-00:09:55.500000000,0.0987589392125156,89.9597237555359,0.106656,112.186782,0.000650605823861919,-0.022865288840617,0.0228745430927677,0.000100875252824732,-0.0221237958234286,0.0221240257967078,0.00363374752539241,0.00887552307007479,0.00959056989160317
2024-099-00:09:55.600000000,0.11620401418144,89.9618632947636,0.122302,108.169165,0.000651520934773397,-0.0230603648953743,0.0230695667197341,0.000103318768694773,-0.0223849001038286,0.0223851385393603,0.00363089609638921,0.00882919838934704,0.00954663033018576
2024-099-00:09:55.700000000,0.119946786136149,89.9742339767434,0.122683,102.123573,0.000651806206616696,-0.023227837099878,0.0232369806056951,0.000103925852093165,-0.0225588828212159,0.0225591222064176,0.00362794562670286,0.00879480891419224,0.00951370870415254
2024-099-00:09:55.800000000,0.102690065170525,90.0062321102253,0.102879,86.527066,0.000650891187082401,-0.0231698666272185,0.0231790072880725,0.000103637309986164,-0.0224891517783943,0.0224893905743058,0.00362408706125328,0.00876856065005211,0.00948797464695104
2024-099-00:09:55.900000000,0.0853930910613022,90.0431876328248,0.095693,63.171973,0.000650230942239313,-0.0228277445241942,0.022837003313485,0.000103629474048886,-0.0221478641770131,0.0221481066159461,0.00361882882838189,0.00879771979924147,0.00951292782244737
2024-099-00:09:56.000000000,0.0806302212549876,90.0705379869639,0.10713,48.819517,0.000650565898322891,-0.0224990479708839,0.0225084516478632,0.000105108474675452,-0.0217643347612506,0.0217645885647129,0.00361223686561269,0.0088487649729295,0.00955766167634298
2024-099-00:09:56.100000000,0.0826975618937107,90.090963614147,0.122936,42.274882,0.0006460047523323,-0.0221912735760588,0.0222006744282133,0.00010152943164454,-0.021584386659161,0.0215846254467771,0.00360679469542943,0.00888876155580409,0.00959265604360537
2024-099-00:09:56.200000000,0.0879939660587755,90.1073597688532,0.138813,39.338691,0.000646596809640485,-0.021900807012805,0.0219103499571861,0.000102589030340218,-0.0215379378062368,0.0215381821297544,0.00359891069344839,0.00900773875474136,0.00970007812613314
2024-099-00:09:56.300000000,0.0864969741611098,90.1117582569227,0.141321,37.738654,0.000644375987253864,-0.0216301562566122,0.0216397523113923,0.000100786953408861,-0.0215408076076503,0.0215410433916229,0.00359147971790357,0.00915203483519759,0.00983150386201333
2024-099-00:09:56.400000000,0.0788237880023375,90.0966960565524,0.124753,39.18594,0.000643522788141624,-0.0213181048083425,0.0213278155046018,0.000100368482325271,-0.0214005669022669,0.0214008022646499,0.00358515803312019,0.00919496622144566,0.00986918243503346
2024-099-00:09:56.500000000,0.0864229747562788,90.0741079301785,0.113846,49.386853,0.000642811371167597,-0.0209823432843165,0.0209921875029689,0.000100596893281292,-0.021056883046206,0.0210571233400133,0.00357887899636712,0.00925148513751413,0.0099195943526075
2024-099-00:09:56.600000000,0.102755172554601,90.0559393233168,0.116995,61.436412,0.000641637898758867,-0.0206056219884543,0.0206156095404476,0.000100175173714602,-0.0206553729479332,0.0206556158630925,0.00357283735031551,0.00932064985601068,0.0099819677654339
2024-099-00:09:56.700000000,0.118067823017757,90.0408441674928,0.124933,70.91757,0.000639445519990605,-0.0202923506215169,0.020302423114486,9.86545147442374e-05,-0.0203412085064091,0.0203414477413602,0.00356791260330139,0.00935423697669628,0.0100115807823235
2024-099-00:09:56.800000000,0.131307474462924,90.0275669617585,0.13417,78.143421,0.000635976652455684,-0.0200758518297825,0.0200859227568427,9.58791108381806e-05,-0.020119300740303,0.0201195291963468,0.00356379265209512,0.00936962900972851,0.0100244982840576
2024-099-00:09:56.900000000,0.130634185275766,90.0155040528527,0.131551,83.231639,0.000630109961806729,-0.0199569205845901,0.0199668654972083,9.07439993058553e-05,-0.0199907310683741,0.0199909370245986,0.00356075627133942,0.00936058529000607,0.0100149659108437
2024-099-00:09:57.000000000,0.105116589003808,90.004549611459,0.105215,87.521698,0.000629219866082669,-0.0199193343280999,0.0199292698740945,9.04715478773316e-05,-0.0199398309090955,0.0199400361530338,0.00355697910193225,0.00934813393755799,0.0100019852252493
2024-099-00:09:57.100000000,0.071124202170179,89.9956680938036,0.071256,93.485362,0.000629734383368725,-0.0199474830327111,0.019957420793627,9.15835417658855e-05,-0.0199515197582691,0.0199517299553128,0.00355314509891916,0.00934768081987094,0.010000198838231
2024-099-00:09:57.200000000,0.045507844965883,89.9899934974833,0.046595,102.401143,0.000629192683634525,-0.0200261912627024,0.020036072966614,9.16518595460182e-05,-0.0200118472821209,0.0200120571582806,0.00354963188108143,0.00934342193122542,0.00999496972862319
2024-099-00:09:57.300000000,0.0260809222113217,89.9866897607143,0.029281,117.037214,0.000627506823706652,-0.0201198296748567,0.0201296127871115,9.05969415815008e-05,-0.0200862540568952,0.0200864583698561,0.00354643631647626,0.00932922252467001,0.00998056127988962
2024-099-00:09:57.400000000,0.0131496727426677,89.9850635978001,0.0199,138.640034,0.000629312005151759,-0.0202285865474666,0.020238373138871,9.2958327596758e-05,-0.0201754140211288,0.0201756281729871,0.00354265473375464,0.00931056378594582,0.0099617769787704
2024-099-00:09:57.500000000,0.0185283326357302,89.9857178386492,0.023394,127.626048,0.000630057847259204,-0.0203331757325113,0.0203429350945256,9.42822233953611e-05,-0.0202605837566648,0.0202608031257025,0.00353905704198762,0.00929701096029435,0.00994783079582054
2024-099-00:09:57.600000000,0.0466397178930176,89.9891329368299,0.047889,103.115916,0.000627051872547091,-0.0204112873914853,0.0204209168998033,9.19296872028636e-05,-0.0203203213005375,0.0203205292456783,0.00353605007027499,0.00929324223746076,0.00994323897850275
2024-099-00:09:57.700000000,0.0779792838573568,89.9934606327143,0.078253,94.793623,0.000628117716048996,-0.020454213724474,0.0204638557205546,9.35640457997083e-05,-0.020346485542225,0.0203467006699031,0.0035320481324103,0.00929478926481981,0.00994326261782684
2024-099-00:09:57.800000000,0.101265664180037,89.9967751344206,0.101317,91.824,0.000628186137683815,-0.0204780120417367,0.0204876449355482,9.42226469588283e-05,-0.0203545063119083,0.0203547243928458,0.00352827112140153,0.00929163673149372,0.00993897430604181
2024-099-00:09:57.900000000,0.118657329390119,89.9993703464671,0.118659,90.304036,0.000625598259144133,-0.0204779958950862,0.0204875496109469,9.22712210712373e-05,-0.0203398692586848,0.0203400785504538,0.00352494359728587,0.00928745216668911,0.00993388117064951
2024-099-00:09:58.000000000,0.132122777049488,90.0015611575997,0.132132,89.323028,0.000627051459835488,-0.0204607668742444,0.0204703730941929,9.42924474808161e-05,-0.0203086049074596,0.0203088238052563,0.00352098375440587,0.00926965033237727,0.00991583298988704
2024-099-00:09:58.100000000,0.131827617880379,90.0100217067015,0.132208,85.65267,0.000631076539089377,-0.0203854977881407,0.0203952636087029,9.88265017009599e-05,-0.0202222690566368,0.0202225105384185,0.00351614629679616,0.00925080792876788,0.00989650100365922
2024-099-00:09:58.200000000,0.109750886155944,90.031616166854,0.114214,73.929805,0.000630835098152818,-0.0201462842487192,0.0201561584125362,9.91955317866549e-05,-0.0199791319426194,0.0199793781918787,0.00351124176096778,0.00927930660930815,0.00992140866276126
2024-099-00:09:58.300000000,0.0863358038875641,90.0562695146549,0.103054,56.905654,0.000629397414301299,-0.0197821490793821,0.0197921591369923,9.8348164847411e-05,-0.0195852983794172,0.0195855453069944,0.00350568479248147,0.00934966845301742,0.00998529549115022
2024-099-00:09:58.400000000,0.0766240626550805,90.0742409980342,0.106691,45.904994,0.000627188621327288,-0.0194557253127021,0.0194658319372699,9.69929553718037e-05,-0.0192529526371122,0.0192531969522019,0.00349990634867807,0.00940025746011103,0.0100306622296781
2024-099-00:09:58.500000000,0.0752738960882866,90.0873010821045,0.115272,40.769032,0.000623974454009757,-0.0191481794753873,0.0191583433871747,9.46566301094929e-05,-0.0190405580070709,0.0190407932896257,0.00349428278685969,0.00944420487358695,0.0100699065481675
2024-099-00:09:58.600000000,0.0782339876164527,90.0974304946622,0.124953,38.76353,0.000618993226754212,-0.0188579354438919,0.0188680916316612,9.07226020575754e-05,-0.0189194760831005,0.0189196935981938,0.00348913233300534,0.00948162442848895,0.0101032294955693
2024-099-00:09:58.700000000,0.079271611303601,90.098571009455,0.126492,38.806557,0.000615624005244057,-0.0185541641808447,0.018564374521259,8.85518203693031e-05,-0.0188159551533841,0.0188161635239242,0.00348334563586741,0.00952713858448274,0.0101439669965382
2024-099-00:09:58.800000000,0.0803811686718332,90.0845952838753,0.116694,43.536799,0.000614964917865853,-0.0182418345192551,0.0182521973602658,8.85819059163634e-05,-0.0185712693547803,0.0185714806141529,0.00347711275414641,0.00955940660083872,0.0101721466596391
2024-099-00:09:58.900000000,0.0979921063578957,90.06543466839,0.117831,56.266836,0.000610487357470862,-0.0179156073346022,0.0179260057174286,8.41643482876527e-05,-0.0181736211089427,0.0181738159957927,0.00347238950920788,0.00961256813036029,0.0102205163746493
2024-099-00:09:59.000000000,0.118286716848282,90.0512625520206,0.128917,66.569311,0.000611212185249351,-0.017543424384015,0.0175540684587092,8.53854703273316e-05,-0.0177956064919367,0.0177958113356599,0.00346680313465744,0.00965698966903362,0.0102604178005719
2024-099-00:09:59.100000000,0.135844636531934,90.040456753125,0.141741,73.415639,0.000607214550406419,-0.0172370097050133,0.0172477016753233,8.20695558419344e-05,-0.0174877952963819,0.0174879878699681,0.00346245468691332,0.00968317295656315,0.0102836000975166
2024-099-00:09:59.200000000,0.150884935853395,90.0314757066916,0.154133,78.216692,0.000607942703493216,-0.017004518835023,0.0170153828972898,8.33764867210771e-05,-0.0172508609017015,0.0172510623872384,0.00345744776019715,0.00969887968223992,0.0102967087996631
2024-099-00:09:59.300000000,0.154848741745466,90.0199923512621,0.156134,82.643319,0.000607788786604611,-0.0168567402407372,0.016867693937015,8.38061605001119e-05,-0.0170949058662702,0.0170951112909269,0.00345299465942485,0.00971104826693227,0.010306678929738
2024-099-00:09:59.400000000,0.139582588498578,90.0017848894474,0.139594,89.267381,0.000609195746660021,-0.0168452298746016,0.0168562418405147,8.57604239363556e-05,-0.0170690682297479,0.017069283672202,0.00344899192558994,0.00970096113141424,0.0102958337290379
2024-099-00:09:59.500000000,0.118393069894377,89.9829322495743,0.119617,98.20333,0.000604237640627011,-0.0169701376384573,0.0169808914546479,8.14618037602243e-05,-0.0171735486061874,0.0171737418099421,0.00344707596830295,0.00967592485239107,0.0102716042797788
2024-099-00:09:59.600000000,0.103161807842776,89.9694825628533,0.107581,106.47931,0.000601936136544376,-0.0171446414724924,0.0171552049924443,8.01257899737742e-05,-0.0173723039479675,0.017372488727951,0.00344495809598992,0.0096318671863717,0.010229398896271
2024-099-00:09:59.700000000,0.0916235961319632,89.9599685352897,0.099987,113.601083,0.000602810721360114,-0.0173467986816578,0.017357269522242,8.07826652439104e-05,-0.0176534844678516,0.017653669298355,0.00344264964759732,0.00959268793928356,0.0101917367752792
2024-099-00:09:59.800000000,0.0822948517756242,89.9530311921242,0.094755,119.71503,0.000604156073794539,-0.0175811037753939,0.0175914813055261,8.21140615835923e-05,-0.0179598215903053,0.0179600093060863,0.00344043216239837,0.00954112331063627,0.0101424655529527
2024-099-00:09:59.900000000,0.0770447987543561,89.9559772743008,0.088735,119.743253,0.000603798285746909,-0.0177858170106514,0.0177960630226533,8.28879216988751e-05,-0.0182545942759181,0.0182547824579189,0.00343817898115018,0.00949185416446209,0.0100953637966068
2024-099-00:10:00.000000000,0.0801564574310838,89.9760499755675,0.083658,106.635659,0.000604021968642227,-0.0179449149356092,0.0179550776825068,8.38857010888752e-05,-0.0184087072129756,0.0184088983392246,0.00343553753834226,0.00944396236518719,0.0100494449265833
2024-099-00:10:00.100000000,0.0924617317855422,90.0012365502601,0.09247,89.233793,0.000606715909435062,-0.0179336014597449,0.0179438614994578,8.70792631689506e-05,-0.018383092872042,0.0183832991146909,0.00343132553362445,0.00942673960231964,0.0100318200964553
2024-099-00:10:00.200000000,0.105059529547545,90.0195716981774,0.106867,79.447261,0.000605121112536066,-0.017786794875124,0.0177970852526636,8.60841936343872e-05,-0.018227877380632,0.0182280806529856,0.00342727126784912,0.00944252807510389,0.0100452737539875
2024-099-00:10:00.300000000,0.116023329500264,90.0331128199702,0.120656,74.071384,0.000603548652824757,-0.0175409076800078,0.017551288078511,8.51173023204999e-05,-0.0179781638816392,0.0179783653736993,0.00342291578977545,0.00945653810027557,0.010056961039293
2024-099-00:10:00.400000000,0.126086548264355,90.0438409914398,0.133491,70.827184,0.000604182754393517,-0.0172186215792604,0.0172292183772358,8.63271600939782e-05,-0.0176554859378181,0.0176556969864988,0.00341774071587074,0.00948350639735632,0.0100805677017527
2024-099-00:10:00.500000000,0.120369349193201,90.0443159394356,0.128268,69.788022,0.000604002326980265,-0.0168897873953197,0.0169005839268972,8.67310933605815e-05,-0.0173265085590533,0.0173267256320836,0.00341267267297876,0.00950851857797838,0.0101023888422816
2024-099-00:10:00.600000000,0.0843676703817827,90.0268198340454,0.088528,72.364952,0.000604634180548087,-0.0166943661365005,0.0167053118256386,8.79228436154939e-05,-0.0171249958275556,0.0171252215320044,0.00340824514180576,0.00951633966491271,0.0101082568014784
2024-099-00:10:00.700000000,0.040194587578434,90.0033021252533,0.04033,85.3035,0.000604601805945634,-0.0166739323185737,0.0166848902396189,8.84372900311885e-05,-0.0170910404492621,0.0170912692563362,0.00340471458309071,0.00950359226298893,0.0100950654922815
2024-099-00:10:00.800000000,0.015049112533142,89.9857359037565,0.020735,133.465968,0.000604957215581533,-0.0167767809562948,0.0167876845481496,8.93327457935174e-05,-0.0171746112933066,0.0171748436212865,0.00340137394195176,0.00948874897653638,0.0100799653686265
2024-099-00:10:00.900000000,0.0258116969244697,89.972245397535,0.037902,137.077264,0.000605956373152029,-0.0169389817177569,0.0169498166586151,9.13614828000903e-05,-0.0173469822534728,0.0173472228389111,0.0033982902114569,0.0094462118708036,0.0100388891352278
2024-099-00:10:01.000000000,0.0442880216823014,89.9609411720566,0.059051,131.409952,0.000604147902168469,-0.017126921187831,0.017137573458978,9.07328170385994e-05,-0.0176075211518814,0.0176077549266805,0.00339619289020228,0.00940247621465151,0.00999703381581496
2024-099-00:10:01.100000000,0.062121556288809,89.9543684378946,0.07708,126.299233,0.000604197691241964,-0.0173404252066637,0.017350948135419,9.22223785384748e-05,-0.0179057422272052,0.0179059797183573,0.00339381092810277,0.00935897582024389,0.00995531923243146
2024-099-00:10:01.200000000,0.0827525727381973,89.955057662826,0.094169,118.506053,0.000605063322212651,-0.0175560255027396,0.0175664490742076,9.39271429406498e-05,-0.0182071979031264,0.0182074401768011,0.00339162017880933,0.00931193541514384,0.00991035966113827
2024-099-00:10:01.300000000,0.103473356258916,89.959294629226,0.111192,111.474151,0.000605017798190579,-0.0177487870910932,0.0177590959719543,9.37958631296321e-05,-0.0184764433188414,0.0184766813951613,0.00338971591936453,0.00926476243630291,0.00986539391079356
2024-099-00:10:01.400000000,0.118617310136546,89.9633068640138,0.124163,107.188931,0.000604139066675298,-0.0179342143657831,0.0179443871149099,9.36611663202749e-05,-0.0187202702478004,0.0187205045488832,0.00338767144669772,0.00923083958698107,0.00983283872090598
2024-099-00:10:01.500000000,0.129294726952006,89.9672866149726,0.133369,104.198639,0.000599944355067178,-0.0181079218083132,0.0181178576394992,9.00098874879544e-05,-0.018929568229352,0.0189297822261519,0.00338619412332864,0.00919553309696196,0.00979919076139394
2024-099-00:10:01.600000000,0.136662270001655,89.9714187007267,0.139619,101.812456,0.000599969312914122,-0.0182775378480896,0.0182873823431563,9.07557461575263e-05,-0.0191141663448617,0.0191143818017875,0.00338381078605658,0.00915512394535197,0.00976045438955533
2024-099-00:10:01.700000000,0.130138695788919,89.9743106346274,0.13265,101.166597,0.000599956673278944,-0.0184363501136064,0.0184461094413235,9.11627268342672e-05,-0.019275864099148,0.0192760796691544,0.00338124605103852,0.00912797270401639,0.00973410039720836
2024-099-00:10:01.800000000,0.0989668000380834,89.9747909291874,0.102127,104.290608,0.000595812400795593,-0.018596685385079,0.0186062274448249,8.74938952577479e-05,-0.0194344717264902,0.0194346686740334,0.00337951104971869,0.00910194670433154,0.0097090951557631
2024-099-00:10:01.900000000,0.061089618991374,89.9737161507904,0.066504,113.279816,0.000596819466790211,-0.0187584915146988,0.018767983306231,8.889504575271e-05,-0.0196020907336139,0.0196022923011058,0.00337677632880376,0.00906250722293834,0.00967117653342028
2024-099-00:10:02.000000000,0.0349106868158871,89.9725485708878,0.044411,128.179138,0.000600435021244295,-0.0189182216147907,0.0189277476547283,9.27698976513966e-05,-0.0197732096057285,0.0197734272286315,0.00337326325745975,0.0090374836175257,0.00964650274146923
2024-099-00:10:02.100000000,0.0236125695419886,89.971205638563,0.037238,140.646825,0.000602318273070024,-0.0190886562060648,0.0190981565355248,9.46105508072827e-05,-0.0199591256030603,0.0199593498389868,0.00337038879623619,0.00900092637795849,0.00961125362786891
2024-099-00:10:02.200000000,0.029921194952037,89.9696714162503,0.042604,135.387405,0.000600798230796277,-0.0192581128485838,0.0192674821656312,9.34611724826415e-05,-0.0201495960664199,0.0201498128187496,0.00336823683604021,0.0089559191290941,0.00956835967292888
2024-099-00:10:02.300000000,0.0427900545301163,89.9662971306045,0.054469,128.225137,0.000600678937753996,-0.0194410435071484,0.0194503210213378,9.40084038439481e-05,-0.0203735165487999,0.0203737334365652,0.00336577927068749,0.00892495756268378,0.00953851862684642
2024-099-00:10:02.400000000,0.0557195266009444,89.9592646178062,0.069022,126.169747,0.000601124540766267,-0.0196283428074841,0.0196375454698805,9.58510682293999e-05,-0.0206359835847704,0.020636206190533,0.00336328014453767,0.00888444930347225,0.00949974172052114
2024-099-00:10:02.500000000,0.0659783507963974,89.95155481882,0.081854,126.288287,0.000600154225318997,-0.0198702974394211,0.0198793587780198,9.52171329284788e-05,-0.0209327094286228,0.020932925985766,0.00336156322100553,0.00882934583023374,0.00944761637021122
2024-099-00:10:02.600000000,0.0726021904802833,89.9458584725432,0.090567,126.712927,0.000601287723647954,-0.0201821609353861,0.0201911160401905,9.60178206641958e-05,-0.0212358848582063,0.0212361019288588,0.00335979898139073,0.00875787188377597,0.00938022223233479
2024-099-00:10:02.700000000,0.0764072241354637,89.9416572511557,0.096135,127.364476,0.000601306511733149,-0.0205700944779407,0.0205788813192666,9.70005361468018e-05,-0.0215476460679042,0.0215478643993245,0.00335846291460577,0.00867932777978038,0.00930644958389878
2024-099-00:10:02.800000000,0.078284936647575,89.9384253960269,0.099599,128.186611,0.000603586373475905,-0.0210029215955924,0.0210115928016142,9.90761197867812e-05,-0.0218648590919029,0.0218650835622981,0.00335666170708833,0.00860428225789527,0.00923584598124961
2024-099-00:10:02.900000000,0.0715127375990132,89.9391002858218,0.09393,130.417448,0.000602677791351261,-0.0214204974751438,0.021428974137901,9.81478379901337e-05,-0.0221745849748473,0.0221748021818645,0.00335558612660666,0.0085238392463046,0.00916055641049809
2024-099-00:10:03.000000000,0.0513515438826789,89.9466564564471,0.074044,136.090005,0.00060149667592935,-0.0217256111753277,0.0217339361182616,9.69264738625617e-05,-0.0224832226171142,0.0224834315439626,0.00335441955491234,0.00844479782229568,0.00908662428021695
2024-099-00:10:03.100000000,0.0357351716456107,89.9564458039056,0.056338,140.631938,0.000598584528424524,-0.0219172029912835,0.0219253754904859,9.40259630093134e-05,-0.0227586799525176,0.0227588741826753,0.00335305266373598,0.0083960951621213,0.00904087253185132
2024-099-00:10:03.200000000,0.0372251986344902,89.9635916263322,0.05207,134.364432,0.000598395187221614,-0.0220910490169554,0.0220991520984316,9.27034123300765e-05,-0.022982346637598,0.0229825336047479,0.00335096502996164,0.00835534945041331,0.00900226810701324
2024-099-00:10:03.300000000,0.0452065066584087,89.9689655109338,0.054834,124.469783,0.000598683382770215,-0.0222588916366226,0.0222669413859136,9.3532960340635e-05,-0.0231763916784456,0.023176580413154,0.00334844148110487,0.00831435739186426,0.00896329176095655
2024-099-00:10:03.400000000,0.0539591706911374,89.9734144491071,0.060153,116.229347,0.000600660338490779,-0.0224153077215744,0.0224233541892178,9.62152927559781e-05,-0.0233406417300115,0.0233408400395383,0.00334542276522453,0.00828422470441109,0.00893421694561182
2024-099-00:10:03.500000000,0.0669468066029554,89.9772614967519,0.070703,108.760063,0.000598523766951766,-0.0225609656312053,0.022568903405173,9.46544107361214e-05,-0.0234767898135276,0.0234769806279688,0.00334311974320953,0.00825746782688948,0.00890854783506
2024-099-00:10:03.600000000,0.0897428110505025,89.9811116745711,0.091709,101.885654,0.000601315155015954,-0.0226926263557187,0.0227005918609166,9.79464751705252e-05,-0.0235898134109639,0.0235900167502291,0.00333985816243342,0.00822715641452028,0.00887923167927019
2024-099-00:10:03.700000000,0.114226362962815,89.9844273183243,0.115283,97.763363,0.000602163684736538,-0.0227976474122562,0.0228055986248283,9.92974775864619e-05,-0.023674860141187,0.0236750683778066,0.0033369164936688,0.00820815850919368,0.00886052356228273
2024-099-00:10:03.800000000,0.13206197050474,89.9866402859883,0.132736,95.77652,0.000602836121200659,-0.0228843810265663,0.0228923198116332,0.000100460305267258,-0.0237429756630906,0.023743188193902,0.00333378033914062,0.00819513705089303,0.00884727995671892
2024-099-00:10:03.900000000,0.144952810157831,89.9878995046079,0.145457,94.771912,0.000599770441530853,-0.0229601927880726,0.0229680251098782,9.79760213691688e-05,-0.0238002354394559,0.023800437102589,0.00333142968069194,0.00819066072170659,0.00884224783499661
2024-099-00:10:04.000000000,0.154371117494637,89.9886609628464,0.154787,94.200998,0.000598366922065038,-0.023037511864029,0.0230452814228575,9.71197252884974e-05,-0.0238591119662,0.0238593096307649,0.00332876966423559,0.00817956597554681,0.00883096863463223
2024-099-00:10:04.100000000,0.162849926683204,89.9924036677493,0.163027,92.670688,0.000599509856622155,-0.0230876264849437,0.0230954088246227,9.87613944018538e-05,-0.0238919413627083,0.0238921454853287,0.00332539146858304,0.00818504001706104,0.00883476703146243
2024-099-00:10:04.200000000,0.173165290987431,90.0026781738325,0.173186,89.113937,0.000598637429506593,-0.0230670959869792,0.0230748626007722,9.84202564578852e-05,-0.0238578284799231,0.0238580314846869,0.00332209017541841,0.00817586529113884,0.00882502444146532
2024-099-00:10:04.300000000,0.18366173402827,90.0149968914463,0.184273,85.331888,0.000595647118518442,-0.0229533686055532,0.022961095919668,9.6032100709831e-05,-0.023734376295292,0.0237345705731299,0.00331893188016648,0.0081733983622845,0.00882155029537215
2024-099-00:10:04.400000000,0.191554243507879,90.0248080995468,0.193154,82.620752,0.000592472714983431,-0.0227707675177223,0.0227784739889255,9.34579648580245e-05,-0.0235455388629071,0.0235457243408621,0.00331528765698614,0.00818576805255017,0.00883164372349313
2024-099-00:10:04.500000000,0.197585378028591,90.0329077032179,0.200307,80.544259,0.000591110969997631,-0.022533183388655,0.0225409353356424,9.26621864296421e-05,-0.0233044133324017,0.0233045975517325,0.00331098048448567,0.00819394172834826,0.00883760560424665
2024-099-00:10:04.600000000,0.20219064910284,90.0398020732181,0.206071,78.863528,0.000593308396984087,-0.022250402395517,0.022258311293006,9.53496571558606e-05,-0.0230203091135125,0.0230205065808463,0.00330554668006643,0.00821078554010145,0.00885119415896167
2024-099-00:10:04.700000000,0.198748417480796,90.0420690949676,0.203152,78.048652,0.000592696776142788,-0.0219491954182706,0.0219571962913729,9.5291653745718e-05,-0.0227185706588823,0.0227187705055071,0.00330057797195973,0.00823816866889335,0.0088747528397202
2024-099-00:10:04.800000000,0.180103834493671,90.0357773552074,0.183623,78.764581,0.000593123179835579,-0.021692539735725,0.0217006468864978,9.62445195579313e-05,-0.0224592711541089,0.0224594773710639,0.00329583172951921,0.00825478375212527,0.00888841727101383
2024-099-00:10:04.900000000,0.15712818732592,90.0262938481375,0.159313,80.500163,0.000591129435966962,-0.0215029946862691,0.0215111183923055,9.48171322568434e-05,-0.0222640152735089,0.0222642171743721,0.00329200059097458,0.0082669865707041,0.00889833326253736
2024-099-00:10:05.000000000,0.140355119243092,90.0190052024655,0.141636,82.288612,0.000587505081851898,-0.021373414800745,0.0213814878450006,9.17713141778243e-05,-0.0221264672214386,0.0221266575350979,0.0032886620627492,0.0082791295709279,0.00890838282827914
2024-099-00:10:05.100000000,0.128006891560208,90.0131933781763,0.128685,84.115443,0.000586316904042455,-0.0212804997272401,0.0212885752494861,9.11279898157333e-05,-0.0220233005324369,0.0220234890662802,0.00328529551825361,0.00827506493092072,0.00890336263740904
2024-099-00:10:05.200000000,0.118251409953296,90.008194532592,0.118535,86.035886,0.000587088889617271,-0.0212185724447385,0.0212266928643377,9.24001577713962e-05,-0.0219495464531311,0.0219497409389568,0.00328181780435121,0.00825554133657919,0.00888393442461865
2024-099-00:10:05.300000000,0.111341508142155,90.0010001409349,0.111346,89.485347,0.00058339767867018,-0.0212065317644087,0.0212145549641361,8.93008228172519e-05,-0.0219234490503115,0.0219236309241548,0.00327955541528925,0.00823234415761623,0.00886154467637506
2024-099-00:10:05.400000000,0.108345006131817,89.9884490915367,0.108959,96.08544,0.000585395633982885,-0.0212814613450205,0.0212895111505147,9.17559801071041e-05,-0.021980448676083,0.02198064018999,0.00327619874404255,0.00822380751569509,0.00885237190055123
2024-099-00:10:05.500000000,0.10838304635963,89.9752277639733,0.111178,102.874468,0.000587971152299218,-0.0214328311991967,0.0214408946475933,9.4695008257985e-05,-0.0221280325722075,0.0221282351908431,0.00327334379446708,0.00819072542430519,0.00882058742789479
2024-099-00:10:05.600000000,0.109616679765498,89.965472178642,0.114926,107.483725,0.000585800059050697,-0.0216067083764477,0.0216146480094875,9.2692120264224e-05,-0.0223420338934868,0.0223422261721359,0.00327185174569864,0.00814897130438487,0.00878127252540993
2024-099-00:10:05.700000000,0.111387680017457,89.9584754254854,0.118876,110.44509,0.000586503681033199,-0.0217868666564811,0.0217947595828712,9.52117313203443e-05,-0.0225988481248564,0.0225990486933434,0.00326965752922159,0.00810522032748318,0.00873986595523306
2024-099-00:10:05.800000000,0.113380288046893,89.953106757654,0.122695,112.469594,0.000586663705076117,-0.0220012875999815,0.0220091078955953,9.55966170646463e-05,-0.0228830045298122,0.0228832042123607,0.00326801064758338,0.00805753321711741,0.00869504083588276
2024-099-00:10:05.900000000,0.108297526527664,89.9452907362832,0.121332,116.801759,0.000587649767899334,-0.0223091748704556,0.0223169132195803,9.69525847788882e-05,-0.0231798455209276,0.0231800482781586,0.00326666454198574,0.00798478956133347,0.00862716416724794
2024-099-00:10:06.000000000,0.0918684161897429,89.9313648550683,0.114676,126.763479,0.000584987993647594,-0.0228158272966021,0.0228233254847116,9.7464787505978e-05,-0.0234770427024323,0.0234772450137709,0.00326572486694345,0.00791233385862943,0.00855978889909012
2024-099-00:10:06.100000000,0.080811428999143,89.9161778007258,0.116433,136.047662,0.000583458871662953,-0.0234058399482944,0.0234131110265188,9.95047196351101e-05,-0.0237658480637628,0.0237660563699383,0.0032647516881331,0.00784613180449965,0.00849825793199693
2024-099-00:10:06.200000000,0.0811933953328384,89.9050282078935,0.124948,139.472135,0.000583749260482197,-0.0239934852794833,0.0240005853898586,9.78046307842613e-05,-0.0240287973567869,0.0240289964034983,0.00326427738404041,0.00779358376932387,0.00844958311453448
2024-099-00:10:06.300000000,0.0864041757182145,89.8968552653194,0.134553,140.04711,0.000579326750589614,-0.0245796483304428,0.0245864745649349,7.52708709832874e-05,-0.0243554782377739,0.0243555945502199,0.00326521591105221,0.00771247388308676,0.00837519482418671
2024-099-00:10:06.400000000,0.0932304230760148,89.8904814868258,0.143827,139.593022,0.000581561353872899,-0.0251328968778812,0.0251396244817326,0.000113501212949193,-0.0246506954450596,0.0246509567451331,0.00326576516104321,0.00756952610675089,0.00824396431141395
2024-099-00:10:06.500000000,0.0956054639311029,89.8894637619493,0.146146,139.142636,0.000580981140838657,-0.0256805496064304,0.0256871206477944,0.000156715924168543,-0.0251176863904486,0.0251181752818515,0.0030706205899962,0.00719106825344648,0.0078192182111407
2024-099-00:10:06.600000000,0.0880246819290975,89.8973307236389,0.135238,139.391448,0.000579191655246458,-0.0262538969031293,0.0262602849484473,0.000157240184085583,-0.0253632549373485,0.0253637423400496,0.00307045374576153,0.00710808704557936,0.00774290563370071
2024-099-00:10:06.700000000,0.077289889474383,89.9083713243211,0.119873,139.851937,0.000578007430474435,-0.0268621225193917,0.0268683404555714,0.00015562426373785,-0.0256344464174314,0.0256349188030628,0.00307020053348701,0.00705122793881193,0.0076906402048793
2024-099-00:10:06.800000000,0.0698079497455401,89.9169130337041,0.10852,139.963694,0.000576115244345906,-0.0274382477228758,0.0274442953430521,0.000155520796126108,-0.0259182059902608,0.0259186725831324,0.00306953742847044,0.00699652039417429,0.0076402459156023
2024-099-00:10:06.900000000,0.064703161427002,89.9238691185579,0.099912,139.638977,0.000578568149579421,-0.028004922252694,0.0280108980841947,0.000157093918791956,-0.0262046082554668,0.0262050791321416,0.00306844764919328,0.00694011215418585,0.00758818342480715
2024-099-00:10:07.000000000,0.0615019506634436,89.9298494775241,0.093293,138.758481,0.000578397217816226,-0.0285168589198955,0.0285227240283743,0.000157890889219094,-0.0264986660981663,0.0264991364862141,0.00306734082807492,0.0068711754671558,0.00752473468343031
2024-099-00:10:07.100000000,0.0513304917873449,89.9418078980029,0.077596,138.584893,0.000575615999676489,-0.0288786200073212,0.0288843560999088,0.000155197091820226,-0.026792988013493,0.0267934374955602,0.00306695152729736,0.00679421831650515,0.00745436745828415
2024-099-00:10:07.200000000,0.0288852202390101,89.9663266073463,0.044365,139.376823,0.000574011452234692,-0.0290359741820178,0.0290416474368466,0.000153434764773888,-0.0269869782509434,0.0269874144249488,0.00306533185411574,0.00675380902207274,0.00741688584801517
2024-099-00:10:07.300000000,0.0331898262305655,89.9932613704016,0.033867,101.476927,0.000574126379655573,-0.0290746921378279,0.0290803601079713,0.000153963213969048,-0.0270125963484736,0.0270130351156034,0.00306227241694738,0.00675742792162924,0.00741891801219095
2024-099-00:10:07.400000000,0.053856929306265,90.012292671565,0.055242,77.14268,0.000571626753751293,-0.0289799968860317,0.0289856339702966,0.000151942693756519,-0.0269104742306343,0.0269109031788199,0.00305973042133822,0.00674064119448715,0.00740258022341398
2024-099-00:10:07.500000000,0.0716512459941146,90.0255934857718,0.076085,70.343523,0.00057064645182929,-0.0287923505930182,0.0287980049663907,0.000151406098298734,-0.0267197016860727,0.0267201306508654,0.00305614292516618,0.00675777615904147,0.00741670736882295
2024-099-00:10:07.600000000,0.0863618538353209,90.0354827823685,0.093367,67.664131,0.000570491019685284,-0.0285389195283968,0.0285446209968157,0.000151684559267224,-0.0264661557666036,0.0264665904352571,0.00305207321686778,0.0067846092858094,0.00743949420876264
2024-099-00:10:07.700000000,0.0858780354669137,90.0334346603164,0.092157,68.727696,0.000571514983983661,-0.0283040562588881,0.0283098256809049,0.000153116535628551,-0.0262304746062778,0.0262309215000935,0.00304791434128694,0.00680224635916417,0.00745388069146433
2024-099-00:10:07.800000000,0.059577804527995,90.0110232559808,0.060589,79.517519,0.000570762315293491,-0.0282173284947041,0.028223100414352,0.000152805998458644,-0.0261359324297704,0.0261363791227226,0.00304500679409274,0.00678715153793371,0.0074389174195542
2024-099-00:10:07.900000000,0.0328604632149897,89.9822605061854,0.037343,118.362082,0.000569487988607973,-0.028331239762774,0.0283369628412248,0.000151955973925919,-0.0262341408975846,0.0262345809810702,0.00304277706271347,0.00676398722926762,0.00741687370062823
2024-099-00:10:08.000000000,0.0337035977921126,89.9609966158477,0.051548,139.169048,0.000570596087057084,-0.0285016466255651,0.0285073576513705,0.000153234496511928,-0.0264651111050873,0.0264655547195886,0.00304075402448573,0.00672487474962646,0.00738038789194645
2024-099-00:10:08.100000000,0.0476733046737685,89.9448513361236,0.072898,139.158189,0.000572137780442989,-0.0288075030978754,0.0288131840721207,0.000155421477421173,-0.0267521921077549,0.0267526435778946,0.00303914924761792,0.00665635237077865,0.00731733934113125
2024-099-00:10:08.200000000,0.0624279187681921,89.9318461110986,0.092424,137.510775,0.000571195598727082,-0.0293057069482195,0.029311272987486,0.000156419840095899,-0.0270416113139158,0.0270420637085869,0.00303804539126904,0.00659334225355246,0.00725960617884272
2024-099-00:10:08.300000000,0.0722469548570384,89.9254651540067,0.103803,135.892975,0.000566151582545299,-0.0298531432200941,0.0298585111439581,0.000155834198390582,-0.0273324044140494,0.0273328486504889,0.00303788452058864,0.00652417142588389,0.00719677394078429
2024-099-00:10:08.400000000,0.0742333546347838,89.9293156533291,0.102503,133.597094,0.000566808053714214,-0.0303793890729211,0.0303846762663958,0.000154918997923202,-0.0276250109349173,0.0276254453185866,0.00303707769157249,0.00646752205083527,0.00714511598105221
2024-099-00:10:08.500000000,0.0726268386773783,89.9377425614031,0.095659,130.60394,0.000567636927972961,-0.0307959895947347,0.0308012205407677,0.00015477510301242,-0.0279109028644974,0.027911332000532,0.00303614177832298,0.00639752188811072,0.0070814153392478
2024-099-00:10:08.600000000,0.0707501748525947,89.9447860585286,0.089745,127.968713,0.000567372105733015,-0.0311113704244952,0.0311165435226427,0.000154113545906419,-0.0281935032245171,0.0281939244351667,0.00303516152775861,0.0063271435326106,0.00701747467268975
2024-099-00:10:08.700000000,0.0682978971819407,89.9507006266199,0.084232,125.822811,0.000567228860788735,-0.0313403060733446,0.0313454387966006,0.000154123523478287,-0.0284678152822041,0.0284682324881996,0.00303374773755127,0.00627683889233504,0.00697153726343245
2024-099-00:10:08.800000000,0.0651091377920693,89.9557939345662,0.078698,124.17466,0.000565090863716103,-0.0315136729957117,0.0315187390827251,0.00015288575229117,-0.028726573343433,0.0287269801773331,0.00303245663260445,0.00623444356889726,0.00693282625214214
2024-099-00:10:08.900000000,0.0635199598000795,89.9531508293542,0.078928,126.41063,0.000562125849716415,-0.0317168677706443,0.0317218487268863,0.000149354394324762,-0.029002964067496,0.0290033486245221,0.00303172882657563,0.00619769095544837,0.00689947482473385
2024-099-00:10:09.000000000,0.0683779045360851,89.9361735043316,0.093538,133.028234,0.000561798843202039,-0.0321473601673762,0.0321522687173274,0.000151518882288898,-0.0292874074265413,0.0292877993666291,0.00303057198714174,0.00612873762159763,0.00683708939561524
2024-099-00:10:09.100000000,0.0796655409207919,89.9146483579514,0.116754,136.973467,0.000559744533261636,-0.0327205623318461,0.0327253497040863,0.000151649895414072,-0.0295624659312195,0.0295628548963948,0.00303006011579118,0.00608213632799422,0.00679511932328016
2024-099-00:10:09.200000000,0.090233632293879,89.8986565722747,0.135693,138.318899,0.000559425487361112,-0.0332793303674824,0.0332840320061129,0.000146409660954539,-0.0298324972964741,0.0298328565634093,0.00976494527426747,0.0117885151570853,0.015307620514576
2024-099-00:10:09.300000000,0.0990466372490656,89.8866091369585,0.150558,138.862821,0.000558078345900174,-0.0340308371979456,0.0340354129082231,0.000101606611489644,-0.0304257979743712,0.0304259676309686,0.00975761278902411,0.0116366604997481,0.0151862725817406
2024-099-00:10:09.400000000,0.106691411618317,89.8767065108534,0.163047,139.128833,0.000368518299033893,-0.034661316799349,0.0346632757829025,0.00012295997626696,-0.0307194536437235,0.0307196997271236,0.00975304822155367,0.0115289052414572,0.0151009140676468
2024-099-00:10:09.500000000,0.105391071999014,89.8771410885299,0.161869,139.376229,0.000921869416546817,-0.0356063279915913,0.035618259871391,7.33335847251146e-06,-0.0312817888570771,0.031281789716653,0.00974768747667382,0.0114312441203881,0.015023007464646
2024-099-00:10:09.600000000,0.0888854596710987,89.8956275885966,0.137092,139.581637,0.000921794847347414,-0.0361663315790143,0.0361780768646401,-5.18995045248347e-06,-0.0315496597505955,0.0315496601774715,0.015023051118365,0.00431739619066946,0.0156311219933892
2024-099-00:10:09.700000000,0.070000179208454,89.9201722375024,0.106172,138.752772,0.000921158541082834,-0.0367012278928968,0.0367127860820199,-3.89320134019875e-06,-0.0318230921652352,0.0318230924033801,0.0150112871323228,0.00426813993180175,0.0156062730927817
2024-099-00:10:09.800000000,0.0594642677492868,89.93846489291,0.085572,135.980475,0.000923030945459972,-0.0371084298314846,0.0371199077407864,-2.11093900108144e-06,-0.0321168507775309,0.0321168508469036,0.0149995974819426,0.00419627464638727,0.0155755142941802
2024-099-00:10:09.900000000,0.0543684650775238,89.9525447343592,0.072166,131.115921,0.000922261199912085,-0.0373155443480923,0.0373269395439179,-2.4631693238835e-06,-0.032387622439302,0.0323876225329675,0.0149878415881522,0.00415780114582075,0.0155538646592972
2024-099-00:10:10.000000000,0.0525839061329101,89.9641072049917,0.063666,124.316708,0.000921544591116508,-0.0374672427289958,0.037478574174412,-2.27984993580301e-06,-0.0325887787054309,0.0325887787851779,0.0149752784182576,0.0041356325221135,0.0155358430753627
2024-099-00:10:10.100000000,0.0585467646100577,89.9680380395118,0.066703,118.631083,0.000923313152009743,-0.0376121917919038,0.0376235229420057,-6.6978725175849e-08,-0.0327653798546166,0.0327653798546851,0.0149622755498667,0.00411011806277035,0.0155165318328565
2024-099-00:10:10.200000000,0.0759627311064855,89.9589960392528,0.086323,118.359736,0.000925174773841861,-0.0377725350980998,0.0377838636999888,1.28265495924427e-06,-0.033001057054167,0.0330010570790935,0.0149497614179148,0.00407531135733779,0.0154952744122788
2024-099-00:10:10.300000000,0.0959998704689803,89.9450199732664,0.110629,119.800145,0.000924361297135741,-0.0380660976166476,0.0380773191226455,9.97859307703888e-07,-0.0332824813550215,0.0332824813699802,0.0149384383789242,0.00400806176381147,0.0154667870064679
2024-099-00:10:10.400000000,0.110309947860578,89.934124343997,0.128483,120.845059,0.000924411362424031,-0.0385145389734483,0.0385256310617263,2.61036471063981e-06,-0.0335594199418446,0.0335594200433661,0.0149267951736253,0.00394482210569894,0.0154392627933129
2024-099-00:10:10.500000000,0.120703252121356,89.9253312260758,0.141932,121.741488,0.000916576165765693,-0.0390508714980162,0.0390616266510014,2.45392163189317e-07,-0.0338382353529133,0.033838235353803,0.0149167269669001,0.00389120412063054,0.0154159077875245
2024-099-00:10:10.600000000,0.128750753287144,89.9177616270366,0.152774,122.567983,0.000919820288436619,-0.0396015041473902,0.039612184995261,1.86066726027791e-06,-0.034101830906736,0.0341018309574969,0.0149051720418555,0.00383431492597502,0.01539045563162
2024-099-00:10:10.700000000,0.121744896611486,89.9187234350204,0.146382,123.726918,0.00091500784681327,-0.0401450643087283,0.0401554906296968,1.39360396308836e-06,-0.034374126679097,0.0343741267073469,0.0148944883531383,0.00378761346305007,0.0153685327551869
2024-099-00:10:10.800000000,0.0873331635462759,89.9358261804909,0.108376,126.30902,0.000915903606590481,-0.0405652081036381,0.0405755466741735,2.26636188014014e-06,-0.0346622417986238,0.0346622418727159,0.0148832468289269,0.00372535815745429,0.0153424029921025
2024-099-00:10:10.900000000,0.0463652745647392,89.9580147144905,0.06255,132.16187,0.000914894127469059,-0.0407264668141771,0.0407367417748492,1.90420899740214e-06,-0.034905384075142,0.0349053841270826,0.0148713304422855,0.00369345808756464,0.015323123107521
2024-099-00:10:11.000000000,0.0220109445511511,89.9743519365969,0.033798,139.364092,0.000911963456701983,-0.0408521142696825,0.0408622921242746,3.27092949068379e-07,-0.0350387955718791,0.0350387955734058,0.0148591380593266,0.00367536717328386,0.0153069365885072
2024-099-00:10:11.100000000,0.0221277935047058,89.986648105023,0.025844,121.10675,0.000915595384738485,-0.0409182910634069,0.0409285335488365,4.77535406255198e-06,-0.0350942486280442,0.0350942489529408,0.0148453220761888,0.00366765829235407,0.0152916743653287
2024-099-00:10:11.200000000,0.0350130962304595,89.9966709859213,0.035171,95.431304,0.000915302243915797,-0.0409177991378151,0.0409280351895898,5.3720245876449e-06,-0.0350859370116888,0.0350859374229455,0.014831995514513,0.00367789446601379,0.0152811975527335
2024-099-00:10:11.300000000,0.0530543718447146,89.9997418272249,0.053055,90.27881,0.000915268424348716,-0.0408976384670551,0.0409078788067843,6.22176421195558e-06,-0.0350588468311845,0.0350588473832613,0.0148187885070386,0.00366673218536882,0.015265694145225
2024-099-00:10:11.400000000,0.0803675172022099,89.9910710988896,0.080862,96.339608,0.000914672873643788,-0.0409391692325173,0.0409493858795766,6.50761344119796e-06,-0.0350909826516128,0.0350909832550304,0.0148056804764593,0.00366888850986819,0.0152534886917338
2024-099-00:10:11.500000000,0.109045095291659,89.977975858984,0.111247,101.418562,0.000914856889118887,-0.041053372537473,0.0410635648699442,7.57353865350001e-06,-0.0352026143106593,0.0352026151253501,0.0147932789387567,0.00364728307286792,0.0152362651451559
2024-099-00:10:11.600000000,0.12995624911573,89.9674813822839,0.133963,104.048483,0.000912838010857136,-0.0411952938739244,0.0412054063272413,7.12241582243463e-06,-0.0353798166551578,0.0353798173720751,0.0147813721057237,0.00362165576913475,0.0152185857371168
2024-099-00:10:11.700000000,0.144979317217375,89.9588502778975,0.150706,105.845588,0.000909207387273101,-0.0413491593187356,0.0413591541794468,3.32255251476739e-06,-0.0356085703141482,0.035608570469158,0.0147700876864577,0.00358972947839746,0.0152000542102232
2024-099-00:10:11.800000000,0.156283234966566,89.9512941054831,0.163697,107.309678,0.000905309090011278,-0.0415581997998845,0.041568059314281,5.09652805335238e-07,-0.0358654617716525,0.0358654617752737,0.0147596064754442,0.00353996332091894,0.0151781857816877
2024-099-00:10:11.900000000,0.151904217978727,89.9508330619906,0.159663,107.935204,0.000906559947346422,-0.0417807395548332,0.0417905736821946,3.62183246982497e-06,-0.0361340297932296,0.0361340299747437,0.0147479829802767,0.0035029814701969,0.0151582941377675
2024-099-00:10:12.000000000,0.119886465465353,89.9638158972337,0.125228,106.794827,0.00090701833375533,-0.0419282443106333,0.0419380537606351,4.86942503406045e-06,-0.0363336158438572,0.036333616170157,0.014735938171843,0.00347140081714246,0.0151393030697466
2024-099-00:10:12.100000000,0.0794449155918927,89.981109229362,0.08166,103.37564,0.000904388285565127,-0.0420256523049872,0.0420353823561859,3.18800151324569e-06,-0.036420808052493,0.0364208081920198,0.0147238032832696,0.00345819482655782,0.0151244667536695
2024-099-00:10:12.200000000,0.0500149731982537,89.9938801136047,0.050388,96.976094,0.000901649018627525,-0.0420421501710688,0.0420518175821152,1.36720047446233e-06,-0.0364285884063606,0.0364285884320168,0.0147113922196509,0.00345725408728852,0.0151121694956243
2024-099-00:10:12.300000000,0.0289759387014761,90.0035368712777,0.029191,83.040769,0.000901556599452998,-0.0419983725405997,0.0420080480427384,2.14360959333399e-06,-0.0363788007788385,0.0363788008419943,0.0146983066647097,0.00345138022000587,0.0150980874362582
2024-099-00:10:12.400000000,0.0154439137638481,90.0114526442288,0.019227,53.440715,0.000902254266542113,-0.0419008488620278,0.0419105618922008,3.70383385471831e-06,-0.0362775380479705,0.036277538237046,0.0146851110171267,0.00344977730462537,0.0150848748432609
2024-099-00:10:12.500000000,0.0128512305173386,90.0133410814095,0.018524,43.928575,0.000901245898125186,-0.0417866033542725,0.0417963211784983,3.5692141322497e-06,-0.0361602931335219,0.0361602933096722,0.0146719729460834,0.00344844895549111,0.0150717812593346
2024-099-00:10:12.600000000,0.0290171869778511,90.0048335029626,0.029417,80.542856,0.000902316468918367,-0.0417302620094615,0.0417400160803561,5.47850592654985e-06,-0.0360984261004508,0.0360984265161757,0.0146586998583879,0.0034383700906825,0.0150565557289442
2024-099-00:10:12.700000000,0.0510376125372558,89.9923957036623,0.051601,98.474382,0.000901087462332022,-0.041755826887012,0.0417655484536344,5.13976319354026e-06,-0.0361148328461763,0.0361148332119147,0.0146462137087487,0.00344579469361576,0.0150460984003458
2024-099-00:10:12.800000000,0.0671575153643755,89.9826399454754,0.069365,104.493548,0.000899964603838659,-0.0418446922809305,0.0418543690476147,4.88329798755055e-06,-0.0361921335857057,0.0361921339151502,0.0146338842787877,0.00342605559371503,0.0150295850247495
2024-099-00:10:12.900000000,0.0781685574810003,89.9747809692506,0.082136,107.880921,0.000897495121143554,-0.0419697305444865,0.0419793256195151,3.0859141025256e-06,-0.0363244996234874,0.0363244997545679,0.0146224885139348,0.00340377746938155,0.0150134230407733
2024-099-00:10:13.000000000,0.0859341884783797,89.9680627436309,0.091677,110.38746,0.000897983786168894,-0.0421033680524946,0.0421129430964406,4.91390964186255e-06,-0.0364889675101026,0.0364889678409767,0.0146101749744893,0.00337572280924892,0.0149950897719912
2024-099-00:10:13.100000000,0.0830251621636333,89.9751824275201,0.086655,106.64225,0.000897615667266114,-0.0422196625659964,0.0422292034150861,5.29941065677752e-06,-0.036611476197068,0.0366114765806055,0.0145980267943614,0.00335387554294505,0.014978346619252
2024-099-00:10:13.200000000,0.0681810654950145,90.0092821575419,0.06881,82.247428,0.000896961231372552,-0.0421381479651239,0.0421476933340516,5.51283736459184e-06,-0.0365256555566083,0.0365256559726361,0.0145852771775415,0.00333935162608561,0.0149626728771418
2024-099-00:10:13.300000000,0.0679629637326162,90.0512588789282,0.085126,52.975767,0.000892455800579911,-0.0417921170535767,0.0418016450056196,1.90922656917881e-06,-0.0361816123765654,0.0361816124269383,0.0145718185832124,0.00338679088081682,0.0149602222340592
2024-099-00:10:13.400000000,0.0812854233888433,90.0822977971605,0.115673,44.645445,0.000890575125135241,-0.0415013570713133,0.041510911370556,1.27241974546796e-06,-0.0359449103663947,0.035944910388916,0.0145577063411491,0.00343138583180881,0.0149566447655171
2024-099-00:10:13.500000000,0.0959824152942994,90.1054751082534,0.14261,42.302257,0.000889711228007413,-0.0412474108624972,0.0412570053315663,1.31043967035887e-06,-0.0358853887588069,0.0358853887827338,0.0145422517171235,0.00352157663693531,0.0149625728741413
2024-099-00:10:13.600000000,0.109594666594669,90.1241413028171,0.165596,41.438828,0.000889564024796865,-0.0410371678845566,0.0410468083063652,1.30784671423884e-06,-0.0359438576177212,0.0359438576415148,0.0145266629194523,0.00360821118434122,0.014968070133661
2024-099-00:10:13.700000000,0.109349253798372,90.1233129519755,0.164813,41.565453,0.000889973192103806,-0.0408290433344247,0.0408387418009786,1.89985976483297e-06,-0.0360013817546126,0.0360013818047422,0.0145106630390025,0.00370516851305295,0.0149762350255862
2024-099-00:10:13.800000000,0.0875620743576993,90.0880585410963,0.124183,44.838063,0.000888567436858201,-0.0405580859755244,0.0405678184043446,1.0928752237859e-06,-0.0358198760095634,0.0358198760262354,0.014495756285185,0.0037456057679338,0.0149718573613383
2024-099-00:10:13.900000000,0.0759939859574902,90.041710004345,0.086688,61.239426,0.000890212946634738,-0.0402603359425552,0.0402701766732871,3.57027775862051e-06,-0.0355265552156181,0.0355265553950175,0.014481772542677,0.00377117743596417,0.0149647424044438
2024-099-00:10:14.000000000,0.08401069707677,90.0076468936556,0.084358,84.79911,0.000891178158491201,-0.0401887658759683,0.0401986455137927,5.35117468241987e-06,-0.035449517142649,0.0354495175465342,0.014468764331511,0.00375880659922269,0.0149490390437367
2024-099-00:10:14.100000000,0.0974334307694884,89.9820118572278,0.09908,100.460145,0.000886594299520353,-0.0402804673215116,0.0402902233437755,1.65875484141603e-06,-0.0355297980153468,0.0355297980540673,0.0144574689660666,0.00373324886163732,0.0149316963526485
2024-099-00:10:14.200000000,0.111310177572665,89.961180939095,0.117885,109.226027,0.000885376930617965,-0.040427674555298,0.0404373683893792,1.77313934050641e-06,-0.0357402425086118,0.0357402425525962,0.0144461219858695,0.00370113165316169,0.0149127065264712
2024-099-00:10:14.300000000,0.122535200886352,89.9482725927661,0.133006,112.886677,0.000886465818509222,-0.0406673893163454,0.0406770497388219,2.69425670227127e-06,-0.0359983984857985,0.0359983985866226,0.0144351861990492,0.00365072694196445,0.0148896745366044
2024-099-00:10:14.400000000,0.12958513346428,89.946496575044,0.140196,112.434833,0.000886164345903973,-0.040924175021739,0.0409337683148996,5.95357721532676e-07,-0.0362616442595636,0.036261644264451,0.0144249124774033,0.00359379141332947,0.014865847998122
2024-099-00:10:14.500000000,0.133581702014206,89.9504083329279,0.14249,110.367204,0.000887077923635912,-0.0411348195699023,0.0411443834355434,2.064976642741e-06,-0.0365110529561233,0.0365110530145183,0.0144135563475353,0.00355423959745178,0.014845309888974
2024-099-00:10:14.600000000,0.135885851133566,89.954686537591,0.143242,108.441813,0.000884796695261867,-0.0413044051186042,0.0413138808077106,1.11775324311659e-06,-0.0367564129987138,0.0367564130157091,0.0144028088108281,0.00352015728029607,0.0148267464036885
2024-099-00:10:14.700000000,0.136776542333181,89.9593721881975,0.142683,106.543382,0.000887107795264206,-0.0414546940382793,0.0414641847628501,4.54477388072136e-06,-0.0369785393793403,0.0369785396586235,0.0143910703450447,0.00348720739209801,0.0148075494620659
2024-099-00:10:14.800000000,0.136696998815847,89.9645614397354,0.141216,104.533877,0.000890526662764888,-0.0415965551460791,0.0416060865470174,8.85802742020295e-06,-0.0371631795213231,0.0371631805770004,0.0143790541395036,0.00345373018613586,0.0147880171133726
2024-099-00:10:14.900000000,0.124747442540679,89.9767695007308,0.126892,100.548788,0.000886767215910114,-0.0417120276598148,0.0417214526064034,5.6933253265417e-06,-0.0372767584549689,0.0372767588897432,0.0143680251692049,0.00343763507836663,0.0147735399344545
2024-099-00:10:15.000000000,0.0916401910780891,90.0024895100836,0.091674,88.443879,0.000884533020767549,-0.0416727971284247,0.0416821834741376,4.3444301779962e-06,-0.037230257974769,0.0372302582282467,0.0143561779941648,0.0034337388344083,0.0147611113735743
2024-099-00:10:15.100000000,0.0604434647165797,90.0312044301866,0.068023,62.694597,0.000884913943361454,-0.0414444397161558,0.0414538858983477,5.56051038647852e-06,-0.0370031419716599,0.0370031423894525,0.0143430113529039,0.0034570439752431,0.0147537496154806
2024-099-00:10:15.200000000,0.0522153313670944,90.0525096051932,0.074052,44.839013,0.000884053474232931,-0.0410997988740887,0.0411093057352693,5.61115914078952e-06,-0.0366557372991928,0.0366557377286632,0.0143293698620702,0.00350654067121526,0.0147521750302419
2024-099-00:10:15.300000000,0.0592897244357507,90.0683367619016,0.090472,40.945283,0.000881154471058567,-0.0407960584640104,0.0408055733864973,4.00543106597979e-06,-0.0363167555025631,0.0363167557234457,0.0143154598573505,0.00355711448575917,0.0147507780944671
2024-099-00:10:15.400000000,0.0713571976509006,90.0808848859179,0.107862,41.418982,0.000880516140191186,-0.0405039099373197,0.0405134795948662,3.81769911134852e-06,-0.0360739986924504,0.0360739988944633,0.0143014405000728,0.00360306497482308,0.0147483313493398
2024-099-00:10:15.500000000,0.0857100884363626,90.0910853554083,0.125071,43.258556,0.000877471188904033,-0.0402284800741338,0.0402380487196178,1.56262916913061e-06,-0.0359209170113499,0.0359209170453385,0.0142874409715251,0.00363642338742847,0.0147429489779844
2024-099-00:10:15.600000000,0.106044629165106,90.0998407692701,0.145649,46.725995,0.000878032661012524,-0.0399737295790805,0.0399833715163599,2.18905721114e-06,-0.0358215907615262,0.0358215908284128,0.0142731102280682,0.00368171379934076,0.0147403084120666
2024-099-00:10:15.700000000,0.12918081148088,90.1067853120807,0.167603,50.421755,0.000876006511337219,-0.0397278573444791,0.0397375142225981,4.37519630717014e-08,-0.0357863774582165,0.0357863774582433,0.0142579916117978,0.00377872842960274,0.0147502241795433
2024-099-00:10:15.800000000,0.148359943014009,90.1115682785084,0.185629,53.056518,0.000874988224131269,-0.0394900162227731,0.039499708678258,7.52513677477762e-08,-0.0357633162754213,0.0357633162755005,0.0142421527513647,0.00390821442302017,0.0147686510883529
2024-099-00:10:15.900000000,0.163755122760259,90.1145317570625,0.199833,55.030815,0.000874934057041562,-0.0392569039150553,0.0392666527042993,1.20358213314118e-06,-0.0357610937846993,0.0357610938049533,0.0142262945556269,0.00403187243951595,0.0147865970443503
2024-099-00:10:16.000000000,0.176326440181229,90.1163716116656,0.211266,56.576159,0.000871494390204121,-0.03903114741859,0.0390408756469916,-9.46359267263307e-07,-0.0357700288423024,0.0357700288548212,0.0142108597156783,0.00414482401946789,0.0148029760525053
2024-099-00:10:16.100000000,0.177188572401563,90.1135308085939,0.21044,57.351017,0.000871687993738801,-0.038789770327391,0.03879956342551,-1.22675818490555e-06,-0.0357515373910303,0.0357515374120775,0.0141951947402706,0.0042675026314391,0.0148227909795539
2024-099-00:10:16.200000000,0.157505483654474,90.102705687667,0.188033,56.892638,0.000867438271208413,-0.0385375750390737,0.0385473363417836,-4.06513576598946e-06,-0.0356823759719415,0.035682376203503,0.0141809021250298,0.00432208589538647,0.0148249253477639
2024-099-00:10:16.300000000,0.1310125560406,90.0895588038258,0.158698,55.643957,0.000865195663051001,-0.0382730478152072,0.0382828258178586,-5.15699539625334e-06,-0.0355279059581862,0.0355279063324638,0.0141665928669466,0.00435663563778228,0.0148213571422531
2024-099-00:10:16.400000000,0.111632358463661,90.0800408876414,0.137362,54.359355,0.000864194367091595,-0.0379897915405975,0.0379996196454933,-5.80604647144846e-06,-0.0352770863441308,0.0352770868219222,0.0141528686808392,0.00439008233677732,0.0148181144151597
2024-099-00:10:16.500000000,0.097238423790964,90.0731352832627,0.121672,53.052356,0.000862440375433554,-0.0376928731059423,0.0377027384467209,-6.49451987046243e-06,-0.0349653443728465,0.0349653449759978,0.0141392422339226,0.0044326531866573,0.0148177793620611
2024-099-00:10:16.600000000,0.0855252940239042,90.0677316978851,0.109097,51.622588,0.000859869644193902,-0.0373984053295333,0.0374082891482232,-7.91125221231893e-06,-0.034626952516707,0.0346269534204526,0.0141258361406094,0.00448277963153683,0.0148200728708151
2024-099-00:10:16.700000000,0.0754521684577925,90.0610494363486,0.097057,51.023201,0.000859555586166548,-0.0370866917217579,0.0370966513134328,-7.33964430243364e-06,-0.0342691309265516,0.0342691317125415,0.0141121802085559,0.00453543738857847,0.0148230841104162
2024-099-00:10:16.800000000,0.0659861143805285,90.05069914833,0.083214,52.463842,0.00086053676409182,-0.0367547520695986,0.0367648245367772,-5.53337026263975e-06,-0.0339379999519169,0.033938000403007,0.014098501715334,0.00457868966176345,0.0148233649903123
2024-099-00:10:16.900000000,0.0584486590062108,90.0397685533303,0.070695,55.768583,0.000860008663384554,-0.0364825437475576,0.036492678898562,-5.23611595738747e-06,-0.0336679916563601,0.0336679920635259,0.0140856854413152,0.0046059597820843,0.0148196288707193
2024-099-00:10:17.000000000,0.053933913303532,90.0317807881446,0.062601,59.491109,0.000860639308799722,-0.0362646037642995,0.0362748147645373,-3.8194725288427e-06,-0.0334499014287792,0.0334499016468422,0.0140727692841864,0.00461784932916936,0.0148110555921194
2024-099-00:10:17.100000000,0.0515204004326019,90.0259529163063,0.057688,63.263757,0.000856344997610642,-0.0360837867077718,0.036093946721395,-7.22362896401322e-06,-0.0332671897333271,0.0332671905175956,0.0140610984824634,0.00463037392495991,0.0148038796677926
2024-099-00:10:17.200000000,0.0506765715192063,90.0214237153581,0.055019,67.083608,0.000856337746706183,-0.0359336426478733,0.0359438449290208,-6.43774845963353e-06,-0.033113868765931,0.0331138693917203,0.0140485246281227,0.00464367099827674,0.0147961050471807
2024-099-00:10:17.300000000,0.0467632018036608,90.0207422684778,0.051157,66.079864,0.000852835946971708,-0.0357825246560639,0.0357926864025917,-9.05672680714377e-06,-0.0329593555712189,0.0329593568155439,0.0140370312943242,0.00465341995224189,0.014788257666465
2024-099-00:10:17.400000000,0.036979653646666,90.0262788749391,0.045366,54.601237,0.000852074376698574,-0.0356004139517878,0.0356106094342975,-9.00523304482185e-06,-0.0327754555502115,0.0327754567873296,0.014024736502881,0.00466523558001115,0.0147803131560953
2024-099-00:10:17.500000000,0.0319083967755738,90.0338713372901,0.046534,43.290742,0.000852927268781717,-0.035368918956559,0.0353792017021508,-7.37452106207844e-06,-0.032544395538529,0.0325443963740578,0.0140118338977965,0.00469068785618068,0.0147761308109925
2024-099-00:10:17.600000000,0.0342392862615057,90.0394496027554,0.052236,40.955527,0.000852713261259733,-0.0350996830256017,0.0351100394246951,-6.78002949198055e-06,-0.0322772208135374,0.0322772215256309,0.0139992805808266,0.0047140935373712,0.0147716801569691
2024-099-00:10:17.700000000,0.0390226982012679,90.0438015626519,0.058663,41.697768,0.000850790412354533,-0.0348047198995159,0.0348151169983602,-7.86312750546933e-06,-0.0319855575391564,0.0319855585056672,0.0139868616484919,0.00474231887499364,0.0147689501010117
2024-099-00:10:17.800000000,0.0440951757738572,90.0473999371102,0.064739,42.931411,0.000849059892210268,-0.0344920715798424,0.0345025202640261,-8.76760312413363e-06,-0.0316771631313996,0.0316771643447478,0.0139742661057795,0.0047723155977351,0.0147666891807041
2024-099-00:10:17.900000000,0.0433849613217925,90.0453493453554,0.06276,43.731812,0.000848359631270937,-0.0341929215842774,0.0342034442787932,-8.66435319706701e-06,-0.0313816622483891,0.031381663444486,0.0139614949750953,0.00479640722690637,0.0147624139024054
2024-099-00:10:18.000000000,0.0310685727836165,90.0328172267528,0.045191,43.432121,0.000848603656165276,-0.0339732564242566,0.0339838532281663,-7.63885629184231e-06,-0.0311620091060144,0.0311620100422847,0.01394888550764,0.00481895213579944,0.0147578354304544
2024-099-00:10:18.100000000,0.0145432340130273,90.0163444557627,0.021878,41.662566,0.000844504412023332,-0.0338552624357733,0.0338657936906402,-1.08864311940499e-05,-0.0310394788939727,0.0310394808030638,0.0139373859443787,0.00482645667467285,0.0147494207003211
2024-099-00:10:18.200000000,0.00557940943612194,90.0025439367847,0.006132,65.489343,0.000841830109759086,-0.0338255204788214,0.033835994349167,-1.27335326139758e-05,-0.0310011856732985,0.0310011882884057,0.0139260792496907,0.00481935622429885,0.0147364133250039
2024-099-00:10:18.300000000,0.015093151543758,89.9907905190462,0.017681,121.390545,0.000841205952897688,-0.0338693084707376,0.0338797533010671,-1.25628197472791e-05,-0.0310330386179388,0.0310330411607841,0.0139145737746539,0.00482552394539621,0.0147275607171682
2024-099-00:10:18.400000000,0.0259880145167491,89.980520687602,0.032478,126.853385,0.000842143571507827,-0.0339753001193087,0.0339857355958662,-1.08856051438289e-05,-0.0311277216686295,0.0311277235720196,0.0139030438065317,0.00480665569370628,0.0147104916996061
2024-099-00:10:18.500000000,0.02659515934571,89.9830823193099,0.03152,122.461204,0.000840409761192258,-0.0340678043627233,0.0340781687105322,-1.17974668991092e-05,-0.0312060267634519,0.0312060289934734,0.013892283976714,0.00478668900960499,0.0146938063742632
2024-099-00:10:18.600000000,0.0180532490497186,90.009777635855,0.020531,61.560035,0.000841534172742053,-0.0339908697000888,0.0340012853100042,-9.92182739771625e-06,-0.0311226974206374,0.0311226990021625,0.0138802920306634,0.00477381816781721,0.0146782780582696
2024-099-00:10:18.700000000,0.0388265762040702,90.0441061492203,0.058761,41.357421,0.000841928033602307,-0.0337014652588561,0.0337119801169799,-8.75278398565746e-06,-0.0308365432872765,0.0308365445294914,0.013867640421908,0.00480300152684601,0.0146758398239495
2024-099-00:10:18.800000000,0.0603301896291897,90.0694582896658,0.092001,40.976996,0.000843336020949507,-0.033405146918338,0.0334157905230443,-6.39382099834847e-06,-0.0305116447777427,0.0305116454476664,0.0138541705623749,0.00485346001486183,0.0146797178476712
2024-099-00:10:18.900000000,0.0773207672525471,90.0886352264148,0.117621,41.099783,0.000841903125113332,-0.0331444429119693,0.0331551337927759,-6.9287511337628e-06,-0.0303319927481312,0.0303319935395001,0.0138409936410006,0.00488816182316557,0.0146788020962091
2024-099-00:10:19.000000000,0.09152421737878,90.1043572351693,0.138806,41.251709,0.00083936870576883,-0.0329060050989015,0.0329167086962405,-8.21151545572871e-06,-0.0302803050258215,0.0302803061392347,0.0138270654993572,0.00495195342996807,0.0146870549497197
2024-099-00:10:19.100000000,0.0943916903369188,90.1076536107388,0.143175,41.244629,0.000837998699831631,-0.0326696059539917,0.0326803518189448,-8.81757552062454e-06,-0.0302389316192767,0.030238932904865,0.0138132290361137,0.00505120668945881,0.0147078205531537
2024-099-00:10:19.200000000,0.0778387203639754,90.0895407018098,0.118644,41.000822,0.000835150857184608,-0.032401596055066,0.0324123572711076,-1.06354239329509e-05,-0.0300687570435909,0.030068758924484,0.0138002791728712,0.00508212688646476,0.0147063156140248
2024-099-00:10:19.300000000,0.0564637067946087,90.0641223351653,0.085439,41.365942,0.000834959850762952,-0.0321058334495033,0.0321166887994331,-1.01143207382301e-05,-0.029725148763859,0.0297251504846154,0.0137871700842932,0.00513245564477527,0.0147114975403191
2024-099-00:10:19.400000000,0.0434982035009154,90.045280958549,0.062789,43.849619,0.000833985123151899,-0.0318106230817352,0.0318215535766854,-1.02975008378163e-05,-0.0294330821321493,0.0294330839334985,0.0137748196408789,0.00515752724964476,0.0147086961852359
2024-099-00:10:19.500000000,0.0370322421672426,90.0309800693626,0.048282,50.085158,0.000832274740793301,-0.0316050793477674,0.0316160358334633,-1.12102859833144e-05,-0.0292266520469541,0.029226654196884,0.0137629889274056,0.00517035485253108,0.0147021234356463
2024-099-00:10:19.600000000,0.0352224285502446,90.0192405508928,0.040135,61.354055,0.000832249810746622,-0.0314744068169601,0.0314854081159351,-1.04610788215718e-05,-0.02909160335983,0.0290916052406849,0.013751156934736,0.00518796655729842,0.014697255323474
2024-099-00:10:19.700000000,0.0409463486455083,90.0135241801133,0.043122,71.722117,0.000830496265106022,-0.0313811014600171,0.0313920890176211,-1.14172881370123e-05,-0.0289923621460018,0.0289923643940846,0.0137398216664309,0.00518777899997072,0.0146865840268547
2024-099-00:10:19.800000000,0.0564323651892268,90.0176026491002,0.059114,72.676015,0.000831614946191486,-0.0312622933048124,0.0312733523322148,-9.57312316918214e-06,-0.0288689499638033,0.0288689515510569,0.0137274981483513,0.00519844342196334,0.0146788289527586
2024-099-00:10:19.900000000,0.0739787094239992,90.0258348702892,0.07836,70.74977,0.000832751556414109,-0.0310903957293901,0.0311015462921827,-7.69328205745482e-06,-0.0286946525476004,0.0286946535789177,0.0137152059612673,0.00521372722650964,0.0146727579599894
2024-099-00:10:20.000000000,0.0869645504241622,90.0326766520697,0.092901,69.406466,0.000830386114322749,-0.030871088736185,0.0308822547890576,-9.22987072015788e-06,-0.0284748844791516,0.0284748859750402,0.0137037010009384,0.00523299226184645,0.0146688659798795
2024-099-00:10:20.100000000,0.0964234838112132,90.0387728580059,0.103927,68.094462,0.000826569550683096,-0.0306175467081749,0.030628701958284,-1.2196564586946e-05,-0.0282225884936425,0.0282225911290525,0.0136922167848737,0.00525141809709358,0.0146647261315873
2024-099-00:10:20.200000000,0.103792375862597,90.0443178635003,0.112858,66.878234,0.000824885967291371,-0.0303364847287455,0.0303476974836057,-1.30858730887593e-05,-0.0279442511396125,0.0279442542035712,0.0136799010945224,0.00527821345809538,0.0146628520849504
2024-099-00:10:20.300000000,0.0980805084258735,90.0440980408909,0.107538,65.790832,0.000824721965777793,-0.0300542559849568,0.0300655694961886,-1.24785526161732e-05,-0.0276646848903385,0.0276646877046534,0.0136674641872408,0.00530460609701906,0.0146607783952299
2024-099-00:10:20.400000000,0.0687561273032126,90.0324781333454,0.076041,64.715502,0.000827369565746359,-0.0298467830024661,0.0298582483745216,-9.12200275462558e-06,-0.0274565655862124,0.0274565671015317,0.0136548775642232,0.00532224575243371,0.0146554420316558
2024-099-00:10:20.500000000,0.0324392160907747,90.0169831901077,0.036616,62.366198,0.000828384142577684,-0.0297283887171116,0.0297399279757595,-7.38000528523303e-06,-0.0273333574800115,0.027333358476312,0.0136429007164767,0.00533463866860502,0.0146487920895962
2024-099-00:10:20.600000000,0.00590274407958651,90.005098785387,0.0078,49.179574,0.00082810937464962,-0.029684230205066,0.0296957789593696,-6.88788263439475e-06,-0.0272808927236441,0.0272808935931708,0.0136318282250286,0.00533183890886289,0.0146374603981275
2024-099-00:10:20.700000000,0.015267356347623,89.9957234528428,0.015855,105.648118,0.000826562935704642,-0.0296994486884234,0.0297109484648837,-7.67570697734277e-06,-0.027285658606527,0.0272856596861505,0.0136207509719564,0.00532478809362166,0.0146245760718739
2024-099-00:10:20.800000000,0.0317996976908798,89.9878074411614,0.034057,110.977693,0.000823052180164484,-0.0297633208434201,0.029774698697378,-1.03659554915475e-05,-0.0273365221498207,0.0273365241151956,0.0136105544555971,0.00532086767144545,0.0146136520201423
2024-099-00:10:20.900000000,0.0494704329681052,89.9799688556079,0.053372,112.043583,0.000821031163168742,-0.0298715232573363,0.0298828043176084,-1.16698257527767e-05,-0.027434259888078,0.0274342623700992,0.013600169877808,0.0053031005532748,0.0145975167814043
2024-099-00:10:21.000000000,0.0733940664645624,89.9708336152038,0.078977,111.67258,0.00082379445031743,-0.0300044050087502,0.0300157118393931,-7.79726043349831e-06,-0.0275851775009526,0.0275851786029443,0.0135889339689949,0.0052838917373609,0.0145800767592579
2024-099-00:10:21.100000000,0.0969307775229527,89.9623307848301,0.103993,111.23709,0.000823272522621329,-0.0301492013283427,0.0301604396251687,-6.71642749479738e-06,-0.0277839937968648,0.0277839946086703,0.013578749407865,0.00525365463064998,0.0145596470582135
2024-099-00:10:21.200000000,0.113484338072038,89.9563570616008,0.121587,111.035336,0.000820259452827144,-0.0303066212600625,0.0303177195344706,-8.13263708331408e-06,-0.0280159041535091,0.0280159053339062,0.013569279255297,0.00522167752654979,0.01453930038549
2024-099-00:10:21.300000000,0.124785522497707,89.9524278330407,0.133546,110.868388,0.000818852473607801,-0.0304952961207458,0.0305062879561822,-9.23297252515143e-06,-0.0282592038456631,0.028259205353982,0.0135598374614032,0.00518388251531214,0.0145169497454608
2024-099-00:10:21.400000000,0.132702222676988,89.949638937654,0.141937,110.781932,0.000821475859002905,-0.0307075792798418,0.0307185651978522,-6.69134817578289e-06,-0.0285033055975767,0.0285033063829969,0.0135496908706581,0.00513799732620956,0.0144911400246679
2024-099-00:10:21.500000000,0.127292311269154,89.9454915862996,0.138472,113.181274,0.000823572496330648,-0.030972346893774,0.0309832945918439,-4.11537269678367e-06,-0.0287600784256856,0.0287600787201266,0.0135399443055007,0.00508039303609505,0.014461690260729
2024-099-00:10:21.600000000,0.101025240189769,89.9370003933449,0.119059,121.947742,0.000821987516393103,-0.0313425168329892,0.031353293685087,-6.61174183050598e-06,-0.0290212751461582,0.0290212758993148,0.0135313482131357,0.00502340968862829,0.0144337115588796
2024-099-00:10:21.700000000,0.0764233062671001,89.9277489774812,0.10517,133.392492,0.000822224282979017,-0.0317989916430938,0.0318096199645495,-4.39545251914889e-06,-0.0292721730194746,0.0292721733494809,0.0135216444951937,0.0049711818986306,0.0144065096162698
2024-099-00:10:21.800000000,0.069763576702423,89.9209203403388,0.105454,138.581442,0.00082164481890253,-0.0323028435686762,0.0323132914267611,-4.76286872640978e-06,-0.0295226088918547,0.0295226092760504,0.0135126582467535,0.00491991061168078,0.0143804538635081
2024-099-00:10:21.900000000,0.0738191338197628,89.915954638965,0.111861,138.706331,0.000823058641438841,-0.0328139908181123,0.0328243114008261,-2.96166147879247e-06,-0.0297673746724327,0.0297673748197658,0.013503187959005,0.00487953358253366,0.0143577830126831
2024-099-00:10:22.000000000,0.0824659680519389,89.9119850921347,0.120612,136.864217,0.000820614197202017,-0.0333484843481221,0.0333585793459133,-2.59899568533805e-06,-0.030002435077882,0.0300024351904525,0.0134944404567274,0.00483633274605025,0.0143349237064827
2024-099-00:10:22.100000000,0.0898668399078807,89.9063881790206,0.129766,136.169265,0.000821512818760977,-0.0338548567583662,0.0338648225957391,-1.94457360538181e-06,-0.0302312302207883,0.030231230283329,0.0134853722255481,0.00479663740274172,0.0143130358217593
2024-099-00:10:22.200000000,0.0936498091070516,89.8960888066919,0.139885,137.973249,0.000823819945358243,-0.0343676296807858,0.0343775020788014,3.06115374531307e-05,-0.030518386371282,0.0305184017237646,0.0165981821591121,0.00550636434503565,0.0174877013723173
2024-099-00:10:22.300000000,0.0999037303734462,89.8849381590813,0.152381,139.033438,0.000947607557127844,-0.0349618298304669,0.0349746694791652,-4.70977810625684e-05,-0.0314748905630555,0.031474925800664,0.0165873596667175,0.00536805561465994,0.0174343489065445
2024-099-00:10:22.400000000,0.107368299257734,89.8769595349682,0.1633,138.891151,0.000812871426027387,-0.0355084837923841,0.0355177868284224,-0.000177027296980023,-0.0318645232332888,0.0318650149780081,0.0165634388553198,0.00524540706025765,0.0173741705396752
2024-099-00:10:22.500000000,0.114513014844394,89.8711566002308,0.172377,138.369989,0.00117735089908988,-0.0361945352704115,0.036213678887689,-0.000230047842668613,-0.0323627765881188,0.0323635942148335,0.0165530107042368,0.00517809627541216,0.0173440146567055
2024-099-00:10:22.600000000,0.121188193370159,89.8667891295939,0.180088,137.705667,0.00154821437995108,-0.0370424503736431,0.0370747905921274,-0.000141829319438723,-0.0326915084653483,0.0326918161210997,0.016536751532417,0.00513898336050609,0.0173168502108338
2024-099-00:10:22.700000000,0.118666052337782,89.874209795504,0.17293,136.669226,0.00212394207481876,-0.0381301703163982,0.0381892788396785,-0.000139360168070107,-0.0330068895248709,0.0330071837235999,0.0165268674090945,0.00505357468839085,0.0172822441681899
2024-099-00:10:22.800000000,0.100221152278602,89.9037780466642,0.138935,133.833688,0.00212060089950943,-0.0386215583619201,0.0386797326577912,-0.000137957525211649,-0.0332300428181037,0.0332303291884352,0.0165159649189554,0.00500569291907255,0.0172578694746547
2024-099-00:10:22.900000000,0.0814093944510345,89.939774480816,0.101265,126.493489,0.00212064534983872,-0.0389481860545456,0.0390058756296958,-0.000135426072626107,-0.0334823173611994,0.0334825912392876,0.0165038862678454,0.00495210560566872,0.0172308331740421
2024-099-00:10:23.000000000,0.0729281671646928,89.9662787387975,0.080347,114.81534,0.00212014769859544,-0.0390801387321387,0.0391376068454251,-0.000133919509306261,-0.0336517411728185,0.0336520076428931,0.0164913065749387,0.00492766012337318,0.0172117700089241
2024-099-00:10:23.100000000,0.0705223073209194,89.9861057151453,0.071878,101.145643,0.00211845705717457,-0.0391441611318069,0.0392014439914649,-0.00013356928449626,-0.0337054160084113,0.0337056806644493,0.016478757192428,0.00491857565675587,0.0171971458416282
2024-099-00:10:23.200000000,0.0707954166606542,90.0021149257956,0.070827,88.288869,0.00211519636662788,-0.0391099508327941,0.0391671074986776,-0.000134795209640649,-0.0336652493484986,0.0336655192065283,0.0164659532997439,0.00491649084129116,0.0171842806151973
2024-099-00:10:23.300000000,0.0717773980780673,90.0110894918944,0.072629,81.21734,0.0021158071326403,-0.0390237687071517,0.0390810844774272,-0.000132249762566367,-0.0335754999025827,0.033575760359343,0.0164520431867816,0.00490810565087552,0.0171685534073166
2024-099-00:10:23.400000000,0.0712016957885986,90.0097488728452,0.071866,82.203595,0.00211582741487621,-0.038948413191196,0.0390058407903441,-0.00013024569089381,-0.0334960813996087,0.0334963346214061,0.016438611873639,0.00489983601559088,0.0171533190173746
2024-099-00:10:23.500000000,0.0698370739376348,90.0036996399295,0.069935,86.967575,0.00211112176521214,-0.0389049897138615,0.0389622260624727,-0.000132920124122782,-0.0334471997894309,0.0334474639025667,0.0164260355615091,0.00489301358341677,0.0171393181368298
2024-099-00:10:23.600000000,0.0689539647980241,89.9986086827941,0.068968,91.155927,0.00211187518595568,-0.0388979013675837,0.0389551889689079,-0.000130251253564956,-0.0334332695040478,0.0334335232232463,0.0164123965695774,0.00488566298835376,0.0171241485625664
2024-099-00:10:23.700000000,0.0684303989876061,89.9939083735307,0.068701,95.087019,0.00211141138309881,-0.0389154084691101,0.038972645205918,-0.000128738666961891,-0.0334426350194323,0.0334428828106569,0.0163993637135322,0.00488082845268157,0.0171102780980679
2024-099-00:10:23.800000000,0.068214268377703,89.9892315681047,0.069059,98.970785,0.00211370553710398,-0.0389602312032093,0.0390175264016712,-0.000124564528736849,-0.0334783141076332,0.0334785458437365,0.0163855310026047,0.0048843649286961,0.0170980305004406
2024-099-00:10:23.900000000,0.0645923722508125,89.9819387020066,0.06707,105.622031,0.0021110704009031,-0.0390461681356824,0.0391031950653338,-0.000125237269607793,-0.0335543060626238,0.0335545397780677,0.0163731378874896,0.00486358986746801,0.0170802268919849
2024-099-00:10:24.000000000,0.056398483265915,89.9691471040461,0.064286,118.680938,0.00210957873004543,-0.0391737715998047,0.0392305328000007,-0.00012431682755239,-0.0337046781495974,0.0337049074148196,0.0163608853203516,0.00483848014132192,0.0170613439840964
2024-099-00:10:24.100000000,0.0516110643016036,89.955491644813,0.068152,130.77382,0.00210717508849016,-0.039326523517315,0.0393829358835967,-0.000124416083733163,-0.0339256709859282,0.0339258991215758,0.0163490219684917,0.00479980483404844,0.0170390330057542
2024-099-00:10:24.200000000,0.0524700420695823,89.9455831169396,0.075593,136.043459,0.00210757867914785,-0.0395784385172675,0.0396345137898009,-0.000122420090850694,-0.0341691560638038,0.0341693753643701,0.0163372877791538,0.00474211202899743,0.0170116018785548
2024-099-00:10:24.300000000,0.0551791969932736,89.9385895296704,0.082559,138.059316,0.00210409187979586,-0.0399163599356071,0.039971777457946,-0.00012234215727689,-0.0344208163942101,0.0344210338143317,0.0163261748385321,0.00468204386045052,0.0169842727124095
2024-099-00:10:24.400000000,0.0583259297097693,89.9332598270371,0.088635,138.84895,0.00210194016208982,-0.0403201819297021,0.0403749331056942,-0.000121334288541263,-0.0346696566277478,0.034669868945462,0.0163148044577994,0.00462644720277259,0.0169580912315117
2024-099-00:10:24.500000000,0.0585547209185777,89.9334511430302,0.088642,138.656221,0.00210499352880176,-0.0407337771069233,0.0407881305670265,-0.000116678837087715,-0.0349225288276502,0.0349227237435611,0.0163027811636068,0.004574021808246,0.0169322871807314
2024-099-00:10:24.600000000,0.0576018445193204,89.9425854124847,0.081329,134.906703,0.00210509736422584,-0.0410200969049615,0.0410740768004018,-0.000114923122270009,-0.0351640346148478,0.0351642224102603,0.0162912471819622,0.00451147481417882,0.0169043822644532
2024-099-00:10:24.700000000,0.0660366964707332,89.954821733466,0.080012,124.377531,0.00210225919031282,-0.0411757117097613,0.0412293430521107,-0.00011607761691882,-0.035386848960415,0.0353870393415495,0.0162797738105986,0.00448179252839879,0.0168854226950901
2024-099-00:10:24.800000000,0.0780861155653627,89.9642493984914,0.085881,114.599977,0.00210007377373217,-0.041305083647173,0.0413584362005514,-0.000116645502393418,-0.0355599624000866,0.0355601537126711,0.0162676478817089,0.00445629808312638,0.0168669783959352
2024-099-00:10:24.900000000,0.0899239374357254,89.9716899000511,0.094275,107.475173,0.0021001058594614,-0.0414232074880006,0.0414764097194405,-0.000114141755419351,-0.0356940572464218,0.0356942397460874,0.0162551333242836,0.00442843076107351,0.0168475623873561
2024-099-00:10:25.000000000,0.100908805204563,89.97802427231,0.103274,102.285921,0.00209726550226549,-0.0415215851184137,0.0415745180769743,-0.000115126125170594,-0.0357898080743728,0.0357899932386853,0.0162430368267105,0.00440864836136286,0.0168306989078891
2024-099-00:10:25.100000000,0.114211762245325,89.978240938717,0.116266,100.786433,0.00209201362354576,-0.0416223582335917,0.0416748992311504,-0.000118450978713514,-0.0358865615700814,0.0358867570554599,0.0162315979712295,0.00438897867573158,0.0168145147570677
2024-099-00:10:25.200000000,0.133045979084277,89.9673610134157,0.136991,103.783631,0.00209122767904921,-0.0417509111864484,0.0418032512862854,-0.000117693717795522,-0.036046507334855,0.0360466994723922,0.0162197308500124,0.00436477645456455,0.0167967539228616
2024-099-00:10:25.300000000,0.152200956339668,89.9527146716464,0.159377,107.258775,0.00209304584815655,-0.0419237782330345,0.0419759934040297,-0.000113867016040618,-0.0362769427458773,0.0362771214498201,0.0162076652597843,0.00433273065244792,0.0167767985050748
2024-099-00:10:25.400000000,0.165661011722495,89.9414870423176,0.175691,109.453625,0.00208959216571619,-0.0422204247471321,0.0422721026357487,-0.000115049761797191,-0.0365227255733898,0.0365229067813178,0.0161975667173901,0.00427366294700203,0.0167518763888969
2024-099-00:10:25.500000000,0.174898004417534,89.9327405000994,0.187385,111.034889,0.00209235470610063,-0.0426308130885275,0.0426821294314742,-0.000112926676230713,-0.0367675462997061,0.036767719719004,0.0161865063595564,0.00421758403366283,0.0167269543913101
2024-099-00:10:25.600000000,0.181402527212347,89.9253128877549,0.196176,112.377889,0.00209200051620026,-0.0431003946458599,0.0431511353823819,-0.000110494661547793,-0.0370101602560902,0.0370103251978648,0.0161757999832367,0.00417465178489315,0.0167058140365201
2024-099-00:10:25.700000000,0.183231725330883,89.9262764053365,0.197507,111.917399,0.00209400985502422,-0.04355519820278,0.0436055061632862,-0.00010902820317251,-0.0372539997687724,0.0372541593103479,0.0161651088016873,0.00412893420576346,0.0166840894341259
2024-099-00:10:25.800000000,0.178952453293862,89.9422629443439,0.188036,107.881672,0.00209218310614898,-0.043840996632345,0.0438908898960472,-0.000109542491398593,-0.0374955740429868,0.0374957340556299,0.0161546095565717,0.00407619195435389,0.0166609348709494
2024-099-00:10:25.900000000,0.173824317378755,89.9633404485167,0.177648,101.909123,0.00209084060225693,-0.0439706758550235,0.0440203583535118,-0.000108548530469162,-0.037673517985047,0.037673674364908,0.0161433085394257,0.00404731859426064,0.0166429323859271
2024-099-00:10:26.000000000,0.17088964967825,89.9793065240562,0.172138,96.904459,0.00208602113011078,-0.0440616930212827,0.0441110448307113,-0.000111365620727667,-0.0377602462414178,0.0377604104653801,0.0161320174674975,0.00402782797806171,0.0166272482928626
2024-099-00:10:26.100000000,0.169170345224587,89.9915550213241,0.169381,92.857823,0.00208106167570978,-0.0440886172005835,0.0441377047925886,-0.000114368272612028,-0.0377794888591286,0.0377796619698853,0.0161202449503555,0.00403221722162742,0.016616891194861
2024-099-00:10:26.200000000,0.168076425580177,90.0016977624861,0.168085,89.421269,0.00207539002181839,-0.0440564942097044,0.0441053503080112,-0.000118057564845143,-0.0377422299450394,0.0377424145864152,0.0161085566949102,0.00402839099687292,0.0166046238384621
2024-099-00:10:26.300000000,0.15591569617985,90.004748882439,0.155988,88.255428,0.00207542610044222,-0.0440052465453475,0.0440541611770695,-0.000116153768611736,-0.0376866667829486,0.0376868457808154,0.0160955842212092,0.00402271860415876,0.016590662927993
2024-099-00:10:26.400000000,0.121647207791189,89.9955657187559,0.121728,92.087617,0.00207167730664028,-0.0440085973499355,0.0440573318253796,-0.000117969383962995,-0.0376833546890321,0.0376835393427283,0.0160835394123634,0.00402330821016088,0.0165791208748532
2024-099-00:10:26.500000000,0.0829057554656462,89.9818697996404,0.084865,102.335495,0.00206969225990446,-0.0440904162042429,0.0441389672184803,-0.000118062092209707,-0.0377559696549293,0.0377561542432695,0.0160717488593588,0.00400522534174979,0.0165633010428626
2024-099-00:10:26.600000000,0.0575268467609191,89.9711538651228,0.064354,116.630908,0.00206892051091108,-0.0442043254305631,0.0442527153839354,-0.000117598537944579,-0.0378882681962202,0.0378884506983967,0.0160598210997064,0.00398958631808049,0.0165479501070069
2024-099-00:10:26.700000000,0.0441575259803544,89.9623721724701,0.058015,130.435211,0.00206771312341913,-0.0443319216280674,0.0443801161872957,-0.000118103023340777,-0.0380663116379302,0.038066494848359,0.0160482669518686,0.00395533706156061,0.0165285075983584
2024-099-00:10:26.800000000,0.0409962746316566,89.9546669826943,0.061121,137.875822,0.00206709651051618,-0.0444827520659243,0.0445307547582823,-0.000116764475153234,-0.0382834851706348,0.0382836632358095,0.0160367451755868,0.0039186413865345,0.0165085718989551
2024-099-00:10:26.900000000,0.0450152838107794,89.9479057624797,0.068849,139.169283,0.00206341387114245,-0.0446990292451971,0.044746629954295,-0.000120356985433623,-0.0385163833717258,0.0385165714185686,0.016026409746855,0.00387285283516059,0.0164877165931763
2024-099-00:10:27.000000000,0.0504977185674914,89.9420234140811,0.076885,138.94406,0.00206294669325758,-0.0449818982356829,0.0450291785173187,-0.000119162748650166,-0.0387519598149229,0.0387521430279419,0.0160152463012921,0.00381093329037547,0.0164624216515901
2024-099-00:10:27.100000000,0.0564835220846144,89.9375155547539,0.08423,137.887623,0.00206106971024272,-0.0453267217453183,0.0453735574153933,-0.000118700634284079,-0.0389891540609754,0.0389893347497884,0.0160042566988673,0.00375687109596783,0.0164392917400646
2024-099-00:10:27.200000000,0.0617818936386765,89.9346324055017,0.089944,136.615334,0.00206052286277259,-0.0457093021528478,0.0457557215850471,-0.000116790306956683,-0.0392285521161604,0.0392287259684292,0.0159931375476083,0.00370631285741016,0.0164169791257016
2024-099-00:10:27.300000000,0.0662214329757006,89.9331482430398,0.094098,135.27137,0.0020625132861951,-0.0461025472290369,0.0461486600245479,-0.000113900208295158,-0.0394701591821562,0.0394703235244176,0.0159817876615934,0.00365429128111026,0.0163942484313084
2024-099-00:10:27.400000000,0.0699914965214337,89.9327351938879,0.097074,133.861909,0.00205991528996155,-0.046497532622509,0.0465431390323333,-0.000113162117587318,-0.0397117558733485,0.0397119171056911,0.0159711692293887,0.00359965709798627,0.0163717982450571
2024-099-00:10:27.500000000,0.0728689356566879,89.9359362418752,0.097026,131.320756,0.00205884781945769,-0.0468460121627233,0.0468912327615056,-0.000111109570626007,-0.0399519052999652,0.0399520598021437,0.0159602466876127,0.00354617263924934,0.0163494591567065
2024-099-00:10:27.600000000,0.0760315805429432,89.9456220350527,0.093476,125.572419,0.00206011315168453,-0.0470812491679432,0.0471262993392405,-0.000107582927153161,-0.0401813038482994,0.0401814478713196,0.0159485605958648,0.00349996329842874,0.0163280840324369
2024-099-00:10:27.700000000,0.0812760413046601,89.9570063125716,0.091947,117.878085,0.00205930895838161,-0.0472154428342267,0.0472603300392433,-0.000107633361647303,-0.0403867129998681,0.0403868564247609,0.0159376846611922,0.00346411970332022,0.0163098104734093
2024-099-00:10:27.800000000,0.0864769558765269,89.9656293402978,0.093057,111.675556,0.00205785954122906,-0.0473326347686524,0.0473773479632838,-0.000107038324666858,-0.0405442885168076,0.0405444298090019,0.0159260042164957,0.00344045572842659,0.0162933835013818
2024-099-00:10:27.900000000,0.0907673820720315,89.9721870985348,0.094933,107.036075,0.00205849213661084,-0.0474377996767015,0.047482441260358,-0.000104950744220925,-0.0406652073542369,0.0406653427850029,0.0159140975099832,0.00342021558827636,0.016277480585998
2024-099-00:10:28.000000000,0.0942174318367556,89.9775206086034,0.096862,103.419341,0.00205592703096536,-0.0475332390243281,0.0475776801462678,-0.000105654830271135,-0.0407596558113096,0.0407597927472599,0.0159029115822554,0.00339855423107087,0.0162620038019478
2024-099-00:10:28.100000000,0.0835310276823901,89.9785867899842,0.086232,104.378165,0.00205467287259524,-0.0476193372351274,0.0476636439996584,-0.000105230510295617,-0.0408431653107308,0.0408433008712564,0.0158910451544695,0.00338426510785778,0.0162474172231051
2024-099-00:10:28.200000000,0.0476429664693588,89.9721793751798,0.055171,120.28235,0.00205292796386484,-0.0477277695827046,0.0477719007635719,-0.000105460716300941,-0.0409659667373441,0.0409661024834908,0.0158796501839915,0.00336600434048338,0.0162324759413373
2024-099-00:10:28.300000000,0.0325001569662423,89.9630891297408,0.04918,138.635958,0.00205373920592189,-0.0478507153658532,0.0478947680415079,-0.000103263425691018,-0.0411346386149937,0.0411347682298226,0.015867731620352,0.00333444974055028,0.016214298068303
2024-099-00:10:28.400000000,0.0570155192846305,89.956070786785,0.071976,127.613455,0.00205238213844612,-0.047988100911159,0.0480319695775823,-0.000102770176095251,-0.041345101895569,0.0413452296216151,0.0158566547927405,0.00330257489155309,0.0161969287869787
2024-099-00:10:28.500000000,0.0811502280358401,89.9505880356359,0.09501,121.337004,0.00204983730000431,-0.0481691484777583,0.0482127441453898,-0.000103134222122226,-0.0415669860639834,0.0415671140098897,0.0158459067995348,0.00326664304643283,0.0161791136683179
2024-099-00:10:28.600000000,0.101498012874599,89.9458508728544,0.115039,118.079865,0.00204570755837131,-0.0483993035378534,0.0484425175064596,-0.000105393923575079,-0.0417964381212365,0.0417965710017159,0.0158357970889172,0.00321764083913928,0.016159383713838
2024-099-00:10:28.700000000,0.115000730196152,89.941130075953,0.129193,117.108286,0.00204573562673222,-0.0486875815586019,0.0487305410628693,-0.00010407914426676,-0.0420314941358545,0.0420316229969846,0.0158252829492869,0.00315416142266962,0.0161365521318914
2024-099-00:10:28.800000000,0.119121799849729,89.9356599461134,0.135387,118.374325,0.00204602263355437,-0.0490430891669401,0.0490857494967068,-0.00010463811373938,-0.0422666580084597,0.0422667875327537,0.0158150143617701,0.00309650252444206,0.0161153035077491
2024-099-00:10:28.900000000,0.117901229815484,89.9305177956147,0.136852,120.511889,0.00204633948472275,-0.0494580551342655,0.0495003709375069,-0.000105210936598432,-0.042501906925011,0.0425020371465119,0.0158047962234991,0.00305085942314362,0.0160965625798216
2024-099-00:10:29.000000000,0.115361072663534,89.9267292299923,0.136663,122.421341,0.00204499612493029,-0.0499000972196832,0.0499419834576563,-0.000104524030887205,-0.0427346127148557,0.0427347405416453,0.0157947616073165,0.00300228818923534,0.0160775691136185
2024-099-00:10:29.100000000,0.111723353181211,89.9239885119354,0.135129,124.229548,0.00204285294361314,-0.0503493745241438,0.0503908003818328,-0.000104070237229075,-0.0429626436560598,0.0429627697027537,0.0157846541775335,0.00295272949084954,0.0160584531929591
2024-099-00:10:29.200000000,0.107525082407183,89.9220151208443,0.132828,125.952267,0.00204211638038656,-0.0507938638912816,0.0508348979375102,-0.000105664360106191,-0.0431878042660715,0.0431879335264088,0.0157747114519771,0.00290816242640843,0.016040540205726
2024-099-00:10:29.300000000,0.0892289329401653,89.9282472879359,0.1145,128.804185,0.0020412980513993,-0.0512133505492003,0.051254016156882,-0.000103858659223067,-0.0434231523981363,0.0434232766015286,0.0157644074097366,0.00285785303403017,0.0160213565263455
2024-099-00:10:29.400000000,0.047170487401771,89.9500729304139,0.068686,136.62617,0.00203998179539658,-0.0513984868913427,0.0514389539205948,-0.000102954083978232,-0.0436399817243756,0.0436401031672388,0.0157534148805842,0.00281747425475048,0.0160033821917741
2024-099-00:10:29.500000000,0.0370572129180704,89.9763739602858,0.043948,122.519778,0.00203735043028614,-0.0514938749812776,0.0515341630121537,-0.000103872648577659,-0.0437384481324366,0.0437385714737115,0.0157423636187556,0.00279665929167031,0.0159888497240672
2024-099-00:10:29.600000000,0.069257610019731,89.9963258353426,0.069355,93.036733,0.00203968555265916,-0.0514866965439128,0.0515270825698359,-9.97855247033549e-05,-0.043726219186103,0.0437263330438543,0.015729732106047,0.00280064045354049,0.015977110473362
2024-099-00:10:29.700000000,0.0986742168786252,90.0116536971668,0.09936,83.264418,0.00203772432855175,-0.0513935258609886,0.0514339073069826,-9.99414835511405e-05,-0.0436318471805706,0.0436319616415398,0.0157176442460797,0.00279673544749842,0.0159645253549743
2024-099-00:10:29.800000000,0.123221747043358,90.0243313207473,0.125601,78.830107,0.00203657893818384,-0.0512224310526188,0.0512629017585987,-9.92414773965988e-05,-0.0434627682734257,0.0434628815756657,0.0157053360632426,0.00280795631707148,0.0159543786948277
2024-099-00:10:29.900000000,0.139926707787002,90.0354970397915,0.144359,75.765345,0.00203400448100031,-0.0509937470893924,0.0510342964725257,-9.99894722051081e-05,-0.0432387968492321,0.0432389124616209,0.0156926098946371,0.00283401331982023,0.01594646157623
2024-099-00:10:30.000000000,0.146160184031926,90.046206377644,0.15329,72.456459,0.00202910649474661,-0.0507011998950707,0.0507417869607185,-0.000102991645542744,-0.0429537051595464,0.0429538286327574,0.0156802595517373,0.00285870314749282,0.0159387177431353
2024-099-00:10:30.100000000,0.145344555061239,90.0552486917723,0.155491,69.187135,0.00202580833937718,-0.0504003663738671,0.0504410629353498,-0.000104384437589285,-0.0426423275048929,0.0426424552663816,0.015666961548701,0.00291230856100718,0.0159353451585772
2024-099-00:10:30.200000000,0.140441271270306,90.0612511708186,0.153217,66.436408,0.00202227912378883,-0.0501077461311698,0.0501485377174676,-0.000105590983071618,-0.0423121520970219,0.0423122838492231,0.0156537955835903,0.00295581947946954,0.0159304169740796
2024-099-00:10:30.300000000,0.133537133342022,90.0647516492029,0.148408,64.131475,0.00201961184006137,-0.0498351175050464,0.0498760239867444,-0.000106031120060733,-0.0419965825105245,0.0419967163616599,0.0156403098769126,0.00299787691120966,0.0159250293255809
2024-099-00:10:30.400000000,0.126730079395618,90.0661658029858,0.142963,62.430972,0.00201614418507067,-0.049552969524907,0.0495939676383263,-0.000107688406971271,-0.0416770077137304,0.0416771468404849,0.0156275028011674,0.00303807537777665,0.0159200736745012
2024-099-00:10:30.500000000,0.122912896596037,90.0717414863917,0.142318,59.728899,0.00201371163001462,-0.0492867875650169,0.0493279075474316,-0.000108280564934817,-0.0413961727204308,0.0413963143357048,0.015614136719533,0.00307786221312155,0.0159146002557158
2024-099-00:10:30.600000000,0.125653793813506,90.0874702953428,0.153101,55.157451,0.00201403794477028,-0.0490354567704743,0.0490768007263312,-0.000105754443795138,-0.0412226620545347,0.0412227977078795,0.0155998390658039,0.00311739075895442,0.0159082715598834
2024-099-00:10:30.700000000,0.132692206500531,90.1059473378714,0.1698,51.394649,0.00201156650461711,-0.0488118190276368,0.048853250419898,-0.000106413160934715,-0.0411739736303323,0.0411741111412513,0.0155856683999588,0.00319452916883221,0.0159096849775221
2024-099-00:10:30.800000000,0.139387276460656,90.1198236170651,0.183811,49.31623,0.00200928263765389,-0.0486148480293044,0.0486563527777241,-0.000106845311237483,-0.0411977240937517,0.0411978626438972,0.015571226190311,0.00328751149364886,0.0159144844996846
2024-099-00:10:30.900000000,0.14531666038792,90.1302515113155,0.195147,48.129297,0.00200780159733785,-0.0484509892228319,0.0484925728738458,-0.000107519034517533,-0.0412797958782004,0.041279935902187,0.0155574683543035,0.00334962612377134,0.0159139818010518
2024-099-00:10:31.000000000,0.150791789646939,90.1388048740482,0.204951,47.370314,0.00200689684339962,-0.048312141447909,0.0483538069465354,-0.000107028098155569,-0.0414253065680625,0.0414254448288942,0.0155440787249043,0.00339918116805358,0.0159114052182475
2024-099-00:10:31.100000000,0.144454930706314,90.1385150952194,0.200134,46.20261,0.00200547893023323,-0.0481705114193938,0.0482122403145255,-0.000107332595566306,-0.0415583234182428,0.0415584620218474,0.0155306486917246,0.00344662976481292,0.0159084979027393
2024-099-00:10:31.200000000,0.116824689682128,90.1226690471875,0.169398,43.602152,0.00200281969199397,-0.0479733247037508,0.0480151139731038,-0.000108744375616729,-0.0415884825534699,0.0415886247240697,0.0155166694156521,0.00352746644967303,0.0159125751941099
2024-099-00:10:31.300000000,0.0878453418709229,90.1015991146603,0.13431,40.847617,0.00199970353211543,-0.0477394212602315,0.0477812845838012,-0.000109986193965351,-0.0415226702215206,0.041522815888232,0.015503801854419,0.00356919175322481,0.015909336935032
2024-099-00:10:31.400000000,0.0736794793736028,90.0853774760301,0.112774,40.793726,0.00200013933435152,-0.0474866226710916,0.0475287269981371,-0.000108403910418982,-0.0413373946397113,0.0413375367796271,0.0154903164843582,0.00360717783092703,0.0159047677345351
2024-099-00:10:31.500000000,0.0700896490055094,90.0724826138252,0.100828,44.038447,0.00199944438764959,-0.0472222723668934,0.0472645827798402,-0.000107046211057494,-0.0410605624131196,0.0410607019493456,0.0154769754516742,0.0036498467412632,0.0159015140903762
2024-099-00:10:31.600000000,0.072688626930883,90.0614396982096,0.095176,49.794022,0.00199721733968057,-0.0469417907335389,0.0469842590063234,-0.000107341397022922,-0.0407424863882112,0.0407426277904247,0.015463896458874,0.00370208233926768,0.0159008649870846
2024-099-00:10:31.700000000,0.0712779790638074,90.0574403095975,0.091542,51.135952,0.00199432812777173,-0.0466482378829401,0.0466908496631256,-0.000108366583778863,-0.040429389320805,0.0404295345529688,0.0154511002432673,0.00375570132387606,0.0159009996906377
2024-099-00:10:31.800000000,0.0612273550255171,90.0656399939492,0.089763,43.007986,0.00199060557572702,-0.0463748605572181,0.0464175635105887,-0.000110208198608314,-0.0401160990810811,0.0401162504644957,0.0154385806849962,0.00379649749902918,0.0158985271905064
2024-099-00:10:31.900000000,0.0671861687526046,90.0781035988245,0.103025,40.702752,0.00198809276389304,-0.0461159000433967,0.0461587342726206,-0.000111166096999926,-0.0398721650342957,0.03987232000302,0.0154259019327564,0.00383870763146556,0.0158963557685052
2024-099-00:10:32.000000000,0.0824791043014463,90.0872445196637,0.12006,43.391731,0.00198670319193117,-0.0458694025511703,0.0459124066018559,-0.000111072051872742,-0.0397033199032919,0.0397034752678383,0.0154128161189289,0.0038710677488775,0.015891509249669
2024-099-00:10:32.100000000,0.0970489907568133,90.0941318876263,0.135201,45.874211,0.00198729248228024,-0.0456247607092097,0.045668020771463,-0.000108987807898397,-0.039585490735555,0.0395856407693116,0.0153993014439714,0.0039032215963791,0.0158862715510198
2024-099-00:10:32.200000000,0.110069022599386,90.0998947917602,0.148641,47.774265,0.00198418349755009,-0.0453944068490868,0.0454377503550997,-0.000111077446681777,-0.0395085962145551,0.0395087523600014,0.0153861095398122,0.00393950564996121,0.0158824453890822
2024-099-00:10:32.300000000,0.120973493403624,90.1040071359924,0.159537,49.312714,0.00198190848869908,-0.0451654659925087,0.0452089292018517,-0.00011233465212504,-0.0394470291041078,0.0394471890533964,0.0153729025105526,0.00399513546037272,0.0158835524661734
2024-099-00:10:32.400000000,0.130160212157439,90.1061329235643,0.167946,50.806186,0.00197845882530578,-0.04495010517614,0.0449936246002639,-0.000114424160838151,-0.0394024014109655,0.0394025675538972,0.0153589573516522,0.00407274301348788,0.0158897705012937
2024-099-00:10:32.500000000,0.137779675467055,90.1068265696779,0.174342,52.212093,0.00197656464130449,-0.0447213814553219,0.0447650395627398,-0.000114145074066258,-0.0393487287742578,0.0393488943332343,0.0153447790552938,0.00415406118644577,0.0158971213934007
2024-099-00:10:32.600000000,0.143838237212024,90.1064648370904,0.178953,53.492316,0.00197700448340188,-0.0444983667612289,0.0445422629773593,-0.000113044726756185,-0.0392965111160307,0.0392966737142289,0.0153307685536444,0.00423465721052972,0.0159048667437393
2024-099-00:10:32.700000000,0.148689730292581,90.1055755369796,0.182359,54.623831,0.00197619387743002,-0.0442731498012022,0.0443172329411583,-0.000113041424191585,-0.0392450545370873,0.0392452173389642,0.0153165444692628,0.00430503619822783,0.0159100556613407
2024-099-00:10:32.800000000,0.152414965396561,90.1042687594242,0.184668,55.623616,0.00197364621582251,-0.0440487620908461,0.0440929554591342,-0.000114742187636464,-0.0391790654889903,0.0391792335090953,0.0153029076578259,0.00436861817829158,0.015914264279936
2024-099-00:10:32.900000000,0.14815677734992,90.1057620316801,0.182033,54.478851,0.00197163013386232,-0.0438312091345789,0.0438755309891966,-0.000115408916328813,-0.0391305010400836,0.0391306712294327,0.0152892439729897,0.00444328241798194,0.0159218007747726
2024-099-00:10:33.000000000,0.131195329871055,90.1131718824335,0.173263,49.218314,0.00197015730209089,-0.043620646450424,0.0436651155563325,-0.000115308704937591,-0.0391146177192525,0.039114787682163,0.0152752424451563,0.00455604362745469,0.0159402184832446
2024-099-00:10:33.100000000,0.117180610940497,90.1223304806065,0.169399,43.768301,0.00196933551100946,-0.0434362910429865,0.0434809114661359,-0.000114806437839199,-0.0391505164105489,0.039150684741532,0.0152612298089388,0.00463034910801347,0.0159482057969955
2024-099-00:10:33.200000000,0.113060060709428,90.1291914728782,0.171677,41.190387,0.00196966198225047,-0.0432756047949064,0.0433204055693071,-0.000113733541187631,-0.0392365059348181,0.0392366707722687,0.0152477132474777,0.00469305237948453,0.0159536046056649
2024-099-00:10:33.300000000,0.113957405562669,90.1342963528893,0.17613,40.316392,0.00196756787704432,-0.0431306982119565,0.0431755538656036,-0.000115309238787357,-0.0393549600125687,0.0393551289390777,0.0152349820014713,0.0047450227358647,0.0159568141353162
2024-099-00:10:33.400000000,0.11730541453814,90.1385216620408,0.181518,40.259263,0.00196689183211486,-0.0430026482257061,0.0430476064131685,-0.000115621045386794,-0.0394867227370762,0.0394868920116647,0.0152218593411344,0.00478973231485819,0.0159576482430613
2024-099-00:10:33.500000000,0.116780280231846,90.1363721473863,0.179541,40.574676,0.00196612009337055,-0.0428554019201116,0.0429004790411,-0.000115886216080981,-0.0395949529972316,0.0395951225843292,0.0152092136163526,0.00483770396933192,0.0159600613571106
2024-099-00:10:33.600000000,0.106995361570794,90.1226624758931,0.16277,41.097419,0.00196521659306207,-0.0426654744377844,0.0427107104279346,-0.000114639770438445,-0.039629771519383,0.0396299373322172,0.0151955302936258,0.00491294092358415,0.0159700071829391
2024-099-00:10:33.700000000,0.0942834155216477,90.1053515637079,0.14138,41.826702,0.00196453575820554,-0.0424435607376706,0.0424890015043611,-0.000113728475395857,-0.0395733723739704,0.0395735357936973,0.0151821187800165,0.00498354087592121,0.0159791242035509
2024-099-00:10:33.800000000,0.0849570715952382,90.092333769652,0.125472,42.617451,0.0019635632777138,-0.0421976961266326,0.0422433561538523,-0.000113657355694931,-0.0394373266477129,0.039437490426153,0.0151691752219964,0.00501727105348936,0.0159773866993264
2024-099-00:10:33.900000000,0.0777159459488625,90.0825023931993,0.113342,43.288852,0.00196218583686638,-0.0419468927079307,0.0419927610560326,-0.000113157228304031,-0.039228106803667,0.0392282700097547,0.0151565865077001,0.00505533115693889,0.0159774368304717
2024-099-00:10:34.000000000,0.0714749944711883,90.0744139801233,0.10318,43.845935,0.00196070566778779,-0.0416990633607222,0.041745134469507,-0.000113055005790673,-0.038974297470171,0.0389744614424332,0.0151439669864144,0.0050926219423722,0.0159773131137103
2024-099-00:10:34.100000000,0.0642673313361031,90.0651191059931,0.091492,44.622835,0.00195871473326819,-0.0414447516532684,0.0414910111109312,-0.00011333388162121,-0.0386715417016986,0.0386717077739649,0.0151313594931223,0.00514142310078733,0.0159809972032853
2024-099-00:10:34.200000000,0.054721180582433,90.0514923540231,0.075139,46.741233,0.00195632774154839,-0.0411479286527042,0.0411944080020624,-0.000113962814060509,-0.0383743538400613,0.0383745230610781,0.0151193265617122,0.00517495580933433,0.0159804318874134
2024-099-00:10:34.300000000,0.0460291190877642,90.037346051626,0.059274,50.945616,0.00195622047802057,-0.0409215345880261,0.0409682656649954,-0.00011238485334833,-0.0381494856271351,0.0381496511644635,0.0151074553777089,0.00518762160822512,0.015973309799149
2024-099-00:10:34.400000000,0.0406442723333564,90.0263804902954,0.048455,57.014096,0.00195653093549751,-0.0407629355268654,0.0408098630978951,-0.000110447995335388,-0.0379895415728894,0.0379897021267338,0.0150952998821684,0.00519967047721842,0.0159657336694638
2024-099-00:10:34.500000000,0.0377107262014671,90.0177564157105,0.041682,64.786204,0.0019564069115656,-0.0406508994639003,0.0406979502583085,-0.000108920020619843,-0.0378739175684068,0.0378740741873563,0.0150835386207293,0.00521079885441549,0.0159582443277514
2024-099-00:10:34.600000000,0.0363226310996266,90.010707563185,0.037868,73.574991,0.00195595852926481,-0.0405747679917786,0.0406218853742027,-0.000107704295212227,-0.0377924349846483,0.0377925884570517,0.0150722370085239,0.00520038670279744,0.0159441635183458
2024-099-00:10:34.700000000,0.0383042916730573,90.0010616028416,0.038319,88.412455,0.00195575525467271,-0.0405506662314643,0.0405978017930996,-0.000106267225437752,-0.0377606427633643,0.0377607922934043,0.0150608772763233,0.00519800297585098,0.0159326475913273
2024-099-00:10:34.800000000,0.0481607961097847,89.9845509916732,0.050578,107.785185,0.00195802677188517,-0.0406173954623286,0.0406645629877245,-0.000102400391783918,-0.0378154557317415,0.0378155943763884,0.0150494035634199,0.00518915546180469,0.0159189158557187
2024-099-00:10:34.900000000,0.0624205509960003,89.9670381711035,0.070589,117.836755,0.00195968174636738,-0.0407357895815061,0.0407828996685595,-9.86561909090178e-05,-0.0379625569027786,0.0379626850952446,0.0150384018776726,0.00516558656921676,0.0159008432367111
2024-099-00:10:35.000000000,0.0739895882540276,89.9541274686145,0.087056,121.798329,0.0019563933701595,-0.0408849364898231,0.0409317176135534,-0.000100699347155242,-0.0381679576258291,0.0381680904642294,0.0150290829684017,0.00513007828546182,0.0158805238605679
2024-099-00:10:35.100000000,0.0829305989459343,89.9445997365459,0.099733,123.744154,0.0019517299443409,-0.0411265930198807,0.0411728782476831,-0.00010291641446829,-0.0383911178615147,0.0383912558070855,0.0150202240745575,0.00507053973395997,0.0158529967023142
2024-099-00:10:35.200000000,0.0902404799375768,89.9371942513199,0.109945,124.837194,0.00195103609395234,-0.0414473910397571,0.0414932857923115,-0.000101465832464829,-0.0386169293840935,0.0386170626844045,0.0150107171398962,0.0050142057268112,0.0158260509327109
2024-099-00:10:35.300000000,0.0917186603243648,89.9400231697655,0.109588,123.18152,0.00195101039843863,-0.0417350237636849,0.0417806013615189,-0.000101429041462142,-0.0388405890408008,0.038840721477424,0.0150013242419089,0.00496056845987383,0.01580022051922
2024-099-00:10:35.400000000,0.0852779391085,89.9611800384054,0.093698,114.475814,0.00195005125283849,-0.0418617661301847,0.0419071612427635,-0.000100701827012295,-0.0390175140553312,0.0390176440077554,0.0149912505266158,0.0049357873128999,0.0157828891128951
2024-099-00:10:35.500000000,0.0805071008162101,89.9883336418819,0.081348,98.245383,0.00195152990727416,-0.0419081664284154,0.0419535800900323,-9.76139667929392e-05,-0.0390529160345097,0.0390530380288779,0.0149800288385154,0.00493345463898275,0.0157715008378294
2024-099-00:10:35.600000000,0.08071369981932,90.0091705510253,0.081233,83.517954,0.0019493483737029,-0.0418394765535558,0.0418848631053941,-9.81102613981185e-05,-0.0389786014724572,0.038978724945437,0.0149693509236765,0.00491892581276868,0.0157568175158468
2024-099-00:10:35.700000000,0.0831478654913954,90.0254515000533,0.086956,72.980701,0.00194528277083585,-0.0416826029024797,0.0417279703530417,-0.000100469711591338,-0.0388203353533195,0.0388204653643814,0.0149584429567596,0.00492816634586691,0.0157493440886649
2024-099-00:10:35.800000000,0.0863755043949183,90.0392085905016,0.094858,65.585208,0.00193991250243516,-0.041446997449663,0.0414923710832423,-0.000104075612027077,-0.0385868538076889,0.0385869941626577,0.0149476286781268,0.00494867357490893,0.01574550644629
2024-099-00:10:35.900000000,0.0862856831827086,90.0484568073008,0.098961,60.682077,0.0019373794967642,-0.0411649319463931,0.0412104969815417,-0.000104911860632698,-0.038309203692025,0.038309347345205,0.0149359265051724,0.00497653578485627,0.015743182936937
2024-099-00:10:36.000000000,0.0787485455201079,90.0513894281965,0.094033,56.872509,0.00193891064172475,-0.0408697121569403,0.040915678489642,-0.000101754229879436,-0.038013899472949,0.0380140356587244,0.0149235198903412,0.00501167436920376,0.0157425641462992
2024-099-00:10:36.100000000,0.0689883559831694,90.0506700541592,0.085597,53.703756,0.00193623106714536,-0.0405880463423585,0.040634203531444,-0.000102756959047376,-0.0377335987828204,0.0377337386975568,0.0149116713920044,0.00504416182782752,0.0157417124941487
2024-099-00:10:36.200000000,0.062094351987013,90.049440525253,0.079373,51.472645,0.00193616553078679,-0.0403046815902682,0.0403511597733635,-0.000101207432006793,-0.0374544698801944,0.0374546066185547,0.0148994804979942,0.00507569828609059,0.0157403059754737
2024-099-00:10:36.300000000,0.0568755959235695,90.0475969140645,0.074164,50.075396,0.00193508556570976,-0.0400264793432564,0.0400732280302292,-0.00010061906572392,-0.0371804303796599,0.0371805665289426,0.0148877841996263,0.00510226489461225,0.0157378278497839
2024-099-00:10:36.400000000,0.0525290915757141,90.0451571317796,0.069271,49.315697,0.00193108391863765,-0.0397639321658254,0.0398107948474931,-0.000102923835538223,-0.0369214035715034,0.0369215470288793,0.0148766706607454,0.00512317184556875,0.0157341100704015
2024-099-00:10:36.500000000,0.0439770545583738,90.034370527045,0.055815,51.990392,0.00192873259389798,-0.0395628729684998,0.03960985896138,-0.000103617838867525,-0.0367210617389223,0.0367212079307078,0.014865474310778,0.00513795090124308,0.0157283459380822
2024-099-00:10:36.600000000,0.0311166947008153,90.0072273329127,0.031945,76.924019,0.00192620586685848,-0.0395065647046201,0.03955349445753,-0.000104508682807768,-0.0366587622096896,0.0366589111787481,0.0148548410467206,0.00512668532031081,0.0157146175549017
2024-099-00:10:36.700000000,0.0346398060388409,89.9760116250508,0.042135,124.702943,0.00192440485510976,-0.0396061086731401,0.0396528331683242,-0.000104411061125975,-0.0367580073859308,0.0367581556753577,0.0148447736164679,0.00510292683332363,0.0156973617525505
2024-099-00:10:36.800000000,0.0473728684213791,89.9532163678593,0.06658,134.641435,0.00192193686042207,-0.0397592332054765,0.0398056587231378,-0.000105583140778639,-0.0369655783637601,0.036965729149672,0.0148353855447304,0.00507003205458024,0.0156778151952135
2024-099-00:10:36.900000000,0.0591420144116968,89.9363575772785,0.08688,137.099102,0.0019203693213212,-0.0401023980346583,0.0401483517278161,-0.000103961360834995,-0.0371870262078565,0.0371871715265944,0.0148259967755912,0.00501662733319053,0.0156517324980321
2024-099-00:10:37.000000000,0.0690462130454912,89.9231226590664,0.103332,138.071864,0.0019203217526206,-0.0405437994682474,0.0405892511750962,-0.000104035891471803,-0.0374107027651846,0.0374108474222612,0.0148170569507052,0.00497203947378431,0.0156290227848484
2024-099-00:10:37.100000000,0.0731774651208298,89.9148619194205,0.112265,139.320418,0.00192136051282136,-0.0409881512153037,0.0410331593503209,-0.00010412904342597,-0.0376212605279982,0.0376214046331766,0.0148080674146905,0.00492715438171648,0.0156062715233104
2024-099-00:10:37.200000000,0.0727484856687535,89.9129567786363,0.113441,140.111964,0.00192288252921756,-0.0414390369364461,0.0414836264017662,-0.00010381916584933,-0.0378269116269233,0.0378270540969061,0.0147989201164081,0.00489373600751609,0.015587067996358
2024-099-00:10:37.300000000,0.0783733176336915,89.9143365253105,0.116106,137.544648,0.00191928052401625,-0.0418797177587007,0.041923673470705,-0.000104307590788829,-0.038041696811661,0.0380418398133402,0.0147902900545959,0.00484889286148788,0.0155648463494269
2024-099-00:10:37.400000000,0.0871721131429395,89.9159808642151,0.121071,133.944821,0.00191712879718518,-0.0423208230608802,0.0423642236725203,-0.000106214439425097,-0.0382564464797579,0.0382565939253055,0.0147819952641873,0.00480490744811131,0.0155433110879044
2024-099-00:10:37.500000000,0.0950697667965839,89.9179109455438,0.125606,130.809299,0.00191453153585132,-0.0427593295549145,0.0428021692789928,-0.000106381491740289,-0.0384716339004516,0.0384717809828472,0.0147734499386441,0.00476174770789424,0.0155218898438064
2024-099-00:10:37.600000000,0.101771311204504,89.9202499998716,0.129296,128.082909,0.00191559124486494,-0.043196386806583,0.0432388404442272,-0.000105688008705308,-0.038685078844468,0.0386852232145285,0.0147644098471974,0.00472239187817613,0.0155012510200655
2024-099-00:10:37.700000000,0.0931995662530364,89.9280304618079,0.117753,127.675609,0.00191399556263624,-0.0436026644067894,0.0436446528498612,-0.000106485261884345,-0.0389070903721621,0.0389072360922565,0.0147556797235909,0.00467670004693951,0.0154790699796285
2024-099-00:10:37.800000000,0.0573421841592213,89.9462428155435,0.0786,133.151784,0.0019139729278362,-0.0438171444360819,0.0438589265589224,-0.000104662890438492,-0.0391243263950576,0.0391244663885354,0.0147461880248093,0.00462790070924256,0.0154553397321973
2024-099-00:10:37.900000000,0.0289933783650216,89.9668675259951,0.044027,138.811658,0.00191177450434499,-0.043925232073569,0.043966815832766,-0.000105732647129502,-0.0392610540642959,0.0392611964365865,0.0147363195380041,0.00460205124421125,0.0154381990264573
2024-099-00:10:38.000000000,0.0453771240034492,89.9818240100614,0.048882,111.828765,0.00190877450300465,-0.0440010525753251,0.0440424346266172,-0.000107142734903973,-0.0393270903281649,0.0393272362777412,0.0147264576806683,0.00458442871750732,0.0154235385851114
2024-099-00:10:38.100000000,0.0690668127012791,89.9927431950699,0.069447,95.99802,0.00190543545576627,-0.0440206968841893,0.0440619159643083,-0.000108844952347018,-0.0393386362033818,0.0393387867830933,0.0147164203319982,0.00458739623431562,0.0154148380334879
2024-099-00:10:38.200000000,0.090127865837264,90.0012109074405,0.090136,89.230253,0.00190378556183953,-0.0439943365352064,0.0440355089290275,-0.000108928342143495,-0.0393063834729645,0.0393065344072389,0.0147057820181088,0.00458198947822658,0.0154030728214441
2024-099-00:10:38.300000000,0.10530100308065,90.0086048787077,0.105652,85.328348,0.00190610375098196,-0.0439283317216837,0.0439696663548837,-0.000105075542165661,-0.0392360769516089,0.039236217649286,0.0146944971068083,0.0045756863982757,0.0153904240109675
2024-099-00:10:38.400000000,0.112197758778699,90.0162958242955,0.113375,81.736045,0.00190427834263184,-0.0438135706893557,0.0438549341871287,-0.000105276275162488,-0.0391190229185009,0.0391191645768709,0.0146838625574705,0.00458173210409637,0.0153820703639136
2024-099-00:10:38.500000000,0.113599879822748,90.0231314670175,0.115931,78.490663,0.00190068194803659,-0.0436719751594425,0.0437133161198571,-0.00010723817697863,-0.0389766759429086,0.0389768234670953,0.0146733013438062,0.00458908985611257,0.0153741834916076
2024-099-00:10:38.600000000,0.111376232712961,90.0278729525925,0.114811,75.949785,0.00189855920912858,-0.0435044687208541,0.0435458761050267,-0.000107751543621782,-0.0388095604228637,0.0388097100042124,0.0146624021513048,0.00459863069666611,0.0153666340208553
2024-099-00:10:38.700000000,0.10722944685627,90.0307340208679,0.111547,74.006698,0.00189665280877632,-0.0433200451493207,0.0433615452171186,-0.000108036328733759,-0.0386262134742989,0.0386263645611444,0.014651463437546,0.00461182554120546,0.01536015350458
2024-099-00:10:38.800000000,0.102379735436417,90.0322664720109,0.107344,72.50701,0.00189576411594219,-0.0431291075530587,0.0431707521350578,-0.000107356845292173,-0.0384367337641448,0.0384368836919434,0.014640035397039,0.00463051623013428,0.0153548792565781
2024-099-00:10:38.900000000,0.0942901860414398,90.0374740627635,0.101464,68.325497,0.00189622638671749,-0.0429109867102382,0.0429528631752986,-0.000105352327023512,-0.0382213069972292,0.0382214521923128,0.0146283172665825,0.00464923176822334,0.0153493655271628
2024-099-00:10:39.000000000,0.0827821732011604,90.0517243794621,0.097613,58.001845,0.00189625395850163,-0.0426283317655531,0.0426704868520292,-0.000103759355469591,-0.0379395602975291,0.0379397021808777,0.0146162629474661,0.0046870665784784,0.0153493887715622
2024-099-00:10:39.100000000,0.076160762633801,90.0682711061959,0.102281,48.126724,0.00189718379037376,-0.0423814421892031,0.0424238841735551,-0.000101056935829445,-0.0376619137677161,0.0376620493487962,0.0146039232386493,0.00473110357308083,0.0153511535390529
2024-099-00:10:39.200000000,0.0759892304341383,90.0804112252436,0.110636,43.380503,0.00189411070963956,-0.0421281793495028,0.0421707380855996,-0.000102274425921356,-0.0374373144751695,0.0374374541758776,0.0145921854342963,0.00476607077157519,0.0153508080031167
2024-099-00:10:39.300000000,0.078440524988722,90.0894546793853,0.118975,41.246726,0.00189113459276174,-0.0418976392354285,0.0419402976092213,-0.000104344624037871,-0.0372981078897834,0.037298253845971,0.0145808947851865,0.00479377378160759,0.015348705476551
2024-099-00:10:39.400000000,0.0819664742714208,90.0967483885395,0.126802,40.271731,0.00188778276310935,-0.0416744096450211,0.0417171444734862,-0.000105928948796138,-0.0371953258843946,0.0371954767221568,0.0145694725530682,0.00482280530600688,0.0153469534922816
2024-099-00:10:39.500000000,0.0767453847844,90.09289606065,0.120497,39.561589,0.0018876427207581,-0.0414481515127378,0.0414911130106689,-0.000104840125343638,-0.0370709961385938,0.0370711443869692,0.0145571054118022,0.00485361575081805,0.0153449308837449
2024-099-00:10:39.600000000,0.0643570764572486,90.0688168986699,0.094221,43.081975,0.00188277124543641,-0.0411928642252511,0.0412358689812961,-0.000107913966234546,-0.0367854699612062,0.0367856282492349,0.0145463723658555,0.00489250634973089,0.0153471028988628
2024-099-00:10:39.700000000,0.0737818154242482,90.0382559357704,0.08311,62.593236,0.0018842610359235,-0.0409754189208312,0.041018720060347,-0.000104923379278026,-0.0365705579636899,0.0365707084794802,0.0145346029950647,0.00491560309520611,0.0153433320375251
2024-099-00:10:39.800000000,0.0938232425698338,90.0150396076032,0.095021,80.893126,0.00188186169785184,-0.0408778648349818,0.0409211587924497,-0.000105743004777496,-0.0364700679798486,0.03647022127761,0.0145242732824089,0.00491642412902795,0.0153338103744173
2024-099-00:10:39.900000000,0.112273265349557,89.9970505521055,0.112312,91.504827,0.00187863203018619,-0.0408769273282011,0.040920073877009,-0.000107384028650415,-0.0364619021823473,0.0364620603104744,0.014514483052469,0.0049129344466161,0.0153234181290324
2024-099-00:10:40.000000000,0.127802247996896,89.9821122320675,0.129048,97.967598,0.00187548498754152,-0.0409498512237201,0.0409927769147603,-0.000108968601205577,-0.0365246824621109,0.0365248450114998,0.0145050353828162,0.00489974531018849,0.0153102434847218
2024-099-00:10:40.100000000,0.122937514227066,89.970941876928,0.126325,103.298623,0.00187409819648894,-0.0410529312264734,0.0410956859820546,-0.000108814937142814,-0.0366449734345021,0.036645134993692,0.0144955509592865,0.00487571690029809,0.0152935807744662
2024-099-00:10:40.200000000,0.0818327144010597,89.9643874146947,0.089246,113.518064,0.00187390744548328,-0.0411685136467693,0.0412111398167834,-0.000107642562085878,-0.0367963538288559,0.0367965112751132,0.0144858814662981,0.00485138943555023,0.0152766731100396
2024-099-00:10:40.300000000,0.0378463213354211,89.9612284003296,0.054181,135.691894,0.00187060172198092,-0.0412932657277604,0.0413356135223091,-0.0001092450579467,-0.0369700186505796,0.03697018005781,0.0144769884929111,0.00482469619341779,0.0152597801158032
2024-099-00:10:40.400000000,0.0397553073766676,89.9596858962991,0.056619,135.399848,0.00187157414998352,-0.0414186896428509,0.0414609532154012,-0.000106858264850395,-0.0371494358740683,0.0371495895596476,0.0144671996462489,0.00480240374270562,0.0152434558848175
2024-099-00:10:40.500000000,0.0638767977074474,89.959582138955,0.07559,122.323453,0.00187081564308469,-0.0415430362045065,0.0415851392718522,-0.000106833561035457,-0.0373277931750944,0.0373279460556349,0.0144579355219965,0.00477347176462722,0.0152255683718507
2024-099-00:10:40.600000000,0.0876067003009767,89.9605897571466,0.096063,114.22078,0.00187021446872253,-0.0416664184177695,0.0417083699744268,-0.000106012861808285,-0.0375014666758016,0.0375016165193332,0.0144484960785238,0.00474848922279987,0.0152087865666582
2024-099-00:10:40.700000000,0.0996197499213047,89.9695553192886,0.104168,106.993601,0.0018685221109341,-0.0417776289563942,0.0418193933014002,-0.000105973160559924,-0.0376310966646796,0.0376312458802153,0.0144392740183923,0.00472391265650502,0.0151923660094308
2024-099-00:10:40.800000000,0.0932316752729023,89.9934711131554,0.09346,94.005802,0.00186802836807834,-0.0417948941093152,0.0418366191702056,-0.000104956582761072,-0.0376401803236847,0.0376403266548494,0.0144290149384039,0.0047256916353873,0.0151831694163456
2024-099-00:10:40.900000000,0.0830518211141011,90.021159923162,0.085705,75.706307,0.00186665862363935,-0.0416663409086408,0.0417081332491911,-0.000104787712466862,-0.0375100154337034,0.0375101618005221,0.0144184762402835,0.00473725083688231,0.0151767586323023
2024-099-00:10:41.000000000,0.0783994527906425,90.0412346648743,0.088582,62.25762,0.00186724162020053,-0.0414345142781466,0.0414765664530485,-0.000102724470002475,-0.0372813530906208,0.0372814946130689,0.0144070000021778,0.00475367581655549,0.0151709947871475
2024-099-00:10:41.100000000,0.0764310610398752,90.0559005333237,0.094692,53.818842,0.00186262521918283,-0.0411626813355688,0.0412048019949219,-0.00010572389607484,-0.0369949903907799,0.036995141458793,0.0143961723229406,0.00480048284591151,0.0151754542965175
2024-099-00:10:41.200000000,0.0755454306622651,90.0672502393369,0.101142,48.324675,0.0018600363206417,-0.0409190269437746,0.0409612805114715,-0.000106530756277698,-0.0367148701475681,0.0367150247004522,0.0143848108213168,0.00483978091515395,0.015177162503965
2024-099-00:10:41.300000000,0.0657997329105814,90.0678823960662,0.094539,44.107468,0.00186156581939166,-0.0406754416327372,0.0407180178706937,-0.000104049091173081,-0.0364361581064474,0.0364363066702898,0.0143730907394939,0.00487819941541707,0.0151783585061857
2024-099-00:10:41.400000000,0.0416605274829099,90.050516337363,0.065479,39.512211,0.00185710890832958,-0.0404052389571961,0.0404478947373719,-0.000106954032403164,-0.0361681039606161,0.0361682620991247,0.0143625235169272,0.00490550578828199,0.0151771561503845
2024-099-00:10:41.500000000,0.0353437963381026,90.0267658061018,0.044335,52.86341,0.00185409897315898,-0.0402533059875399,0.0402959839925617,-0.000108433476736684,-0.0360158545323158,0.0360160177630982,0.0143521846121048,0.00492008141283603,0.0151720929422698
2024-099-00:10:41.600000000,0.0512076797265282,90.008576934045,0.051921,80.491614,0.00185465609683166,-0.040189337487041,0.0402321090285458,-0.000106391222697043,-0.0359473523213564,0.0359475097608721,0.0143418104601862,0.00490854387537577,0.0151585398456578
2024-099-00:10:41.700000000,0.0672053634307656,89.9943195804788,0.067445,94.831343,0.00185344750726146,-0.0402030395635977,0.0402457408655174,-0.000106084130704713,-0.0359531479982968,0.0359533045050134,0.0143319315239507,0.0049091949648589,0.015149404490283
2024-099-00:10:41.800000000,0.0804098581960336,89.9822345078002,0.082349,102.458594,0.00185187477478633,-0.0402773292617393,0.0403198796208527,-0.000106136404062192,-0.036017264888079,0.0360174212701898,0.0143225391737486,0.00489050390518198,0.0151344691624835
2024-099-00:10:41.900000000,0.0892026737378809,89.9685603855361,0.094581,109.415066,0.00185249128830366,-0.0403887754097053,0.0404312367244542,-0.000104119635870406,-0.0361517799848908,0.0361519299204693,0.0143131028594731,0.00486916986838955,0.0151186549888901
2024-099-00:10:42.000000000,0.0938788394950191,89.949742453498,0.106485,118.162113,0.00185432051035065,-0.0405682856669242,0.0406106427738872,-0.000102132751052899,-0.0363600475594291,0.0363601910009118,0.0143041503353911,0.00483338373484978,0.0150986858747965
2024-099-00:10:42.100000000,0.0977620972362258,89.9309906586718,0.119665,125.217874,0.00185228289624052,-0.0409464809757776,0.040988355129566,-0.000105313643720908,-0.036579425730635,0.0365795773314372,0.0142964927497922,0.00478317167154348,0.0150754249089144
2024-099-00:10:42.200000000,0.101315611229681,89.9177225411611,0.130516,129.079689,0.00185189707258742,-0.0413735778821287,0.0414150029522639,-0.000102491236252232,-0.0367869510947244,0.0367870938686267,0.0142879525902136,0.00474431328921633,0.0150550356295303
2024-099-00:10:42.300000000,0.103654680769053,89.9085371062938,0.138238,131.424518,0.00184934949166467,-0.041813539662191,0.041854416644172,-0.000101600950423888,-0.0369844070381226,0.0369845465933362,0.0142799784417427,0.00470681798378013,0.015035688206034
2024-099-00:10:42.400000000,0.104894215473219,89.9019965403685,0.143553,133.054838,0.00184927657815555,-0.0422319793662835,0.0422724485339649,-9.97393302397421e-05,-0.0371676862841727,0.037167820108969,0.0142716011088881,0.00467175114212515,0.0150167858393587
2024-099-00:10:42.500000000,0.0993426781223964,89.9007630307748,0.140417,134.969457,0.00185081830832611,-0.0426624336629578,0.0427025616849471,-0.000101243039376541,-0.0373511702299855,0.0373513074430116,0.014263800867285,0.0046287275651963,0.0149960372783735
2024-099-00:10:42.600000000,0.082921370144677,89.9075005328499,0.124226,138.125253,0.00185036810650153,-0.0430948381132687,0.0431345445569835,-9.98919076989085e-05,-0.037542357033065,0.037542489927965,0.0142555340927564,0.00459110070373555,0.0149765970080516
2024-099-00:10:42.700000000,0.0677405930586954,89.917406249446,0.10682,140.642535,0.00184906704030559,-0.0435198521361431,0.0435591159101204,-9.93528395005674e-05,-0.037747968757939,0.0377480995062937,0.0142473720312243,0.00454813717560151,0.014955706655461
2024-099-00:10:42.800000000,0.0618236150965229,89.9255158461784,0.096799,140.306503,0.00184992126264307,-0.0439140291069993,0.0439529767033856,-9.78007390793152e-05,-0.0379600643008819,0.037960190288138,0.0142385532051585,0.00450660283694568,0.0149347201683224
2024-099-00:10:42.900000000,0.0617283790214161,89.9323054598553,0.091613,137.639345,0.00184898277760056,-0.0442643254331393,0.0443029259006979,-9.78463152916581e-05,-0.0381712948919129,0.0381714202987889,0.014230143632024,0.00446091062553064,0.0149129712464353
2024-099-00:10:43.000000000,0.0645488456790006,89.9383986428483,0.089226,133.661515,0.00184964477072458,-0.0445477899712396,0.0445861724876619,-9.69520370308138e-05,-0.0383845633279345,0.0383846857688544,0.0142214375013057,0.00440855753760135,0.0148890786876114
2024-099-00:10:43.100000000,0.0625785972801777,89.9456903855999,0.082859,130.95347,0.00184970218070692,-0.0447598281593023,0.0447980313742421,-9.67547928691871e-05,-0.0385918720192099,0.0385919933073821,0.0142128936034817,0.00435331408168709,0.0148646455752469
2024-099-00:10:43.200000000,0.0482973384212195,89.9558187096979,0.065457,132.451546,0.00184909480433857,-0.0448854538517983,0.0449235252298542,-9.67211965974013e-05,-0.0387815911769452,0.0387817117879753,0.0142039959440318,0.00433002849535153,0.0148493315522494
2024-099-00:10:43.300000000,0.0312774911519415,89.9658822643209,0.046285,137.486902,0.00185091607547096,-0.0449960085924967,0.0450340613266722,-9.34867414065693e-05,-0.0389243505939975,0.0389244628599452,0.0141941815602076,0.0043104900949215,0.0148342547848739
2024-099-00:10:43.400000000,0.0219968691932344,89.9729112789754,0.034895,140.922344,0.00185162551640872,-0.0450945454855233,0.0451325442402591,-9.11625186265105e-05,-0.0390334196803915,0.0390335261352389,0.0141844037420207,0.00429118714845315,0.0148192981162975
2024-099-00:10:43.500000000,0.0210282425727503,89.9775941297682,0.030728,136.816676,0.00185090612797518,-0.0451796772088888,0.0452175749702918,-9.0347892725997e-05,-0.0391170706702091,0.0391171750074038,0.0141749365760938,0.00427359274933833,0.0148051484938003
2024-099-00:10:43.600000000,0.0255694907394846,89.9808860536891,0.031924,126.779193,0.001849634315901,-0.0452531931315166,0.0452909774204631,-9.01186635798791e-05,-0.0391835060778213,0.0391836097102371,0.0141655903231552,0.00425415641413003,0.0147905982299348
2024-099-00:10:43.700000000,0.0308421491109567,89.9865757821597,0.033637,113.521351,0.00184925142303622,-0.0453019402732427,0.0453396683197622,-8.90212618148252e-05,-0.0392240990310661,0.0392242000502743,0.0141560931335572,0.00424625945896704,0.0147792317864906
2024-099-00:10:43.800000000,0.0365516888898909,89.9983929503284,0.036587,92.517473,0.00184443076331693,-0.0452885949938907,0.0453261377282615,-9.22914605204335e-05,-0.0392053475649234,0.0392054561942611,0.0141472110026557,0.00424556473082421,0.0147705246703453
2024-099-00:10:43.900000000,0.0438006840567137,90.0122260267578,0.045475,74.404061,0.00184353417050518,-0.045205902413699,0.0452434772235148,-9.17189206497651e-05,-0.0391203594666561,0.0391204669854642,0.0141372865178238,0.00424122681844931,0.0147597721870148
2024-099-00:10:44.000000000,0.0505451003026689,90.0239262004484,0.055922,64.668845,0.00184037155784557,-0.0450614245464247,0.045098990561032,-9.33618680817277e-05,-0.0389762454439752,0.0389763572611321,0.0141275957467327,0.00425313324056704,0.0147539182573687
2024-099-00:10:44.100000000,0.0560287735692345,90.0335098211762,0.065285,59.11711,0.00183710637472229,-0.0448714612481932,0.04490905247698,-9.51148555502203e-05,-0.0387887522851189,0.0387888689016845,0.0141177267014827,0.00426923299739031,0.014749120570521
2024-099-00:10:44.200000000,0.0599364478698213,90.0409893324367,0.072612,55.632572,0.00183795289415621,-0.0446449941513987,0.0446828107175407,-9.28606315251072e-05,-0.0385664148012232,0.0385665265964786,0.014106651533268,0.00428926377201853,0.0147443345454111
2024-099-00:10:44.300000000,0.0629351338557346,90.0442667917366,0.076944,54.878545,0.0018343172198674,-0.0443927405172842,0.0444306215385068,-9.49593848465277e-05,-0.0383191974108116,0.0383193150707776,0.0140967510049055,0.00430729178773766,0.0147401204689452
2024-099-00:10:44.400000000,0.0653044803586071,90.0410203088084,0.077119,57.86547,0.00183260269828173,-0.0441640069129364,0.0442020128416754,-9.51846971130461e-05,-0.0380946213761026,0.0380947402920033,0.0140864452816687,0.00432832745398947,0.0147364296633345
2024-099-00:10:44.500000000,0.0677546724334205,90.0349810296852,0.076252,62.693178,0.00183009823942096,-0.0439650251419193,0.0440030987010634,-9.61812681313983e-05,-0.0378984408247485,0.0378985628722687,0.0140765154871807,0.00434507399123926,0.0147318687290575
2024-099-00:10:44.600000000,0.0699442237974394,90.0297544298745,0.07601,66.955001,0.00183067572246907,-0.0437926627333058,0.0438309101305678,-9.4173426154647e-05,-0.0377277081542858,0.037727825688862,0.0140658762896771,0.00436681329023315,0.0147281341013809
2024-099-00:10:44.700000000,0.0716048036025507,90.0250497909716,0.07586,70.71844,0.00182914623043942,-0.0436470226236633,0.0436853334637943,-9.42471878291392e-05,-0.0375826095782784,0.0375827277515313,0.0140557822585888,0.00437881438821769,0.0147220593106848
2024-099-00:10:44.800000000,0.0731250771031687,90.0206982930521,0.075998,74.195669,0.00182837137255976,-0.0435232082202313,0.0435615954213985,-9.35992533643593e-05,-0.0374584046116758,0.0374585215521415,0.0140455298015587,0.00439153434801254,0.0147160620186328
2024-099-00:10:44.900000000,0.0647419211971631,90.0211563737724,0.068111,71.903644,0.00182848235718552,-0.0433972834726018,0.0434357866342017,-9.20628964943583e-05,-0.0373321400434369,0.0373322535590834,0.0140351424519672,0.00441098229541794,0.0147119675250288
2024-099-00:10:45.000000000,0.0407061959392133,90.0308754927661,0.051091,52.819829,0.00182917038875027,-0.0432166746212301,0.0432553676395006,-8.99358868845241e-05,-0.0371534319640286,0.037153540816044,0.0140247915973505,0.00442727081615936,0.0147069883466579
2024-099-00:10:45.100000000,0.0354618440106327,90.043707511017,0.056284,39.05396,0.00182829528152587,-0.042980728764463,0.0430195967991425,-8.93853351576975e-05,-0.0369220928199432,0.0369222010170391,0.0140143047286884,0.00444494328002123,0.0147023215102631
2024-099-00:10:45.200000000,0.0534713525417912,90.0535266248716,0.075659,44.970415,0.00182692380746491,-0.0427124353121436,0.0427514886394887,-8.9333083994984e-05,-0.0366486261025242,0.0366487349795667,0.0140035337963773,0.0044894895917057,0.0147055933433614
2024-099-00:10:45.300000000,0.0720655601344677,90.0612437629187,0.094574,49.641006,0.00182271320388316,-0.0424600180871723,0.0424991225719615,-9.19276007471577e-05,-0.0363622186059089,0.0363623348071557,0.0139932563013984,0.00452823316217839,0.0147076890600692
2024-099-00:10:45.400000000,0.0885678518221779,90.0678235519826,0.111554,52.555833,0.0018234966774212,-0.042232929273136,0.0422722776192894,-8.98759300921687e-05,-0.0360981039165654,0.0360982158015319,0.0139818532163709,0.00457138858818342,0.0147101941859486
2024-099-00:10:45.500000000,0.0991082030971292,90.0756516418257,0.124682,52.644683,0.00182149085487079,-0.0420040568613499,0.0420435324603665,-9.06093493451617e-05,-0.0358762913690535,0.0358764057905946,0.0139710736713552,0.00460328060202123,0.0147098977505412
2024-099-00:10:45.600000000,0.101375167264883,90.0872614089325,0.133759,49.278929,0.00182135369289875,-0.0417736237738663,0.0418133109484906,-8.88426266536366e-05,-0.0357135271661451,0.0357136376704935,0.0139601403459545,0.00463384963860529,0.0147091155734106
2024-099-00:10:45.700000000,0.100666726959608,90.0990305463908,0.141212,45.469475,0.00181904155233564,-0.0415675601121653,0.0416073426914962,-8.93973379650279e-05,-0.0356419934180601,0.0356421055311983,0.0139489688133317,0.00466242042644856,0.0147075455188235
2024-099-00:10:45.800000000,0.100421751121542,90.1078432134706,0.147359,42.959191,0.00181995789613899,-0.041372132213915,0.0414121427925359,-8.85792077395138e-05,-0.0356056560676543,0.0356057662504844,0.0139369512428889,0.00474571082697034,0.0147227844241464
2024-099-00:10:45.900000000,0.10028064072427,90.114330768069,0.152078,41.254367,0.00181910593170537,-0.0411878325284174,0.0412279843647458,-8.87218447132358e-05,-0.0355991958659755,0.0355993064239995,0.0139252183581815,0.00485012601338333,0.0147456918680926
2024-099-00:10:46.000000000,0.100321687437311,90.1191265885357,0.155742,40.10224,0.00181740717860101,-0.041014243184072,0.0410544895573557,-8.99495640800682e-05,-0.0356229908201898,0.0356231043832427,0.0139137221842294,0.00492723478509902,0.0147603965951938
2024-099-00:10:46.100000000,0.0970110505923129,90.1192164403281,0.1537,39.136636,0.00181559960125047,-0.0408349928390792,0.040875335375746,-9.03835587072147e-05,-0.0356359952666882,0.0356361098863935,0.0139022011892362,0.00501285519517079,0.0147783596895512
2024-099-00:10:46.200000000,0.0895397075537927,90.1115434811895,0.143036,38.755226,0.00181507688331126,-0.0406477074068871,0.0406882123166924,-8.99446484197703e-05,-0.0356192811642905,0.0356193947267575,0.0138904038057753,0.00511306988387991,0.0148015810481494
2024-099-00:10:46.300000000,0.0858784701653432,90.100979128928,0.132559,40.379791,0.00181578469980271,-0.040447558496231,0.0404882953751089,-8.77104935585061e-05,-0.0355523805988259,0.0355524887929727,0.0138787388653593,0.00515578012625196,0.0148054537655247
2024-099-00:10:46.400000000,0.0871686931800355,90.0924012573379,0.127029,43.330941,0.0018134030548642,-0.0402357614274695,0.0402766052229782,-8.97445788031524e-05,-0.0354343815689069,0.0354344952166715,0.0138678837751034,0.00518904391653197,0.0148069030241801
2024-099-00:10:46.500000000,0.0900314277062618,90.0853070501113,0.124028,46.543457,0.00181144454743062,-0.0400040395992562,0.0400450310975941,-9.06566516998452e-05,-0.0352603056707191,0.0352604222127451,0.0138573685404444,0.00522137570006663,0.014808424192565
2024-099-00:10:46.700000000,0.0850023106581116,90.0670871437293,0.108287,51.718146,0.00180564550372596,-0.0395370363542161,0.0395782465422576,-9.298984607337e-05,-0.0347747875329749,0.0347749118629368,0.0138363114454838,0.00529568428503888,0.0148151201973941
2024-099-00:10:46.800000000,0.0537841132774868,90.0425578655003,0.068585,51.646427,0.00180484266283558,-0.0393054896061263,0.0393469054719034,-9.23679330193082e-05,-0.0345467496605164,0.0345468731427526,0.0138261894170934,0.00531682599376477,0.0148132424689977
2024-099-00:10:46.900000000,0.0159226115909737,90.0154754018458,0.022204,45.816024,0.0018060855566533,-0.0392105438026693,0.0392521170172897,-8.97399607362172e-05,-0.0344492228637768,0.0344493397495324,0.0138162760150001,0.00532197423316052,0.0148058398161365
2024-099-00:10:47.000000000,0.01474667548729,89.9956319383597,0.01538,106.499633,0.00180616538478625,-0.0392168248662206,0.0392583951020036,-8.82580502326405e-05,-0.0344485031042214,0.0344486161638604,0.0138068462562049,0.0053274196856567,0.0147990001030341
2024-099-00:10:47.100000000,0.0369498596646381,89.9808510415271,0.041617,117.395071,0.0018059569822834,-0.0392960475484031,0.0393375244969509,-8.7087286888914e-05,-0.034519769108843,0.0345198789615979,0.0137978625652511,0.00531239503101473,0.0147852139766426
2024-099-00:10:47.200000000,0.0557112349751792,89.9692979167546,0.063611,118.858852,0.00180543614553815,-0.0393992956647014,0.0394406401894058,-8.67178552430657e-05,-0.0346432923898366,0.0346434009241894,0.0137890362012191,0.00529287000489757,0.0147699692703565
2024-099-00:10:47.300000000,0.0627968603002903,89.9673903259258,0.070759,117.442313,0.00180612378755839,-0.0395051876274318,0.0395464528449086,-8.46137127454562e-05,-0.034775209165513,0.0347753121047902,0.0137800647757992,0.00527217094170966,0.0147541848864595
2024-099-00:10:47.400000000,0.0508892067259003,89.9819874206976,0.053983,109.491757,0.00180606223909311,-0.0395801785630341,0.0396213628727375,-8.33237165060069e-05,-0.0348407137345641,0.0348408133713261,0.0137709375715448,0.00525536675162501,0.0147396608269481
2024-099-00:10:47.500000000,0.0344847760175852,90.0019166813665,0.034538,86.818745,0.00180549429393057,-0.0395553909868954,0.0395965751773002,-8.24811759809436e-05,-0.0348102831984756,0.0348103809157909,0.0137617370052547,0.00525104397113751,0.0147295236918448
2024-099-00:10:47.600000000,0.0268069479372054,90.0164389317783,0.031446,58.481961,0.00180385010935862,-0.0394574100202494,0.0394986212509134,-8.27431872138889e-05,-0.0347100449252401,0.0347101435483522,0.0137521628788634,0.00525597415584763,0.0147223384071188
2024-099-00:10:47.700000000,0.0261024593079428,90.0271618465889,0.037671,43.860583,0.00180257007031782,-0.0393079302611926,0.0393492393862599,-8.26232926604666e-05,-0.0345605605268166,0.0345606592896641,0.0137424578787742,0.00527096296686468,0.0147186344185845
2024-099-00:10:47.800000000,0.0294064984645611,90.0359382812257,0.046436,39.291751,0.00180467012336112,-0.0391122915081365,0.0391539037807419,-7.91898942597441e-05,-0.0343669097532533,0.0343670009897228,0.0137319725307056,0.0052881537032084,0.0147150140731434
2024-099-00:10:47.900000000,0.0302312971891288,90.0375420457894,0.048201,38.843283,0.00180194290885418,-0.0389112210908258,0.0389529219061407,-8.05018252732222e-05,-0.0341681397984043,0.0341682346314113,0.0137224111736796,0.00530364479701864,0.0147116694005972
2024-099-00:10:48.000000000,0.0338975169975731,90.0269929740934,0.043332,51.4693,0.00180253182181941,-0.0387588477350046,0.0388007396670984,-7.85405249814476e-05,-0.0340157705033825,0.0340158611761169,0.0137124975398741,0.00531642380456703,0.0147070374600332
2024-099-00:10:48.100000000,0.0501701652282427,90.0117423691055,0.051526,76.827,0.001801299736003,-0.0386845499445893,0.0387264649194108,-7.83755722024976e-05,-0.0339380887575859,0.0339381792565261,0.013703271634321,0.0053118249930054,0.0146967730553446
2024-099-00:10:48.200000000,0.0664620217262945,89.9991865153042,0.066467,90.701256,0.00180322836455897,-0.0386752934855132,0.038717308257746,-7.51186878976615e-05,-0.0339226808054358,0.0339227639770812,0.0136935179866466,0.0053101732024769,0.0146870818848034
2024-099-00:10:48.300000000,0.0798991457835354,89.988630646331,0.080704,98.098604,0.00180311798951426,-0.0387184821912715,0.0387604450139561,-7.38767217655218e-05,-0.0339574760102157,0.0339575563719534,0.0136843001940993,0.00530838950464106,0.0146778428570144
2024-099-00:10:48.400000000,0.0909557852658035,89.9792618808,0.09329,102.843992,0.00180241041871938,-0.0388021559200037,0.0388439955122769,-7.32147329906697e-05,-0.0340362897320678,0.0340363684772978,0.0136756408146567,0.005291342181725,0.0146636098480424
2024-099-00:10:48.500000000,0.096216423703826,89.9745241399806,0.099532,104.830254,0.00180265286166321,-0.0388955144505917,0.0389372649490928,-7.15777808828354e-05,-0.0341352203613982,0.0341352954066598,0.0136668808846763,0.00527400201217786,0.0146491887263557
2024-099-00:10:48.600000000,0.092363236683387,89.9777603294357,0.095003,103.538235,0.00180186467426118,-0.0389853804620943,0.0390269984251748,-7.11135179539578e-05,-0.0342224617765139,0.0342225356625921,0.0136583039184937,0.00526169070435242,0.0146367569836426
2024-099-00:10:48.700000000,0.084707984201005,89.9844634550343,0.086121,100.393266,0.00180091261538406,-0.0390489573330075,0.0390904637353318,-7.06985877282203e-05,-0.0342767567844936,0.0342768296951984,0.0136495006110051,0.00525176003758843,0.0146249735186851
2024-099-00:10:48.800000000,0.0786147310211942,89.9899383070015,0.079256,97.29348,0.00180010174889497,-0.0390850830842479,0.0391265138494211,-7.01476260919603e-05,-0.0343048041061166,0.0343048758261633,0.0136404545124642,0.00525446049842615,0.0146175016482341
2024-099-00:10:48.900000000,0.0734296632657627,89.9945047480304,0.073635,94.279861,0.00179599794608911,-0.0390968760504686,0.0391381057989277,-7.2835245563719e-05,-0.0343096056856694,0.0343096829958995,0.013632056806918,0.00525496855486358,0.0146098482983105
2024-099-00:10:49.000000000,0.0689136926110989,89.9986975225449,0.068926,91.082768,0.00179382874519865,-0.0390891407307887,0.0391302791280423,-7.36116108407889e-05,-0.0342956676016371,0.0342957466008721,0.0136232736515778,0.00525011185682351,0.0145999061467851
2024-099-00:10:49.100000000,0.0634992759540655,90.0028455097302,0.063563,87.434197,0.00179091384156348,-0.0390594296642602,0.0391004657016409,-7.5130910932914e-05,-0.034260743114289,0.0342608254920555,0.0136145340995948,0.00524607550732347,0.0145902997562616
2024-099-00:10:49.200000000,0.0563274459179252,90.0071941002243,0.056785,82.721632,0.00178846400601865,-0.0390101305749451,0.0390511061427854,-7.62197515840917e-05,-0.0342072368907223,0.0342073218061357,0.0136056381100653,0.0052301058612442,0.0145762613760142
2024-099-00:10:49.300000000,0.0490146729614654,90.0109641661701,0.050226,77.390998,0.00178762385301492,-0.0389387400609751,0.0389797521358981,-7.56847397652327e-05,-0.0341323472954293,0.0341324312066345,0.0135965397469639,0.00522567057575665,0.0145661774689552
2024-099-00:10:49.400000000,0.0434829343807345,90.0137396090877,0.045602,72.464663,0.00178704386961757,-0.0388554922311123,0.0388965654308188,-7.49158379536405e-05,-0.0340462390778794,0.0340463215007275,0.0135871656741442,0.00522571711078093,0.0145574445002738
2024-099-00:10:49.500000000,0.0392029330546507,90.0157594918278,0.042252,68.099986,0.00178333469699859,-0.0387608405285807,0.0388018432696642,-7.72330572469549e-05,-0.0339492490458759,0.0339493368966765,0.0135783784076995,0.00522481227541444,0.0145489182929867
2024-099-00:10:49.600000000,0.0356637001544646,90.0172007137789,0.039595,64.251845,0.00178286347387328,-0.03866075341159,0.038701840479727,-7.6346670221863e-05,-0.0338470209357876,0.0338471070409525,0.0135691409492478,0.0052254645914972,0.0145405318436963
2024-099-00:10:49.700000000,0.0224992872226033,90.010302747009,0.024746,65.396277,0.00178038439859473,-0.0385965859670278,0.0386376269576293,-7.74455052180095e-05,-0.0337792239812671,0.033779312760666,0.013560458342859,0.00521373873963809,0.0145282174444636
2024-099-00:10:49.800000000,0.0126051751330178,89.9872234485678,0.017948,135.386852,0.00177846665558372,-0.0386464425614513,0.0386873424559064,-7.79976762463688e-05,-0.0338205049376971,0.0338205948776525,0.0135518580363698,0.00520568852030013,0.0145173017192695
2024-099-00:10:49.900000000,0.0513138796181723,89.9594870411059,0.065379,128.29153,0.00177589978028144,-0.038761653771849,0.0388023146623793,-7.98075782496473e-05,-0.0339922203682686,0.0339923140550108,0.0135441257796963,0.00517569171911742,0.0144993492235884
2024-099-00:10:50.000000000,0.0800769765343145,89.9388390573268,0.100762,127.371731,0.00177512058075652,-0.0390399615502811,0.0390802974774201,-7.89167734391048e-05,-0.0341929022472797,0.0341929933166015,0.0135363623563676,0.0051294289575704,0.0144756397880593
2024-099-00:10:50.100000000,0.101591170377172,89.9231781738368,0.127367,127.096026,0.00177119754141799,-0.0394384905425733,0.039478243084101,-7.81987075739545e-05,-0.0343980762562181,0.0343981651424384,0.0135293248865165,0.00509305425258095,0.0144562039797676
2024-099-00:10:50.200000000,0.11872415235576,89.9104763006012,0.148694,127.017993,0.00176871761170546,-0.0398500110105833,0.0398892434063817,-7.88801169782435e-05,-0.0345853715318389,0.0345854614841004,0.0135225602130324,0.00505696177176777,0.0144371914538877
2024-099-00:10:50.300000000,0.131819360451963,89.9069127324775,0.161374,125.228645,0.0017725560304876,-0.0402716903775172,0.0403106809759378,-7.76627360851188e-05,-0.0347724567104824,0.0347725434385083,0.0135152767219247,0.00502460842299558,0.0144190635852207
2024-099-00:10:50.400000000,0.142595071826756,89.9185453034547,0.16422,119.736279,0.0017723051846654,-0.040673047811261,0.0407116431002817,-7.93107254302296e-05,-0.0349728458822416,0.0349729358117701,0.0135085556769499,0.00498811670978721,0.0144000828048908
2024-099-00:10:50.500000000,0.152871151182833,89.9362527045362,0.16563,112.636092,0.0017693896018889,-0.0409751325828261,0.0410133177119756,-8.13409752448323e-05,-0.0351795048010005,0.0351795988379326,0.0135018062822506,0.00494288108571954,0.0143781377900959
2024-099-00:10:50.600000000,0.161272996560358,89.9507960009936,0.168612,106.966776,0.0017676570866559,-0.0411375901751401,0.0411755502330422,-8.18518467551741e-05,-0.0353764238765317,0.0353765185683506,0.0134945380428562,0.00490976714707808,0.0143599571875622
2024-099-00:10:50.700000000,0.167394780787489,89.9630516708719,0.171424,102.447037,0.00176796410295599,-0.0412481868045412,0.041286058321565,-8.07118782665746e-05,-0.0355266447588549,0.0355267364421384,0.0134865647206658,0.00488265411142288,0.0143432123018696
2024-099-00:10:50.800000000,0.171849073109338,89.9739651348381,0.17381,98.614686,0.00176457557475788,-0.0413409251550243,0.041378567152964,-8.26949385952182e-05,-0.0356265664677962,0.0356266624417327,0.0134790416761548,0.00486278646688835,0.0143293843807078
2024-099-00:10:50.900000000,0.170210799490015,89.988190319765,0.17062,93.968962,0.00176253291213893,-0.0413817617405435,0.0414192796535319,-8.34091858232491e-05,-0.0356598964225031,0.0356599939702172,0.0134705251792542,0.00486283539849682,0.0143213901810472
2024-099-00:10:51.000000000,0.159190431989024,90.0102175807207,0.159518,86.327538,0.00176069903483624,-0.0413126074136613,0.0413501099443107,-8.38719870853916e-05,-0.0355877848399523,0.0355878836730278,0.0134618712712606,0.0048534246844996,0.0143100562295227
2024-099-00:10:51.100000000,0.146475291321779,90.0332239349403,0.150196,77.220277,0.0017588804910267,-0.0411336094268532,0.0411711972750687,-8.43338762314201e-05,-0.0354107292067314,0.035410829630992,0.0134524333410865,0.00486691980980373,0.0143057635668787
2024-099-00:10:51.200000000,0.13772608278538,90.050451759128,0.146676,69.881267,0.00175709253981147,-0.0408713166063006,0.040909068619634,-8.47308521431475e-05,-0.0351512640292312,0.035151366149412,0.0134426598694193,0.00489624161543173,0.0143065819230724
2024-099-00:10:51.300000000,0.131366644503696,90.0634494171386,0.145887,64.219739,0.00175651733396783,-0.0406382045295194,0.0406761480542047,-8.39748066600114e-05,-0.0348779185709626,0.0348780196629747,0.0134323440279143,0.00493642036476529,0.0143106992177851
2024-099-00:10:51.400000000,0.126400376881266,90.0737392101562,0.146337,59.741697,0.00175589165869934,-0.04041963231057,0.0404577536652588,-8.34796285972127e-05,-0.0346473044260302,0.0346474049942907,0.0134218883077789,0.00497247168468638,0.014313369987585
2024-099-00:10:51.500000000,0.113661611578214,90.0831157120917,0.140809,53.823691,0.00175440723838139,-0.0401965715411368,0.0402348394854486,-8.35639698207698e-05,-0.0344679552403115,0.0344680565362361,0.0134115792453264,0.00500435386427792,0.0143148180377043
2024-099-00:10:51.600000000,0.0900225527191299,90.09343431758,0.129746,43.934624,0.00175344324356127,-0.039994077569945,0.0400324968479256,-8.26244909923958e-05,-0.034373156027227,0.0343732553314144,0.0134013213121041,0.0050310596786863,0.0143145720998135
2024-099-00:10:51.700000000,0.0803554934621193,90.1026003180124,0.130322,38.067708,0.00175093037029325,-0.0397940881687838,0.0398325898021526,-8.40163156934202e-05,-0.0343126618556972,0.0343127647146761,0.0133912393711602,0.00506791747277236,0.0143181381263955
2024-099-00:10:51.800000000,0.0891344609966765,90.1088958291451,0.140724,39.301381,0.00175005320021152,-0.0396030184212649,0.0396416668958133,-8.45456768295537e-05,-0.0342782348182882,0.0342783390821256,0.0133802481901172,0.00515631606740975,0.014339408530904
2024-099-00:10:51.900000000,0.102944498358794,90.1130145671386,0.152872,42.330308,0.00174878142057405,-0.0394279630796012,0.0394667266068944,-8.51852055813471e-05,-0.0342679002461951,0.034268006125283,0.0133692076642325,0.00525238777250323,0.0143639580506946
2024-099-00:10:52.000000000,0.116943301698085,90.1157213991646,0.164521,45.300961,0.00174734703966969,-0.0392549889393058,0.0392938592950866,-8.59274718108873e-05,-0.0342663535863387,0.0342664613234923,0.0133581007744963,0.00534350704408875,0.0143872139009548
2024-099-00:10:52.100000000,0.123788456696719,90.1196574951916,0.172167,45.972207,0.00174398796529638,-0.039091461905874,0.0391303448484868,-8.75538602276594e-05,-0.0342851753359621,0.0342852871286811,0.0133470166723536,0.00541551017851929,0.0144038399236361
2024-099-00:10:52.200000000,0.118702412570928,90.1274242445112,0.174147,42.97056,0.00174265330900077,-0.0389459257022048,0.0389848941175557,-8.78863725658088e-05,-0.0343478026859237,0.0343479151240018,0.0133369158746245,0.00547481743913922,0.0144168981073847
2024-099-00:10:52.300000000,0.113184704216752,90.1358592727131,0.176829,39.797829,0.00174162942820511,-0.038816801410742,0.0388558534178079,-8.78198986106671e-05,-0.034448748903969,0.0344488608430424,0.0133266943627928,0.00551513520000566,0.0144228117547735
2024-099-00:10:52.400000000,0.112259996966341,90.1415898265544,0.180693,38.409329,0.00174148250422456,-0.0387163244067142,0.0387554710573676,-8.69493221147001e-05,-0.034591953311615,0.0345920625880789,0.0133167098997339,0.00555776602660594,0.0144299523824636
2024-099-00:10:52.500000000,0.113205580617248,90.1453464322518,0.184231,37.913924,0.0017409951120619,-0.0386237022700195,0.0386629207513263,-8.65881036028302e-05,-0.0347481717402436,0.0347482796234454,0.0133067576708774,0.00560025030812579,0.0144371951301185
2024-099-00:10:52.600000000,0.115016890904338,90.1480068325483,0.187443,37.851036,0.00174100380178293,-0.0385462096196026,0.0385855072569504,-8.66973575801631e-05,-0.0349394783571199,0.0349395859205495,0.0132968486155597,0.00564779282295813,0.0144465825327712
2024-099-00:10:52.700000000,0.111976561784547,90.1439662938611,0.182387,37.875737,0.00173918693336233,-0.0384472683800557,0.0384865848975615,-8.75998658034884e-05,-0.0350945421966229,0.0350946515259382,0.0132869548917653,0.00569258107137505,0.0144550561932489
2024-099-00:10:52.800000000,0.0991300961608931,90.1275616159836,0.161551,37.85138,0.0017382979460151,-0.0383056277660221,0.0383450492019265,-8.75544905765624e-05,-0.0351558358982474,0.0351559449239147,0.0132764114515633,0.00574746438299848,0.0144670815254853
2024-099-00:10:52.900000000,0.0868659728641604,90.1075671523637,0.138262,38.922685,0.00173699282556174,-0.0381168713578578,0.0381564283730479,-8.7595563508986e-05,-0.0351198091468651,0.0351199183867926,0.0132658244877903,0.00582276213742253,0.0144874655564684
2024-099-00:10:53.000000000,0.0816022972153283,90.0927241458656,0.123518,41.349567,0.00173680066851892,-0.0379132236501816,0.0379529841265592,-8.70764733159576e-05,-0.0350112796121878,0.035011387895869,0.0132558718050353,0.00584724630710077,0.0144882168222123
2024-099-00:10:53.100000000,0.0805797965476868,90.0814542183787,0.114577,44.690833,0.00173734094422636,-0.0377015225074426,0.0377415308769489,-8.52235827807478e-05,-0.0348310382350873,0.0348311424962371,0.0132453338883508,0.00587647632140687,0.0144904052313919
2024-099-00:10:53.200000000,0.0821228609668719,90.0724510558737,0.109514,48.580399,0.00173742073106393,-0.0374799633962533,0.0375202117129051,-8.40649744785145e-05,-0.0345937574172044,0.0345938595586026,0.0132351499292717,0.00591255030507244,0.0144957733412299
2024-099-00:10:53.300000000,0.0798818809026004,90.0640627299731,0.102397,51.271519,0.0017374353818195,-0.0372497235514379,0.037290221055453,-8.23095236411008e-05,-0.0343249304629348,0.0343250291499219,0.0132248445470092,0.00595253861147945,0.0145027317845195
2024-099-00:10:53.400000000,0.0674743680598172,90.0550451023856,0.087079,50.7927,0.00173448156379036,-0.0369911251941041,0.0370317670307671,-8.38551177703713e-05,-0.0340550118173482,0.0340551150572201,0.0132157164722105,0.00599041206416268,0.0145100033967026
2024-099-00:10:53.500000000,0.0519553354142396,90.0469214638991,0.070007,47.914454,0.00173278662474854,-0.0367546979146811,0.0367955210356691,-8.42388129413405e-05,-0.0338217917477499,0.0338218966529934,0.0132064454840546,0.00601173590797828,0.0145103814888025
2024-099-00:10:53.600000000,0.0406380694570676,90.0413969527643,0.05801,44.469995,0.00173030990716335,-0.0365425919572918,0.0365835345385319,-8.53904396361391e-05,-0.0336117223444324,0.0336118308112843,0.0131975014725544,0.00602921330445306,0.0145094954491419
2024-099-00:10:53.700000000,0.0330004906662134,90.0378644860434,0.050227,41.073524,0.00172971042848165,-0.0363442101929934,0.0363853475003178,-8.46989923719612e-05,-0.0334146452983018,0.0334147526450613,0.0131882992210471,0.00604285835101674,0.0145068043825759
2024-099-00:10:53.800000000,0.0282520274687663,90.0355972184672,0.045446,38.437569,0.00172824179605188,-0.0361584202488156,0.0361996985428826,-8.48670271141423e-05,-0.0332296455298721,0.0332297539029894,0.0131793579118455,0.00605623564588359,0.0145042567947136
2024-099-00:10:53.900000000,0.0291829120518234,90.0368895260318,0.047037,38.347151,0.00172509942139132,-0.0359680871797902,0.0360094329778555,-8.66628302257838e-05,-0.0330403147436426,0.033040428399237,0.0131708412700347,0.00606635956117318,0.0145007509490332
2024-099-00:10:54.000000000,0.0450403522499102,90.0441682234196,0.063083,45.560131,0.00172397537465536,-0.0357452927187692,0.0357868417528414,-8.65043550252026e-05,-0.0328201143248414,0.032820228324908,0.0131615080995392,0.00609139447665744,0.0145027715325205
2024-099-00:10:54.100000000,0.0676360823936952,90.0531618138818,0.086028,51.832747,0.00172154082857774,-0.0354971083543094,0.0355388295297136,-8.76727746729746e-05,-0.0325665121521694,0.032566630164523,0.0131521129857792,0.00613077476791388,0.0145108399221269
2024-099-00:10:54.200000000,0.084468400184196,90.0597572248215,0.103469,54.722502,0.00172171833017994,-0.0352603594138478,0.0353023690423491,-8.60264146624714e-05,-0.0323008958713282,0.0323010104274527,0.0131420961707259,0.00617163198755812,0.0145190816910181
2024-099-00:10:54.300000000,0.0963779333868996,90.0646174830769,0.116035,56.159786,0.00171891992145193,-0.0350341961287018,0.0350763393768607,-8.72593987211536e-05,-0.0320374898752551,0.0320376087077318,0.0131325169764282,0.00620999442339554,0.0145267695264563
2024-099-00:10:54.400000000,0.105106082759865,90.0684261682983,0.125417,56.935101,0.00171478722021665,-0.0348110099190465,0.0348532194609705,-8.96285383534966e-05,-0.0317838545449428,0.0317839809182073,0.0131233060060588,0.00624531737599488,0.014533586950769
2024-099-00:10:54.500000000,0.105989007046586,90.0725282319275,0.128429,55.616218,0.00171189845105958,-0.0345983361018636,0.0346406619065551,-9.14309952018179e-05,-0.0315536939021538,0.0315538263685675,0.0131138793204962,0.00627970249793612,0.0145398932009531
2024-099-00:10:54.600000000,0.0954700217967719,90.0783215986257,0.123486,50.635301,0.001708752665794,-0.0343890262777468,0.0344314531207211,-9.2862193937742e-05,-0.0313562021085631,0.0313563396151419,0.0131042790744173,0.00630985652255332,0.0145442916429581
2024-099-00:10:54.700000000,0.0835143138884398,90.0838547163821,0.118348,44.8835,0.00170695943123533,-0.03418044736379,0.0342230432967132,-9.32247003058929e-05,-0.0311889043393066,0.031189043664902,0.0130944595499793,0.00634457434847637,0.0145505496311785
2024-099-00:10:54.800000000,0.0772737562396762,90.0875523010563,0.116776,41.431687,0.00170437601293623,-0.0339738860215066,0.0340166110745294,-9.42817936156894e-05,-0.0310524211886112,0.0310525643181286,0.0130848780658021,0.00637351063881877,0.0145545756331143
2024-099-00:10:54.900000000,0.0740785577396554,90.0899119335338,0.116498,39.485181,0.00170437358195685,-0.0337635774871038,0.0338065682084789,-9.3763075319993e-05,-0.0309245482845768,0.0309246904288372,0.013074949725436,0.0064059720857919,0.014559903457325
2024-099-00:10:55.000000000,0.0724013464137907,90.091414666517,0.116613,38.379609,0.00170511215025302,-0.0335647045612692,0.0336079871419016,-9.31492039076247e-05,-0.0308041344237022,0.0308042752611988,0.0130649649898196,0.00642826719460219,0.0145607667830513
2024-099-00:10:55.100000000,0.0681660832675716,90.0886680425259,0.111842,37.552332,0.00170326803673626,-0.0333592621260198,0.0334027168295854,-9.4354448924409e-05,-0.0306604392499662,0.0306605844328333,0.0130556567921104,0.0064532154481153,0.0145634530209416
2024-099-00:10:55.200000000,0.0631280307123621,90.0784072220528,0.100662,38.838615,0.0017027640231422,-0.0331535195145772,0.0331972176774193,-9.36555324007702e-05,-0.0304685487480927,0.0304686926889496,0.0130457396474696,0.00648427106465719,0.0145683593513309
2024-099-00:10:55.300000000,0.0676815969986122,90.0657682793497,0.094373,45.821433,0.00169913363722095,-0.0329386913853561,0.0329824869483316,-9.59497162331835e-05,-0.0302159984530464,0.0302161507949399,0.0130364790758986,0.00652398265751876,0.0145777960066653
2024-099-00:10:55.400000000,0.0771788249885766,90.0560868586391,0.095406,53.993627,0.00169637530397947,-0.0326960993384048,0.0327400763761905,-9.73457708433101e-05,-0.0299589958616571,0.0299591540140553,0.0130271786338434,0.00657102833097031,0.0145906064467684
2024-099-00:10:55.500000000,0.0864188057920038,90.048509755709,0.099103,60.693072,0.00169591264908123,-0.0324572719238885,0.0325015479701284,-9.65498517973935e-05,-0.029723326655139,0.0297234834654685,0.0130178401996297,0.00658934667676775,0.0145905329953956
2024-099-00:10:55.600000000,0.0944052367587285,90.042271336134,0.103437,65.878869,0.00169631759372581,-0.0322465047029237,0.0322910910149296,-9.48990766567268e-05,-0.0295143902607716,0.0295145428272213,0.0130084072624036,0.00660823648947763,0.0145906630762765
2024-099-00:10:55.700000000,0.0940189734559799,90.0405404967219,0.102387,66.674564,0.00169619786379171,-0.0320451107146546,0.0320899705189582,-9.37622027070925e-05,-0.0293144364384164,0.0293145863872,0.0129992633290942,0.00662148714023754,0.0145885207971016
2024-099-00:10:55.800000000,0.0794205254622823,90.0468751408167,0.092222,59.450301,0.00169452514650779,-0.0318102406735961,0.0318553422079288,-9.41471204382255e-05,-0.02908241558797,0.0290825679765678,0.0129902341681222,0.00664708674527812,0.0145921193094732
2024-099-00:10:55.900000000,0.0637589291414952,90.0560062384515,0.084864,48.703744,0.00169136340850228,-0.0315676006430165,0.0316128790295442,-9.60163284443655e-05,-0.0288248495973576,0.0288250095133655,0.0129812655125652,0.00669234301283232,0.0146048180169805
2024-099-00:10:56.000000000,0.0565556278601473,90.0627372886859,0.084466,42.033648,0.00169220104544931,-0.0313453088368269,0.0313909530032823,-9.38464709692804e-05,-0.0285619243638534,0.0285620785400257,0.0129714340343114,0.00673130843230406,0.0146139869343482
2024-099-00:10:56.100000000,0.0545368610857527,90.0677729020411,0.086991,38.823652,0.00169243991162083,-0.0311259089998063,0.0311718873974398,-9.22424682573773e-05,-0.0283123370939369,0.0283124873579427,0.0129617432105714,0.00676592825558626,0.014621373814267
2024-099-00:10:56.200000000,0.0553180548394539,90.071920603251,0.090734,37.565862,0.00169062233175079,-0.0309194731773119,0.0309656588082851,-9.25971065006972e-05,-0.0280865247816017,0.0280866774206501,0.0129523030868875,0.00679722057927215,0.0146275207351717
2024-099-00:10:56.300000000,0.0561712131808513,90.0732273215933,0.09229,37.491108,0.00168948351706966,-0.0307091054595691,0.0307555444218012,-9.24930300031473e-05,-0.0278670088597503,0.0278671623555396,0.0129429325118012,0.00682481464937199,0.0146320742549826
2024-099-00:10:56.400000000,0.0600929057369433,90.0697481805418,0.092065,40.747202,0.00168543822700642,-0.0304946020471882,0.0305411436595526,-9.46196517732479e-05,-0.0276293638638932,0.0276295258808744,0.0129339731737209,0.00685630104384022,0.0146388703820444
2024-099-00:10:56.500000000,0.0709011418374918,90.0642426534458,0.095677,47.820683,0.00168195011728157,-0.0302714612013123,0.0303181516497886,-9.66280239952268e-05,-0.0273671507150258,0.0273673213017635,0.0129250141007515,0.00689145435913463,0.0146474616466015
2024-099-00:10:56.600000000,0.0824197215482213,90.0596098988412,0.101717,54.123764,0.00167926219909596,-0.0300425857280286,0.030089481197908,-9.80248132513383e-05,-0.0271062311917278,0.0271064084357078,0.0129159765105706,0.00693470700615441,0.0146598980379408
2024-099-00:10:56.700000000,0.0922670653618547,90.0555311807559,0.107689,58.958281,0.00167745394541883,-0.0298037946401274,0.029850963580593,-9.85283940872954e-05,-0.0268549533860618,0.026855134131335,0.0129066930726679,0.00697211024023268,0.0146694596790069
2024-099-00:10:56.800000000,0.100582116396713,90.051767050312,0.113122,62.766302,0.00167395213753056,-0.0295608141189092,0.0296081719653788,-0.000100721890066768,-0.0266114445251056,0.026611635136006,0.0128977600408325,0.00700630332170214,0.0146778915483999
2024-099-00:10:56.900000000,0.103327810487084,90.0495147804079,0.114579,64.396244,0.00167381254683826,-0.0293226917163735,0.0293704255661274,-9.96202527594757e-05,-0.0263762531322034,0.0263764412589877,0.0128884311108813,0.00703310468218787,0.0146825140207849
2024-099-00:10:57.000000000,0.0967007312075688,90.0497765862278,0.10876,62.762934,0.00167280317235897,-0.0290832105953595,0.0291312788766214,-9.93784187925229e-05,-0.026139346972672,0.0261395358839413,0.0128792264488699,0.00705781498280173,0.0146862938229061
2024-099-00:10:57.100000000,0.0867209401329664,90.0512564361293,0.100736,59.4148,0.00166937340565154,-0.0288460314078447,0.0288942958998806,-0.000101511498445648,-0.0259010059161605,0.02590120483787,0.0128705333394766,0.00708620419052885,0.0146923421642857
2024-099-00:10:57.200000000,0.0793036124166589,90.0525763352079,0.095149,56.456626,0.00166582602000236,-0.028601888375218,0.028650357675906,-0.000103759764783426,-0.0256534281778815,0.0256536380142567,0.012861786861483,0.00712210153958505,0.0147020369884713
2024-099-00:10:57.300000000,0.0736362427831556,90.0537115822999,0.091144,53.892344,0.00166500461433563,-0.0283609947459158,0.0284098268798602,-0.000103358401559338,-0.0254047023711167,0.0254049126257934,0.0128526895636197,0.00715548835637285,0.0147102903654879
2024-099-00:10:57.400000000,0.0688616653366662,90.054820076779,0.088018,51.477075,0.00166499803667983,-0.0281286130298336,0.0281778474948721,-0.000102183633563147,-0.0251600678678603,0.0251602753683322,0.012843245711847,0.0071905753917866,0.014719148578632
2024-099-00:10:57.500000000,0.0596670941806487,90.0540289085887,0.080494,47.838987,0.0016637720393472,-0.0278922867760154,0.0279418646298775,-0.000102099356705681,-0.024915493412952,0.024915702604773,0.0128340682283615,0.00723047936359959,0.0147306869872955
2024-099-00:10:57.600000000,0.0427198136467878,90.0492537061806,0.065199,40.936485,0.00166342968003024,-0.0276546970470126,0.0277046795156062,-0.000101215517465899,-0.0246807834041608,0.0246809909449372,0.0128250568216715,0.00725307082093505,0.0147339444417509
2024-099-00:10:57.700000000,0.0329410348314067,90.0432134006876,0.054337,37.317826,0.00166273101931996,-0.0274442680117689,0.0274945907615373,-0.000100681155344616,-0.0244722566508251,0.024472463755799,0.0128162760173761,0.00727400290562482,0.0147366227211193
2024-099-00:10:57.800000000,0.0364303961993972,90.0385701887243,0.053055,43.365781,0.00165957051189238,-0.0272592124027274,0.0273096839070127,-0.000102580185499225,-0.0242881132935691,0.024288329914914,0.0128080125238577,0.00729156172594738,0.0147381157959421
2024-099-00:10:57.900000000,0.0438025653576542,90.0348293116271,0.055962,51.510281,0.0016588855583855,-0.0270958448658204,0.0271465782427257,-0.000102073740801661,-0.0241248595503322,0.0241250754894532,0.0127991040557927,0.00730705779011545,0.0147380513698079
2024-099-00:10:58.000000000,0.0511893028713243,90.0316564449549,0.060187,58.266568,0.00165725657791934,-0.0269441277756638,0.0269950462299355,-0.000102488768734125,-0.0239726470415258,0.023972866122458,0.0127904831411328,0.00732257047802428,0.0147382664309353
2024-099-00:10:58.100000000,0.0575679494251912,90.0289959522331,0.064458,63.266426,0.00165625988002955,-0.0268047458740793,0.0268558671087747,-0.000102265798992458,-0.0238321910035581,0.0238324104178264,0.0127819424648215,0.00733489194590874,0.0147369838512554
2024-099-00:10:58.200000000,0.063004678176928,90.0266932255642,0.068426,67.039067,0.00165414968980429,-0.0266764971596406,0.0267277330109494,-0.000103148299943748,-0.02370242042708,0.0237026448666355,0.0127735745030052,0.00734614892979926,0.0147353354112696
2024-099-00:10:58.300000000,0.0671839939167902,90.0248947213166,0.071648,69.668053,0.00165473478197586,-0.0265512341350033,0.0266027476267104,-0.000101344740100373,-0.0235752420345915,0.0235754598628726,0.0127650432802995,0.00735501213567401,0.0147323634717526
2024-099-00:10:58.400000000,0.069933574918193,90.0236365770916,0.07382,71.32547,0.00165254637298309,-0.0264360936334401,0.0264876944279957,-0.000102291599105118,-0.0234579356051883,0.0234581586325187,0.0127569279179979,0.00736361504993938,0.014729631241436
2024-099-00:10:58.500000000,0.0713710017778749,90.0227297114245,0.074903,72.334755,0.00165038174761526,-0.0263262578241079,0.0263779379583443,-0.000103226261231031,-0.0233457814659267,0.0233460096786541,0.0127488144027974,0.00736842118593498,0.0147250093191926
2024-099-00:10:58.600000000,0.0720630302987892,90.0222134464986,0.075409,72.868082,0.00165049238627121,-0.0262148614975974,0.0262667677580503,-0.000101932039165118,-0.0232320393476955,0.0232322629632475,0.0127401875601256,0.00737704182369139,0.0147218587527415
2024-099-00:10:58.700000000,0.0763274848536899,90.0282078119605,0.081373,69.717566,0.00164942459966278,-0.0260777983970234,0.0261299095051201,-0.000101786845449051,-0.0230937736565433,0.0230939979705022,0.012731740878519,0.00738695848175888,0.0147195238173312
2024-099-00:10:58.800000000,0.089693168706669,90.0467054910506,0.101125,62.492894,0.00164413852601148,-0.0258580943521176,0.0259103113647006,-0.000105784172564848,-0.022876588460953,0.0228768330391899,0.0127237643019301,0.00740722089646166,0.0147228088155776
2024-099-00:10:58.900000000,0.106523492478528,90.0686586066754,0.126733,57.196654,0.00164117037151332,-0.0256615034197726,0.0257139300370701,-0.000107459929267607,-0.0226481280484039,0.0226483829827495,0.0127147645081934,0.00743658587099805,0.0147298352304275
2024-099-00:10:59.000000000,0.119376836788297,90.0846351784341,0.146335,54.664366,0.0016379507033404,-0.0254651119356252,0.025517735173806,-0.000109196393235207,-0.0224945655795237,0.0224948306164725,0.0127055939732862,0.00746006032183771,0.0147337917122329
2024-099-00:10:59.100000000,0.128995407908058,90.0964141715184,0.161045,53.224765,0.00163387599024057,-0.02527224787086,0.0253250086514827,-0.000112332265452044,-0.0224095263425432,0.0224098078848302,0.0126963710168557,0.00747898969035546,0.0147354376855964
2024-099-00:10:59.200000000,0.136741669371734,90.1056990616337,0.172831,52.296635,0.00163251629380857,-0.0250973176365913,0.0251503570949103,-0.000112283776227396,-0.0223825928299276,0.0223828744676981,0.0126863431742853,0.00753792371149556,0.0147568152734952
2024-099-00:10:59.300000000,0.12928869895711,90.1034433398911,0.165578,51.336909,0.00163229327598518,-0.0249167832258812,0.0249701915824525,-0.00011104654787302,-0.022334253285539,0.0223345293471433,0.0126765692156699,0.0075850044122766,0.0147725319093893
2024-099-00:10:59.400000000,0.0937208923700006,90.080533830648,0.123569,49.327754,0.00162830752080564,-0.0247171112911152,0.0247706878378395,-0.000113286975187381,-0.0221584365311901,0.0221587261241599,0.0126677519154555,0.00761066097599943,0.0147781629129986
2024-099-00:10:59.500000000,0.0506307756166938,90.051092564429,0.07193,44.73991,0.00162609491211521,-0.0244879549972576,0.0245418851071168,-0.000114303580830515,-0.0219291035612999,0.0219294014581066,0.0126590706144377,0.00763862623030256,0.0147851506420322
2024-099-00:10:59.600000000,0.022530005544612,90.0292991551824,0.03696,37.559003,0.00162479303845817,-0.0243509207523531,0.0244050669719467,-0.000114415599060037,-0.0217907632693426,0.0217910636452156,0.0126508160429471,0.00764525171853831,0.014781509408457
2024-099-00:10:59.700000000,0.0185027777571363,90.0129475522821,0.022583,55.01711,0.00162200310282046,-0.0242867171278422,0.0243408200953333,-0.000115972729407332,-0.021721928767613,0.0217222383528774,0.012643299205312,0.0076376523887022,0.0147711458189841
2024-099-00:10:59.800000000,0.0322849105874453,89.9995533542995,0.032288,90.792608,0.00162050584401957,-0.0242830593887167,0.0243370707453967,-0.000116254062691225,-0.0217109211289104,0.021711232375728,0.0126357565328889,0.00763215588847098,0.0147618476710867
2024-099-00:10:59.900000000,0.0398530686780785,89.9860834516789,0.042213,109.249015,0.00161903166865759,-0.0243435524930754,0.0243973320575679,-0.0001165482068642,-0.0217615533736793,0.02176186546967,0.0126281888310949,0.00762452816635419,0.0147514264704577
2024-099-00:11:00.000000000,0.0363531623857198,89.969347996613,0.047551,130.136676,0.00161707151323298,-0.0244516118760024,0.0245050248645777,-0.000117466029485449,-0.021889143214894,0.0218894583978276,0.0126213479626764,0.00760353208199043,0.0147347251252547
2024-099-00:11:00.100000000,0.036624584668753,89.953453291449,0.059228,141.803082,0.00161372107578933,-0.0245875388718458,0.0246404375668326,-0.000119840136964092,-0.0220745789697066,0.0220749042658908,0.0126149228255007,0.00757503639420957,0.0147145320777434
2024-099-00:11:00.200000000,0.0430665141247949,89.9424686675847,0.071865,143.182384,0.00161483582486196,-0.0248160020666887,0.0248684871537284,-0.000119629259028899,-0.0222671119137572,0.0222674332633872,0.0126081586800798,0.00752280855560154,0.0146819042997256
2024-099-00:11:00.300000000,0.0503600161379307,89.9351089416102,0.08214,142.186014,0.00161323086402072,-0.025120699303291,0.0251724461923547,-0.000119119041652641,-0.0224672501470091,0.0224675659232228,0.0126016348299862,0.00747676098659842,0.0146527524799623
2024-099-00:11:00.400000000,0.0572252630255869,89.9303260656355,0.090162,140.60271,0.00161193782517688,-0.0254621526654808,0.0255131252870456,-0.000119828431032142,-0.0226642845034942,0.0226646012739737,0.0125953076228506,0.00743096620750635,0.0146239882689825
2024-099-00:11:00.500000000,0.0626185388990892,89.9248411874017,0.097826,140.200621,0.00161203088588143,-0.0258366174194812,0.0258868585049958,-0.000119680155317515,-0.0228638091477463,0.0228641223772998,0.0125889445806469,0.00738799315653681,0.0145967108807304
2024-099-00:11:00.600000000,0.0659946332540894,89.9159384993554,0.106872,141.865384,0.00161237481003682,-0.0262139125236291,0.026263452977941,-0.000118790359781577,-0.0230510868011756,0.023051392883401,0.01258245853007,0.00735508281585656,0.0145744813248719
2024-099-00:11:00.700000000,0.0702190211610401,89.9065843271598,0.116864,143.068393,0.00161243247360033,-0.026611703772579,0.026660508550315,-0.000119643770594974,-0.0232239022406488,0.0232242104260845,0.0125762467917693,0.00731784828996418,0.0145503569359112
2024-099-00:11:00.800000000,0.0745825166693908,89.8999313141478,0.124805,143.30232,0.00161403325630844,-0.0269880668424783,0.0270362877489967,-0.000119107404123366,-0.0233849238340226,0.0233852271594004,0.0125697843524241,0.00727713762617241,0.0145243316781427
2024-099-00:11:00.900000000,0.0783506977197472,89.8953867771765,0.130701,143.168373,0.00161129471604472,-0.0273604380504078,0.0274078426909554,-6.52002686637934e-05,-0.0236342674630896,0.0236343573974816,0.0125642898473085,0.00721223105315382,0.0144871548666829
2024-099-00:11:01.000000000,0.0815403241653598,89.892273100765,0.135107,142.877266,0.00161116618828171,-0.0277400015069588,0.027786751161162,-9.52473289043692e-05,-0.0239165026891473,0.0239166923493541,0.0126437513331987,0.00701532580419216,0.0144595727431598
2024-099-00:11:01.100000000,0.0765315625230893,89.9007880259664,0.1253,142.353576,0.00160891277917628,-0.0281207839141278,0.0281667727699867,-9.43802369351403e-05,-0.0240835418279118,0.0240837267590774,0.0126376886253505,0.00697424468832088,0.0144343778100715
2024-099-00:11:01.200000000,0.0565368067948814,89.9312565708798,0.089006,140.565006,0.00160685828815134,-0.0284646042035241,0.0285099225888371,-9.4338223987315e-05,-0.0242827253263628,0.024282908577353,0.0126313615695398,0.00693435304468165,0.0144095991356017
2024-099-00:11:01.300000000,0.035829451762128,89.968040609149,0.048012,131.732529,0.00160359643745146,-0.0285709983787836,0.0286159652972717,-9.66809661474634e-05,-0.0244115885717988,0.0244117800212929,0.0126247998995012,0.00691025598294836,0.0143922621659112
2024-099-00:11:01.400000000,0.0286833260655846,89.9954053064761,0.029049,99.100718,0.00160343472855303,-0.0285839499019831,0.0286288874203628,-9.57067817076843e-05,-0.0244176659658989,0.0244178535299539,0.0126169268680806,0.00690716517353945,0.014383872021436
2024-099-00:11:01.500000000,0.0315753476536344,90.0162533263148,0.035513,62.762978,0.0016039270242533,-0.028502858003662,0.0285479508244646,-9.40822569881751e-05,-0.0243337179836625,0.0243338998596506,0.0126087318316424,0.00690619899041049,0.0143762200490052
2024-099-00:11:01.600000000,0.0383408627982104,90.0332466225183,0.050748,49.070372,0.00160346655623964,-0.0283446228110617,0.0283899409527096,-9.3400860909568e-05,-0.0241759736492436,0.0241761540698627,0.0126003773452932,0.00691694791056009,0.0143740626700032
2024-099-00:11:01.700000000,0.0479699017641701,90.0488558393996,0.068469,44.475779,0.00160367366877746,-0.0281171186293761,0.0281628146543334,-9.2071820894468e-05,-0.0239519917799885,0.0239521687420751,0.0125915276262053,0.00694232594918579,0.0143785415653407
2024-099-00:11:01.800000000,0.0616086650452561,90.0656406476806,0.090024,43.185168,0.00160149192539656,-0.0279132109081557,0.0279591151431925,-9.28088534882849e-05,-0.0237131348540032,0.023713316471709,0.0125826091821674,0.00697922936110993,0.0143885960505583
2024-099-00:11:01.900000000,0.0750139957067663,90.0806606903425,0.110151,42.922681,0.00160138242771412,-0.0277145277200998,0.0277607541761382,-9.20042692019542e-05,-0.023539835707102,0.023540015503455,0.012573498106199,0.0070137943194831,0.0143974360697522
2024-099-00:11:02.000000000,0.0844433561238327,90.0907313858375,0.123947,42.94424,0.00160064032814672,-0.0275211860868984,0.0275676936483591,-9.14818117485436e-05,-0.0234228605449486,0.0234230391928543,0.0125644304219257,0.00703742633327011,0.0144010513929927
2024-099-00:11:02.100000000,0.0909157162860585,90.0972888849004,0.133157,43.060573,0.00160042712286922,-0.0273358331857351,0.0273826430962015,-9.04086798314294e-05,-0.0233514572455114,0.0233516322602583,0.0125553585196712,0.00706604411488275,0.0144071512448141
2024-099-00:11:02.200000000,0.0955635859700505,90.1015382129692,0.139436,43.263801,0.00159783482928778,-0.0271605373534852,0.0272074964940134,-9.23269946452229e-05,-0.0233016487646676,0.0233018316753399,0.0125459650055106,0.00710361748532698,0.0144174414962343
2024-099-00:11:02.300000000,0.0945811886246587,90.0988157065085,0.136785,43.745722,0.00159517906416941,-0.0269760740817949,0.0270231968707118,-9.43700253473046e-05,-0.0232360609493024,0.0232362525838695,0.0125370038710194,0.00713263314927097,0.0144239703862714
2024-099-00:11:02.400000000,0.0842851524149771,90.0845745579118,0.119402,44.901833,0.00159243462842825,-0.0267877009938271,0.0268349915703453,-9.60861703529847e-05,-0.023090692045908,0.0230908919643892,0.0125281644159467,0.00715407307163746,0.0144269076779233
2024-099-00:11:02.500000000,0.0708775472126644,90.0662119142329,0.096993,46.949244,0.00159023518305735,-0.0265875320473724,0.0266350466173327,-9.68616801432757e-05,-0.022852179839284,0.0228523851182334,0.0125193370756545,0.00719221305456193,0.0144382038161285
2024-099-00:11:02.600000000,0.0600663508467089,90.0512576604469,0.078964,49.524208,0.00158878855167461,-0.0263593265478717,0.0264071646550565,-9.7137985233792e-05,-0.0226236077696898,0.0226238163072667,0.0125107848543579,0.00722243329085508,0.0144458741622957
2024-099-00:11:02.700000000,0.0513385439769575,90.0387232143374,0.064305,52.97379,0.00158701940542336,-0.0261798929225942,0.0262279511977525,-9.77667056623827e-05,-0.0224453952336988,0.0224456081567349,0.0125026301440622,0.00723770349540807,0.0144464567422831
2024-099-00:11:02.800000000,0.0440233091729206,90.0278407641058,0.052088,57.690352,0.0015873254444297,-0.0260463224871867,0.0260946453735831,-9.63346121717985e-05,-0.0223109268784129,0.0223111348553002,0.012494368896422,0.00724971104237692,0.0144453301906824
2024-099-00:11:02.900000000,0.0434683137843964,90.0217831914278,0.048621,63.383271,0.00158646036204319,-0.0259423786277021,0.0259908419514141,-9.60619626874729e-05,-0.022204900033572,0.0222051078223368,0.0124864775903123,0.00725832349508882,0.0144428315289188
2024-099-00:11:03.000000000,0.0549704169336747,90.0239343991549,0.059955,66.471453,0.00158615159234066,-0.0258321724650881,0.025880823231496,-9.52633081362475e-05,-0.0220930281409461,0.0220932335237401,0.0124782374342711,0.00726591815342581,0.0144395282498539
2024-099-00:11:03.100000000,0.070271950208844,90.0296293540773,0.076263,67.137854,0.00158486414009115,-0.0256917720701254,0.025740608898117,-9.54054062816401e-05,-0.0219520889421207,0.0219522962606267,0.0124703028055545,0.0072750976822757,0.0144372953959138
2024-099-00:11:03.200000000,0.0816969533960017,90.0343330530054,0.088618,67.205489,0.00158264349265449,-0.0255322648634614,0.025581268723087,-9.64747751966859e-05,-0.0217929420113617,0.0217931555515218,0.0124623785721196,0.00728526154643326,0.0144355781136318
2024-099-00:11:03.300000000,0.0902550597498108,90.0383659542832,0.098071,66.970465,0.00158070013299322,-0.0253527789756814,0.0254020080840117,-9.72621996732819e-05,-0.021614606872697,0.0216148257035935,0.0124543892027178,0.00729647502686044,0.0144343464774257
2024-099-00:11:03.400000000,0.0972024128601629,90.0422911416971,0.106004,66.486971,0.00157943392077199,-0.0251597567267758,0.025209283410296,-9.74148275183899e-05,-0.0214234636642277,0.0214236851410094,0.0124459679618947,0.00731125758843927,0.014434562897193
2024-099-00:11:03.500000000,0.102747073055552,90.0486527838043,0.113684,64.66154,0.00157849817250468,-0.0249291036983951,0.0249790285576909,-9.71993861216957e-05,-0.0211960292964395,0.0211962521606104,0.0124376346572998,0.00733169955871909,0.0144377482415987
2024-099-00:11:03.600000000,0.107109505507273,90.0602617330012,0.122898,60.637145,0.00157835269622861,-0.0247144084941964,0.0247647569027378,-9.62677837172148e-05,-0.0209509488277258,0.020951169997596,0.0124286784958333,0.00736813584285727,0.0144485803784173
2024-099-00:11:03.700000000,0.11098174423045,90.07300723305,0.132842,56.661881,0.001578443716144,-0.0245219433758662,0.0245726919871272,-9.46928111424406e-05,-0.020749339544837,0.0207495556163359,0.0124195042467089,0.00739708732285793,0.014455482925036
2024-099-00:11:03.800000000,0.113889777394951,90.083061008978,0.140961,53.896382,0.00157952438149442,-0.0243274974063202,0.0243787207893739,-9.28324695531617e-05,-0.0205920626779171,0.0205922719290191,0.0124101959231177,0.00742530313669177,0.01446195317106
2024-099-00:11:03.900000000,0.116125442445479,90.0910414820128,0.147559,51.903868,0.00157992851643887,-0.0241455101152661,0.0241971451382901,-9.19466664779793e-05,-0.0204945962173991,0.020494802470473,0.0124009839282313,0.00745187421647715,0.0144677168802284
2024-099-00:11:04.000000000,0.117721289736531,90.0976024474474,0.15292,50.338005,0.00157863183196224,-0.0239709918848538,0.0240229167755418,-9.17909812731328e-05,-0.0204320454417942,0.020432251626284,0.0123918269353207,0.00747631885639477,0.0144724814194879
2024-099-00:11:04.100000000,0.115775865762161,90.089703870485,0.146461,52.231299,0.00157634023921956,-0.0237871069160032,0.023839280693493,-9.29761987374897e-05,-0.0203204477062359,0.0203206604113991,0.0123831063712582,0.00749760014353929,0.014476026088478
2024-099-00:11:04.200000000,0.111389295699617,90.0539325370171,0.123759,64.164666,0.00157319068072682,-0.0235613415843273,0.0236138041444253,-9.49039281090794e-05,-0.02008772709064,0.020087951274921,0.0123748582998965,0.00752999205577204,0.0144857826265103
2024-099-00:11:04.300000000,0.115585697191949,90.0098777925678,0.116007,85.115457,0.0015723666788856,-0.0235145932817226,0.0235671049171871,-9.4636200571435e-05,-0.0200365216081899,0.0200367450990903,0.0123672274352949,0.00751709732672317,0.0144725625462714
2024-099-00:11:04.400000000,0.124958505401599,89.9770751074799,0.127044,100.395865,0.00157140010506036,-0.0236039811158359,0.023656230105554,-9.46708241116357e-05,-0.0201250557660119,0.0201252784365838,0.0123604427267867,0.00749748590933726,0.0144565846368665
2024-099-00:11:04.500000000,0.134999688237429,89.9521049902723,0.143244,109.533564,0.00157355193239167,-0.0237463254983549,0.023798404155694,-9.12933678278777e-05,-0.0203117593252958,0.0203119644881472,0.0123534533492727,0.00746810113225019,0.0144353851411791
2024-099-00:11:04.600000000,0.144570334715477,89.9317750207147,0.15986,115.263298,0.00157202461712782,-0.0240752291602801,0.0241264983061541,-9.1253069560181e-05,-0.0205061007640383,0.0205063038031624,0.012347670132422,0.00742609351875368,0.0144087411888888
2024-099-00:11:04.700000000,0.145100881891485,89.9199342557398,0.165725,118.889575,0.00157071432624874,-0.0244495276998908,0.0244999295558663,-8.96459234928517e-05,-0.0206950231237247,0.0206952172852352,0.0123416373129142,0.00739060084146313,0.0143853047364785
2024-099-00:11:04.800000000,0.128007409321632,89.920867480506,0.150492,121.723768,0.00157145327497735,-0.0248140199474777,0.0248637296347362,-8.97007361265611e-05,-0.0208821832834141,0.0208823759401118,0.0123358019830141,0.0073529168313827,0.014360967811863
2024-099-00:11:04.900000000,0.104903784592519,89.9279685639118,0.127253,124.475125,0.00157105566500448,-0.0251593923658885,0.0252083962227523,-9.02506021684616e-05,-0.0210726042723182,0.0210727975358972,0.0123298260869346,0.00731293144453817,0.014335395971042
2024-099-00:11:05.000000000,0.0870372872677763,89.9347263580119,0.108794,126.868049,0.00157030628255213,-0.0254641985456561,0.0255125708111436,-9.0888900254724e-05,-0.0212659764379964,0.0212661706626654,0.01232393389851,0.00726758907560634,0.0143072428408382
2024-099-00:11:05.100000000,0.0729069627393215,89.9413029008837,0.093599,128.83738,0.0015708441074107,-0.0256983421133417,0.0257463072805429,-8.99304037165763e-05,-0.0214586398909186,0.021458828333477,0.0123176708254781,0.00721282227478599,0.0142740961091231
2024-099-00:11:05.200000000,0.0610575724386696,89.947881187608,0.080277,130.484094,0.00156930089083731,-0.025872087694691,0.0259196378633607,-9.03760688906446e-05,-0.0216439813734171,0.0216441700586244,0.0123114275111186,0.00717419947497181,0.014249224030389
2024-099-00:11:05.300000000,0.0466248501178408,89.9533320146543,0.065968,135.026482,0.00156821165438947,-0.0260022896943736,0.0260495366013119,-9.09909215429741e-05,-0.0218196499374479,0.0218198396589108,0.0123050082050584,0.00714475707659666,0.0142288713751348
2024-099-00:11:05.400000000,0.0321226125529004,89.9562219305522,0.054299,143.730249,0.00156931191685751,-0.0261203774615951,0.0261674771162333,-8.84383048658344e-05,-0.0219918113374402,0.021991989160495,0.0122978663294496,0.00712234096712551,0.0142114481003522
2024-099-00:11:05.500000000,0.040453368853961,89.9572803931711,0.058834,136.560761,0.00156980340823888,-0.0262347704474964,0.0262816944501938,-8.75499651667801e-05,-0.0221642101059734,0.0221643830191173,0.0122912003465603,0.0070930244449986,0.0141910042539854
2024-099-00:11:05.600000000,0.0566214850106866,89.9576203628513,0.070725,126.813841,0.00156871606803679,-0.0263470781365759,0.0263937378261767,-8.81064947530343e-05,-0.0223315106661221,0.0223316844726398,0.0122847998586968,0.0070668189330914,0.0141723758559155
2024-099-00:11:05.700000000,0.0706207208716848,89.9572347300989,0.08256,121.197516,0.00156758931770275,-0.0264599851761314,0.0265063794545779,-8.79267725404394e-05,-0.0225010271348931,0.0225011989290021,0.01227830196814,0.00704014260363183,0.0141534556593188
2024-099-00:11:05.800000000,0.0818929949421163,89.9563238506456,0.092812,118.072406,0.00156567640882683,-0.0265778466546144,0.0266239229906743,-8.87724138236906e-05,-0.0226722874346321,0.0226724612263431,0.0122721260029692,0.00700786551306691,0.0141320648060354
2024-099-00:11:05.900000000,0.0907953865503735,89.9489232054555,0.104176,119.359834,0.00156485796690088,-0.0267442236469623,0.0267899660122089,-8.81236013374534e-05,-0.0228547815995163,0.0228549514926351,0.0122656822668687,0.00697140048254906,0.0141084154375983
2024-099-00:11:06.000000000,0.0988491589757401,89.928793096708,0.121826,125.767406,0.00156287074429063,-0.0270910910346279,0.0271361341832225,-8.61931140730229e-05,-0.0230505988234599,0.0230507599738708,0.0122597401739089,0.00693198601377651,0.0140838084063562
2024-099-00:11:06.100000000,0.107169546764445,89.9053775714545,0.142964,131.44197,0.001563747795746,-0.0274619042360619,0.0275063900110381,-8.58070359680412e-05,-0.0232216761578018,0.0232218346911962,0.0122537829315362,0.00690189185223973,0.0140638297512883
2024-099-00:11:06.200000000,0.114095102319151,89.8879802899068,0.159894,134.47407,0.00156470416546836,-0.0278203383055154,0.0278643055280185,-8.00090516291327e-05,-0.0234563384427967,0.0234564748969525,0.0122524250683129,0.0068317065643326,0.0140283332807489
2024-099-00:11:06.300000000,0.119230661604136,89.8749906987656,0.172752,136.355283,0.00156320146465287,-0.0283378166197256,0.0283808993795526,-5.81393963274751e-05,-0.0237276958812313,0.023727767109899,0.0122371736583518,0.00674179066073345,0.0139714050996245
2024-099-00:11:06.400000000,0.123137297043449,89.8647486173011,0.182909,137.684173,0.00134139224501026,-0.0287969674295561,0.02882819221342,-8.55397137578231e-05,-0.0240775848162556,0.0240777367629645,0.012232094993049,0.00670059505140276,0.0139471187691888
2024-099-00:11:06.500000000,0.122567207970599,89.859260192604,0.186629,138.948037,0.00140065049167682,-0.0291571595291389,0.0291907823397642,-8.58153594797958e-05,-0.0242843131094547,0.0242844647351749,0.0122269697244578,0.00665928615279361,0.0139228187055494
2024-099-00:11:06.600000000,0.114947601452948,89.8603798095771,0.18085,140.535724,0.00127796161322941,-0.029629063361968,0.0296566110941962,-4.80810900653646e-05,-0.0245676187665061,0.0245676658160194,0.0122158890206167,0.00661362690921379,0.0138912924329704
2024-099-00:11:06.700000000,0.105936287361061,89.8645181478556,0.171982,141.977296,0.00140316667947769,-0.0300246120028056,0.0300573818329111,-6.33157157413725e-05,-0.0248033535960138,0.0248034344091449,0.012210094579355,0.00656982988285885,0.0138653912431817
2024-099-00:11:06.800000000,0.0999236101133844,89.8680473641097,0.165518,142.864438,0.00134392013338048,-0.0303606413842545,0.0303903712808549,2.56882083558429e-05,-0.0251191339454742,0.0251191470805584,0.0122047855507273,0.00652403331583634,0.013839067925456
2024-099-00:11:06.900000000,0.0957138557190034,89.8711860853033,0.160481,143.386136,0.00149884771355867,-0.0308195452051903,0.0308559704291278,-2.23141927756277e-05,-0.0255032888136345,0.0255032985755736,0.0121966340612872,0.00646646519110609,0.01380481997321
2024-099-00:11:07.000000000,0.0922164363270074,89.8744085583651,0.155811,143.711705,0.00154380332295149,-0.0311660130269804,0.0312042256224677,-1.57398610439712e-05,-0.0258230586777024,0.02582306347464,0.0121747576295251,0.00640402345082261,0.0137563163563639
2024-099-00:11:07.100000000,0.0859593475033196,89.8822323296209,0.145802,143.874024,0.00154593237754126,-0.0315025904639276,0.0315404995656992,1.3647382453269e-05,-0.0262231135751585,0.0262231171264346,0.0121698384333687,0.00632343854276451,0.0137146214857873
2024-099-00:11:07.200000000,0.0731551034697447,89.899627087718,0.124203,143.914166,0.00154501876217199,-0.0318628813510515,0.0319003180386442,1.59514426006636e-05,-0.0263791791298944,0.0263791839527984,0.012163942609709,0.00628822167088605,0.0136931819382675
2024-099-00:11:07.300000000,0.0590431888858131,89.9190992695463,0.100155,143.877165,0.00154419174865438,-0.0322293138223866,0.0322662857735206,1.56968589034697e-05,-0.026563453769239,0.0265634584070274,0.0121581356412309,0.00625146668947545,0.0136711776391132
2024-099-00:11:07.400000000,0.0489293238711938,89.9330994782568,0.082884,143.819208,0.00154475866162516,-0.0325346308016339,0.0325712830683916,1.75321031439433e-05,-0.0267523960717666,0.0267524018165718,0.0121518003273952,0.00620922434366479,0.0136462712176932
2024-099-00:11:07.500000000,0.0417135327537297,89.94319340457,0.070477,143.709858,0.00154302263158503,-0.0327466054800177,0.0327829389973734,1.78417554908842e-05,-0.0269417051862165,0.0269417110939384,0.0121458283575365,0.00616308643095292,0.0136200139811284
2024-099-00:11:07.600000000,0.0362263428978864,89.950964242061,0.060966,143.543968,0.00154224380075518,-0.0328922324621773,0.0329283688069555,1.76844764347727e-05,-0.0271192710416971,0.02711927680772,0.0121394665507264,0.00613278069926151,0.0136006487801664
2024-099-00:11:07.700000000,0.0319140396735783,89.9591188917279,0.051863,142.02244,0.00154223641872205,-0.0330022056961953,0.0330382214107421,1.82571225372681e-05,-0.0272810460497989,0.0272810521588478,0.0121329129647534,0.00610960450300509,0.013584360279138
2024-099-00:11:07.800000000,0.0325019346848415,89.9703178068154,0.044016,132.403695,0.00154049678388937,-0.0330957949619862,0.033131628008702,1.73502723899e-05,-0.0273903237991547,0.0273903292943785,0.0121264353872307,0.00609024249733195,0.0135698743132348
2024-099-00:11:07.900000000,0.0410627004832001,89.9813126268883,0.045115,114.469975,0.00154015890480333,-0.033165745556895,0.0332014874334983,1.79946840921557e-05,-0.0274533509523319,0.0274533568497653,0.012119377309536,0.0060745021969122,0.013556507046846
2024-099-00:11:08.000000000,0.0496053332152491,89.98879544856,0.050855,102.728031,0.00153981679364727,-0.0332058801254411,0.0332415629997021,1.86312926845913e-05,-0.0274866965510688,0.0274867028654876,0.0121122700137281,0.00607257782836911,0.0135492909913049
2024-099-00:11:08.100000000,0.0564984425116621,89.9935185519849,0.056869,96.544307,0.00154099583339379,-0.0332242712955701,0.0332599890451001,2.07601422778158e-05,-0.0274992100811204,0.0274992179174082,0.0121047900459246,0.00607407547810229,0.0135432763749987
2024-099-00:11:08.200000000,0.0620090899016704,89.996678196593,0.062098,93.066381,0.00154235768899502,-0.0332298017144825,0.0332655766404947,2.30862386254659e-05,-0.0274993410483397,0.0274993507390141,0.0120973627540843,0.00607417740767309,0.0135366841133193
2024-099-00:11:08.300000000,0.051861305992958,89.9953990032073,0.052065,95.069854,0.00154124758076753,-0.0332384344934642,0.0332741486995766,2.29655956246438e-05,-0.0275024686001189,0.0275024781886852,0.0120902662368523,0.00607818201907714,0.0135321407890623
2024-099-00:11:08.400000000,0.0147777061542395,89.9868641182768,0.019772,131.633848,0.00154030735194217,-0.0332856612560983,0.0333212813678311,2.30113681206651e-05,-0.0275426069707134,0.0275426165835103,0.0120833889109668,0.00607190844929204,0.0135231786126731
2024-099-00:11:08.500000000,0.0412777478587775,89.9761591557607,0.047668,120.009494,0.00153848222143129,-0.0333704222221839,0.0334058678503117,2.23526862874565e-05,-0.0276291523865362,0.0276291614284803,0.0120768842199657,0.00605666788092769,0.0135105276833408
2024-099-00:11:08.600000000,0.077117246375299,89.9680650982258,0.083468,112.494845,0.00153908922312462,-0.0334684442032024,0.0335038140070591,2.44524236845305e-05,-0.027750154301274,0.0277501650745638,0.0120701391384579,0.00603705774247913,0.0134957150610022
2024-099-00:11:08.700000000,0.104121029354034,89.9620512599348,0.110821,110.025137,0.00153899672468663,-0.0335695288853517,0.0336047880591897,2.52728839509381e-05,-0.0278938070867892,0.0278938185358992,0.0120637375699789,0.00601385699791087,0.0134796231456462
2024-099-00:11:08.800000000,0.125751659836517,89.9571183717082,0.132862,108.829474,0.00153746572881209,-0.0336772655114361,0.0337123421493529,2.47389307739308e-05,-0.0280584284761136,0.0280584393821873,0.0120576725576295,0.00599249361660827,0.0134646740492335
2024-099-00:11:08.900000000,0.131775308767467,89.9608605451586,0.137465,106.542265,0.00153863135128402,-0.0337794572767539,0.0338144809267745,2.71686284885132e-05,-0.0282026295683763,0.0282026426546419,0.0120508785712218,0.00596708079019666,0.0134472944302959
2024-099-00:11:09.000000000,0.112389658772095,89.9809542358951,0.113992,99.618065,0.0015386929771681,-0.033848973027839,0.0338839276223604,2.81922363603379e-05,-0.0282657586279318,0.028265772687381,0.012043954498429,0.0059560849941043,0.0134362118328502
2024-099-00:11:09.100000000,0.0856850874072182,90.0058123786183,0.085882,86.119335,0.00153734697490939,-0.0338124512737327,0.0338473824225717,2.78239411389676e-05,-0.028225629302034,0.0282256430160154,0.0120369356350616,0.00594638361966867,0.0134256209403841
2024-099-00:11:09.200000000,0.0681857512979233,90.0235957409669,0.072153,70.911784,0.00153487630149549,-0.0336994421919039,0.0337343778556292,2.63579328127644e-05,-0.028112293370037,0.0281123057265613,0.0120297787759455,0.00595403119589304,0.0134225953108874
2024-099-00:11:09.300000000,0.0571690694422223,90.036593999884,0.067878,57.376647,0.00153234314158673,-0.033528378194472,0.0335633761689005,2.48431383880402e-05,-0.0279433594054206,0.0279433704488566,0.0120226165333392,0.00596271684328095,0.0134200335491707
2024-099-00:11:09.400000000,0.0504416562539121,90.0467581894346,0.06878,47.170242,0.00152978081102602,-0.0333175150643751,0.0333526166798745,2.32794126651765e-05,-0.027736465982816,0.0277364757521024,0.0120150765790458,0.00598295770191827,0.0134222892258838
2024-099-00:11:09.500000000,0.0379427154211257,90.0479255757527,0.061127,38.368694,0.00152773217302714,-0.0330998087107227,0.0331350464354426,2.22171125057296e-05,-0.027522973254999,0.0275229822220536,0.0120074557489506,0.00600230303622415,0.0134241064991929
2024-099-00:11:09.600000000,0.0339868242912691,90.0337706329872,0.047912,45.182816,0.00152516017539265,-0.0329456130064516,0.0329808964391733,2.06414202578707e-05,-0.0273702997703108,0.0273703075537142,0.0120001673537268,0.00601778580117023,0.013424520939915
2024-099-00:11:09.700000000,0.0685818534320749,90.0141530987592,0.070027,78.339681,0.00152320972326067,-0.0328742830170545,0.0329095525911009,1.96959862752933e-05,-0.0272968124909531,0.0272968195967612,0.01199334651101,0.00601285296491725,0.0134162126291614
2024-099-00:11:09.800000000,0.0997063821673785,89.9986890530798,0.099715,90.753285,0.0015226046387072,-0.0328700870863153,0.032905333153575,2.00667136810809e-05,-0.0272875863701353,0.0272875937484526,0.0119864328441969,0.00601271204884732,0.0134099693702408
2024-099-00:11:09.900000000,0.123533544651229,89.9861187765135,0.124311,96.411311,0.00152027322611389,-0.032920251598994,0.0329553363815802,1.87290535325411e-05,-0.0273304282311448,0.0273304346484867,0.0119800736779401,0.00600603984650975,0.0134012939661339
2024-099-00:11:10.000000000,0.142200031915051,89.975237371255,0.14434,99.878375,0.00151839518023976,-0.0330036345794787,0.0330385444500683,1.75223769931691e-05,-0.0274179008080929,0.027417906407239,0.0119739518957686,0.00599199176623729,0.0133895290928709
2024-099-00:11:10.100000000,0.143726169381685,89.9629971666516,0.148413,104.437447,0.00151766770145875,-0.0331048204302774,0.0331395903863183,1.78945786404437e-05,-0.0275585942654269,0.0275586000751556,0.0119677043063681,0.0059732578440493,0.0133755656192984
2024-099-00:11:10.200000000,0.117418598340507,89.946708840738,0.128946,114.411184,0.00151516489048571,-0.0332851126588272,0.0333195805699318,1.6224782099996e-05,-0.0277414578919296,0.0277414626365168,0.0119625301027771,0.00592782841283942,0.0133507032081428
2024-099-00:11:10.300000000,0.0857548581369427,89.9307095216427,0.11025,128.938407,0.00151515113459417,-0.0336034880891804,0.0336376291483266,1.76990270562123e-05,-0.0279259452284574,0.0279259508371401,0.0119566308863441,0.00588831895269534,0.0133279151498256
2024-099-00:11:10.400000000,0.0688532778416394,89.9193846568708,0.106017,139.499455,0.00151417539874623,-0.0339536008938208,0.0339873467748667,1.93810212151221e-05,-0.0281068287380001,0.0281068354200763,0.0119508740876249,0.00585194004705255,0.013306712357775
2024-099-00:11:10.500000000,0.0639878933735115,89.911669631896,0.109072,144.079821,0.00151296375568872,-0.0343195814296067,0.0343529144153656,1.73062319435157e-05,-0.0282797109042036,0.028279716199619,0.0119456984130528,0.00581766003366261,0.013287019185765
2024-099-00:11:10.600000000,0.0672686238610229,89.9061403022185,0.115476,144.371057,0.00151222530974119,-0.0346798715186011,0.0347128263604982,1.7453310551948e-05,-0.0284424791313958,0.0284424844863795,0.0119400662327354,0.00578865665403205,0.0132692775801992
2024-099-00:11:10.700000000,0.0730216302853488,89.9064487347765,0.118676,142.026082,0.00151186589987494,-0.035051738748894,0.0350843288067468,1.73735539643502e-05,-0.0286079204289259,0.0286079257043941,0.0119346271691472,0.00576261017823906,0.0132530374530857
2024-099-00:11:10.800000000,0.0800233832223151,89.9160940918683,0.115948,136.356719,0.00151257761399199,-0.0354060056321152,0.0354383002676444,1.74024725888229e-05,-0.0287796130480221,0.02877961830949,0.0119289454418882,0.00573338294985438,0.0132352340139956
2024-099-00:11:10.900000000,0.0895869187417271,89.9290614485957,0.114272,128.373578,0.00151167205306282,-0.035727961391226,0.035759926979357,1.73729248178296e-05,-0.028965561358164,0.028965566568118,0.011923525364013,0.00569629328604789,0.0132143185335807
2024-099-00:11:11.000000000,0.0980967303239977,89.9391423004081,0.115441,121.814797,0.0015087633861735,-0.0359681734683152,0.035999803743941,1.68616560517745e-05,-0.0291459532806963,0.0291459581581388,0.0119180896794868,0.00565006139441009,0.0131895434101751
2024-099-00:11:11.100000000,0.103989060360453,89.9471265598248,0.116659,116.95112,0.00150951568901742,-0.0361398835310762,0.0361713950415953,1.83958590768485e-05,-0.0293217668486135,0.0293217726192002,0.0119120188543198,0.00560929361055324,0.0131666384470397
2024-099-00:11:11.200000000,0.107715518380133,89.9538894968039,0.11717,113.174612,0.00150910910693332,-0.0362624975388292,0.0362938856840959,1.98291073772697e-05,-0.0294924709145022,0.0294924775804993,0.0119060380825115,0.00558229216350214,0.0131497425305939
2024-099-00:11:11.300000000,0.105117948025289,89.966374838342,0.110365,107.738431,0.00150811980478095,-0.0363600383166924,0.0363913013196411,1.99138093401043e-05,-0.0296169439599653,0.0296169506547775,0.0119000158469443,0.00555858977199235,0.0131342414097969
2024-099-00:11:11.400000000,0.0940765073762238,89.9915414682014,0.094456,95.137713,0.00150635368884397,-0.0363858146616091,0.0364169824398571,1.9133190916228e-05,-0.0296371267785676,0.0296371329545873,0.0118936174513092,0.00555863536087906,0.0131284638535246
2024-099-00:11:11.500000000,0.0837798907474388,90.0189939727143,0.085906,77.226253,0.00150439976084042,-0.0362965427045093,0.0363277061062309,1.81369233256095e-05,-0.0295473254349559,0.029547331001415,0.0118865630292777,0.00556348348824578,0.0131241277490344
2024-099-00:11:11.600000000,0.0790980254720808,90.0387412583159,0.088076,63.904961,0.00150190369328866,-0.0361193959395502,0.0361506082624057,1.66282171790095e-05,-0.0293732720042039,0.0293732767108226,0.0118794070746065,0.00557937926404424,0.0131243965734146
2024-099-00:11:11.700000000,0.0772423762990596,90.0529822979238,0.093667,55.55291,0.0015007885448744,-0.0358967772144402,0.0359281363368541,1.64698551197918e-05,-0.0291482245898568,0.0291482292429036,0.0118716012028864,0.00561122017189917,0.0131309065543055
2024-099-00:11:11.800000000,0.0766728179680679,90.0637570461619,0.099718,50.25491,0.00149975452950041,-0.0356940645309432,0.0357255581676185,1.63214826254295e-05,-0.0289114938463076,0.0289114984533123,0.0118637153629309,0.00564769148007557,0.0131394125160435
2024-099-00:11:11.900000000,0.0764469517229242,90.072014701796,0.105025,46.710054,0.00149887966321097,-0.0354972166930618,0.0355288479013741,1.59593281263797e-05,-0.0287066974974333,0.0287067019336826,0.0118558529805115,0.00567996968992034,0.013146227807775
2024-099-00:11:12.000000000,0.0759754369452295,90.0785178142741,0.109258,44.057238,0.00149821536503353,-0.0353108914893792,0.0353426612899303,1.63118762303245e-05,-0.0285313938101497,0.0285313984730359,0.0118475690324795,0.00571064070756876,0.0131520458207197
2024-099-00:11:12.100000000,0.0755079753426851,90.0834615306193,0.112549,42.135795,0.00149641652430579,-0.0351257782732872,0.035157638739232,1.59147693385346e-05,-0.0283849307510945,0.0283849352126143,0.0118394543578526,0.00574021619035436,0.0131576122987296
2024-099-00:11:12.200000000,0.0750413555845932,90.0868994426098,0.114816,40.812028,0.00149613509393386,-0.0349389747029611,0.034970993316082,1.67444877664505e-05,-0.0282606401853184,0.0282606451458898,0.011831411923973,0.00576370685065213,0.0131606468220595
2024-099-00:11:12.300000000,0.0745888893751324,90.0893353596861,0.11638,39.85959,0.00149411717205511,-0.0347546817085641,0.0347867832198873,1.5773291410996e-05,-0.028147203610049,0.0281472080296125,0.0118231573015505,0.00578990104259074,0.0131647256963524
2024-099-00:11:12.400000000,0.0741316017344993,90.0909996229339,0.117373,39.16754,0.00149219825613648,-0.0345706439829197,0.0346028334248714,1.51625550044463e-05,-0.0280388592393125,0.0280388633390345,0.0118150187681983,0.00581627408782155,0.013169043729806
2024-099-00:11:12.500000000,0.071414722789446,90.0895150247861,0.114512,38.582749,0.0014907099419131,-0.0343859203509348,0.03441821806125,1.43799614784523e-05,-0.0279203347188035,0.0279203384218981,0.0118071467434475,0.00583912389001838,0.0131720948229311
2024-099-00:11:12.600000000,0.0645043264270352,90.0827629719566,0.104931,37.932384,0.00148918726317457,-0.0341938775076735,0.0342262901541283,1.31913649636519e-05,-0.0277649476717274,0.0277649508053926,0.0117996559551668,0.00586470046074166,0.0131767443685657
2024-099-00:11:12.700000000,0.0566080308205595,90.0743031677859,0.09341,37.302059,0.00148643187045736,-0.0340056875700916,0.0340381589810641,1.122500040648e-05,-0.027571815700244,0.0275718179851974,0.0117921902609107,0.0058945872099096,0.0131833952199253
2024-099-00:11:12.800000000,0.0509000245535359,90.0680011926213,0.084941,36.815479,0.00148515397572874,-0.0338156999919322,0.0338482975683561,1.09748298418053e-05,-0.0273535394453722,0.0273535416470413,0.0117844184995666,0.00593029704327089,0.0131924577844447
2024-099-00:11:12.900000000,0.0467506461370233,90.063187438434,0.078602,36.496731,0.00148325382484304,-0.0336217074505411,0.0336544091286518,1.00347182617141e-05,-0.0271203482686929,0.0271203501251508,0.0117768688579992,0.00596505958727164,0.0132013853810201
2024-099-00:11:13.000000000,0.0435575296302995,90.0593816556506,0.073644,36.260738,0.00148280903365964,-0.0334177344142856,0.0334506157792951,1.06628074356496e-05,-0.0268918514034132,0.026891853517352,0.0117687989462421,0.00600269863775327,0.0132112459508085
2024-099-00:11:13.100000000,0.0385623692381839,90.0493643487518,0.062641,37.996197,0.00148154796251468,-0.0332021279991927,0.0332351664361713,1.03302376493848e-05,-0.0266807486253796,0.0266807506252074,0.0117613235974973,0.00602449960204331,0.0132145120310993
2024-099-00:11:13.200000000,0.0377294816352096,90.0260344370692,0.04584,55.393203,0.00148043615204561,-0.033082877169316,0.0331159848562644,1.01483329733169e-05,-0.0265620286630525,0.0265620306016969,0.0117542414422656,0.00603391823063637,0.0132125077520159
2024-099-00:11:13.300000000,0.0525243968858136,89.9995896247708,0.052526,90.447645,0.00147960744111563,-0.0330755529801992,0.0331086309461109,1.02525518242338e-05,-0.0265505277939245,0.0265505297734485,0.0117476636294672,0.00602598432371916,0.0132030332810614
2024-099-00:11:13.400000000,0.0689056326366236,89.9798693322933,0.071786,106.285629,0.00147983779661544,-0.0331499022990894,0.0331829164231155,1.14442498539308e-05,-0.0266205588175278,0.0266205612774846,0.0117410551621431,0.00601492343553589,0.0131921067406175
2024-099-00:11:13.500000000,0.0826646381913313,89.9649610916185,0.089784,112.970526,0.00147797199340509,-0.0332461742821309,0.0332790099854415,1.07363410267021e-05,-0.0267471160148277,0.026747118169621,0.0117352737019735,0.00599244607413349,0.0131767241305124
2024-099-00:11:13.600000000,0.0945121927706101,89.9530124726741,0.105548,116.434629,0.00147786057842711,-0.0333702664597594,0.0334029752489896,1.22047269707624e-05,-0.0269158995696697,0.026915902336721,0.0117292332458125,0.00596216863925871,0.0131575973269299
2024-099-00:11:13.700000000,0.0994041118449909,89.9484191380671,0.11199,117.424803,0.00147641132375161,-0.0335298464911669,0.0335623359752881,1.13781170567503e-05,-0.0270940076970707,0.0270940100861883,0.0117238502821368,0.00592336862465026,0.0131352564231328
2024-099-00:11:13.800000000,0.0927114307514673,89.9555000384234,0.102838,115.640218,0.0014756935972884,-0.0336401756081042,0.0336725271777627,1.18143932459295e-05,-0.0272594030534179,0.0272594056136332,0.01171782430143,0.00590302771047279,0.0131207142530349
2024-099-00:11:13.900000000,0.0816580614515659,89.9673190613949,0.087955,111.812109,0.00147401409330637,-0.033734301140932,0.0337664891721711,1.12045668082928e-05,-0.0273757575670903,0.0273757598600371,0.0117119146142124,0.00588196925302027,0.0131059721586794
2024-099-00:11:14.000000000,0.0728753516515979,89.9766656087442,0.07652,107.754845,0.0014745850882222,-0.0338135162564539,0.0338456538244998,1.26956368180256e-05,-0.0274561845017975,0.0274561874370047,0.0117053936459141,0.00586558593820599,0.0130927972108441
2024-099-00:11:14.100000000,0.0658740229730613,89.9845306509903,0.067666,103.21544,0.00147658090758944,-0.0338689812403271,0.0339011530988886,1.55410641955916e-05,-0.027504889748089,0.0275048941386657,0.0116983048172102,0.0058564416250309,0.0130823638576428
2024-099-00:11:14.200000000,0.0596330402697797,89.9914913747689,0.060237,98.120325,0.00147644457283795,-0.0338930646840485,0.0339252077702371,1.63052404239341e-05,-0.0275233743483288,0.0275233791780572,0.0116915110813007,0.00586171289634509,0.0130786509030311
2024-099-00:11:14.300000000,0.0506886463331225,89.9972350712649,0.050764,93.122235,0.0014761565234506,-0.0338949930918317,0.0339271218168746,1.69086910162415e-05,-0.0275207496359942,0.0275207548303259,0.0116846784165586,0.00586120155855284,0.0130723140035869
2024-099-00:11:14.400000000,0.0352511584686356,90.0008330352374,0.035261,88.646271,0.00147631433576074,-0.0338816323768058,0.0339137806287501,1.79501416064972e-05,-0.0275034685754475,0.0275034744330277,0.0116777959225075,0.00585362733115218,0.013062766572964
2024-099-00:11:14.500000000,0.0190941743731926,90.0029908918966,0.019327,81.097587,0.00147679739409108,-0.0338605048688156,0.0338926942055995,1.92987886287821e-05,-0.0274788333379926,0.0274788401149033,0.0116707469239615,0.00584524270519086,0.0130527083797097
2024-099-00:11:14.600000000,0.00811917980287409,90.0040247687433,0.009062,63.631868,0.00147547269196186,-0.0338340817011821,0.033866238412717,1.88928842720859e-05,-0.0274489996140541,0.0274490061159493,0.0116642277004805,0.00584051952387662,0.0130447643197353
2024-099-00:11:14.700000000,0.0029581849724685,90.004242490505,0.005172,34.887122,0.00147344438037363,-0.0338051814513238,0.0338372772441723,1.78048914280323e-05,-0.027416725631552,0.0274167314129522,0.0116579992368934,0.00583041034281472,0.0130346703438564
2024-099-00:11:14.800000000,0.00630492529983725,90.0038778242642,0.007402,58.406538,0.0014731527383206,-0.0337784814422016,0.0338105898725767,1.8425153130392e-05,-0.0273865579901832,0.027386564188228,0.0116513736320754,0.00582532878186143,0.0130264716224696
2024-099-00:11:14.900000000,0.015182641910369,90.00879685145,0.017547,59.911917,0.00147249066292669,-0.0337316590349882,0.0337637831115695,1.86650035338493e-05,-0.0273371991761161,0.0273372055480621,0.0116447251938501,0.00581411636467838,0.013015512819029
2024-099-00:11:15.000000000,0.0345890520362088,90.0248719352562,0.042603,54.281241,0.00146935055329369,-0.0336183730890472,0.0336504680532506,1.64689493811167e-05,-0.0272241814323272,0.0272241864136757,0.011638221648274,0.0058215172666026,0.0130130037431681
2024-099-00:11:15.100000000,0.0566083959824096,90.0441215380707,0.071772,52.06656,0.00146891827627629,-0.0334240904993961,0.0334563528588249,1.69450825261654e-05,-0.0270335822747084,0.0270335875854325,0.0116308684962017,0.00583944618778282,0.0130144624843268
